file_name,yolo_model_confidence,yolo_class_id,yolo_xy_coords
0-250-ls-r1-1-23nv_21660_22800,,,
0-330-ls-14-d01_22800_23940,0.3096282184123993,0.0,"[295.02587890625, 546.5438232421875, 306.5207214355469, 556.4406127929688]"
0-340-ls-14-d01_0_1140,,,
0-340-ls-14-d01_19380_20520,0.9312180876731873,7.0,"[488.7888488769531, 321.58831787109375, 866.4388427734375, 436.0461120605469]"
0-340-ls-14-d01_6840_7980,,,
0-340-ls-14-d01_9120_10260,,,
0-341-ls-14-d01_25080_26220,,,
0-341-ls-14-d01_4560_5700,,,
0-360-ls-r1-1-31he_18240_19380,0.30450594425201416,0.0,"[719.8162231445312, 684.6859741210938, 727.8163452148438, 691.67578125]"
0-590-ls-14-d01_11400_12540,,,
0-590-ls-14-d01_26220_27360,0.26603880524635315,0.0,"[643.6889038085938, 591.7838745117188, 649.7110595703125, 597.3709716796875]"
0-590-ls-14-d01_4560_5700,,,
0-600-ls-14-g02_10260_11400,0.2798937261104584,0.0,"[964.9722290039062, 536.8717041015625, 971.4705200195312, 542.1602172851562]"
0-620-ls-14-g02_11400_12540,,,
0-620-ls-14-g02_13680_14820,,,
0-620-ls-14-g02_15960_17100,,,
0-620-ls-14-g02_25080_26220,,,
0-620-ls-14-g02_30780_31920,,,
0-630-ls-14-g02_4560_5700,,,
0-630-ls-14-g02_5700_6840,,,
0-630-ls-14-g02_9120_10260,0.9379449486732483,6.0,"[235.13246154785156, 358.8240966796875, 487.0648193359375, 454.4681396484375]"
0-660-ls-14-d01_17100_18240,,,
0-660-ls-14-d01_18240_19380,0.97263103723526,6.0,"[278.41485595703125, 221.94268798828125, 531.41748046875, 309.265625]"
0-660-ls-14-d01_29640_30780,,,
0-660-ls-14-d01_9120_10260,0.9147794246673584,6.0,"[533.9971923828125, 254.85687255859375, 785.3733520507812, 350.7389221191406]"
0-670-ls-14-g02_19380_20520,,,
0-670-ls-14-g02_3420_4560,0.9416529536247253,7.0,"[249.6731414794922, 259.0628967285156, 629.357177734375, 376.65960693359375]"
0-760-ls-r3-31he_0_1140,,,
0-760-ls-r3-31he_1140_2280,,,
0-760-ls-r3-31he_23940_25080,0.26068115234375,0.0,"[586.0452270507812, 610.0243530273438, 594.0150756835938, 617.5599365234375]"
0-760-ls-r3-31he_29640_30780,,,
01-356_10260_11400,,,
01-356_23940_25080,,,
01-356_6840_7980,,,
01-357_1140_2280,,,
01-357_30780_31920,,,
01-358_17100_18240,,,
01-358_18240_19380,,,
01-359_27360_28500,,,
01-360_14820_15960,,,
01-360_17100_18240,,,
01-360_29640_30780,,,
01-361_0_1140,,,
01-361_19380_20520,,,
01-361_25080_26220,,,
01-361_6840_7980,,,
1-130-ls-14-d-01_10260_11400,0.3067525327205658,0.0,"[99.86124420166016, 564.7890014648438, 108.60568237304688, 571.6025390625]"
1-130-ls-14-d-01_27360_28500,0.298422634601593,0.0,"[197.0882110595703, 595.8162231445312, 206.41311645507812, 604.0927124023438]"
1-130-ls-14-d-01_5700_6840,0.2731722593307495,0.0,"[556.9476928710938, 517.2697143554688, 562.7484741210938, 522.834716796875]"
1-140-ls-14-d-01_0_1140,,,
1-140-ls-14-d-01_13680_14820,,,
1-140-ls-14-d-01_23940_25080,,,
1-150-ls-14-d-01_14820_15960,,,
1-150-ls-14-d-01_15960_17100,,,
1-150-ls-14-d-01_4560_5700,,,
1-150-ls-14-d-01_5700_6840,,,
1-150-ls-14-d-01_6840_7980,,,
1-150-ls-14-d-01_9120_10260,0.29755255579948425,0.0,"[1052.6849365234375, 521.1201782226562, 1058.3197021484375, 526.6104125976562]"
1-190-ls-14-d-01_26220_27360,0.9024959802627563,6.0,"[294.3750305175781, 430.0077209472656, 539.361328125, 512.3336791992188]"
1-190-ls-14-d-01_6840_7980,,,
1-270-ls-14-d-01_17100_18240,,,
1-300-ls-14-g03_2280_3420,,,
1-300-ls-14-g03_28500_29640,,,
1-300-ls-14-g03_3420_4560,0.9433257579803467,7.0,"[293.6816101074219, 380.53741455078125, 670.1510009765625, 495.8575744628906]"
1-310-ls-14-g03_11400_12540,,,
10-040-ls-34-b-01_12540_13680,,,
10-040-ls-34-b-01_14820_15960,,,
10-040-ls-34-b-01_25080_26220,,,
10-040-ls-34-b-01_29640_30780,,,
10-040-ls-34-b-01_4560_5700,,,
10-050-ls-34-b-01_18240_19380,0.9726784825325012,6.0,"[717.5897216796875, 248.85671997070312, 973.7361450195312, 341.69732666015625]"
10-050-ls-34-b-01_19380_20520,,,
10-050-ls-34-b-01_25080_26220,,,
10-056-ls-34-b-01_11400_12540,0.3283882439136505,7.0,"[307.3299865722656, 121.64421844482422, 694.0385131835938, 229.93585205078125]"
10-056-ls-34-b-01_22800_23940,,,
10-056-ls-34-b-01_26220_27360,0.9717406034469604,6.0,"[320.3861083984375, 297.938232421875, 570.5108642578125, 384.0429382324219]"
10-056-ls-34-b-01_27360_28500,,,
10-056-ls-34-b-01_28500_29640,,,
10-057-ls-34-b-01_18240_19380,0.2596145272254944,0.0,"[972.2195434570312, 533.0189819335938, 980.52490234375, 539.6490478515625]"
10-057-ls-34-b-01_19380_20520,0.9446707367897034,7.0,"[419.0725402832031, 210.22384643554688, 798.1282958984375, 314.12042236328125]"
10-057-ls-34-b-01_21660_22800,,,
10-060-ls-34-b-01_0_1140,,,
10-060-ls-34-b-01_2280_3420,0.895418107509613,6.0,"[65.71350860595703, 288.2724609375, 320.7885437011719, 380.8916320800781]"
10-060-ls-34-b-01_30780_31920,,,
10-060-ls-34-b-01_9120_10260,0.8237167000770569,6.0,"[754.4839477539062, 264.5256042480469, 1003.5021362304688, 360.5965881347656]"
10-070-ls-34-b-01_27360_28500,,,
10-070-ls-34-b-01_9120_10260,0.2668076753616333,0.0,"[828.7589111328125, 575.1101684570312, 836.1171875, 580.8617553710938]"
10-080-ls-34-b-01_22800_23940,,,
10-080-ls-34-b-01_23940_25080,,,
10-080-ls-34-b-01_26220_27360,0.8926552534103394,6.0,"[290.84967041015625, 364.1100158691406, 538.573486328125, 446.81689453125]"
10-080-ls-34-b-01_27360_28500,0.956013560295105,7.0,"[63.44015121459961, 343.29443359375, 437.7982482910156, 443.4189147949219]"
10-080-ls-34-b-01_3420_4560,0.9508733153343201,7.0,"[107.53150939941406, 213.2097625732422, 489.6572570800781, 331.55560302734375]"
10-080-ls-34-b-01_6840_7980,,,
10-090-ls-34-b-01_11400_12540,,,
10-090-ls-34-b-01_23940_25080,,,
10-090-ls-34-b-01_4560_5700,,,
10-100-ls-34-b-01_15960_17100,,,
10-100-ls-34-b-01_7980_9120,,,
10-110-ls-34-b-01_27360_28500,,,
10-110-ls-34-b-01_29640_30780,,,
10-110-ls-34-b-01_7980_9120,,,
10-120-ls-34-b-01_11400_12540,,,
10-120-ls-34-b-01_12540_13680,,,
10-120-ls-34-b-01_18240_19380,0.9415859580039978,6.0,"[526.8119506835938, 338.745361328125, 777.1134643554688, 421.22174072265625]"
10-120-ls-34-b-01_9120_10260,0.6970816254615784,6.0,"[811.09033203125, 335.31402587890625, 1059.993896484375, 423.0491027832031]"
10-130-ls-34-b-01_10260_11400,0.32499757409095764,0.0,"[1019.5333862304688, 605.1083984375, 1025.9874267578125, 610.8698120117188]"
10-130-ls-34-b-01_9120_10260,0.9532908797264099,6.0,"[203.5145263671875, 284.8563537597656, 457.8216247558594, 378.6158142089844]"
10-140-ls-34-b-01_11400_12540,,,
10-140-ls-34-b-01_23940_25080,,,
10-140-ls-34-b-01_7980_9120,,,
10-150-ls-34-b-01_12540_13680,,,
10-150-ls-34-b-01_17100_18240,,,
10-150-ls-34-b-01_30780_31920,,,
10-160-ls-34-b-01_23940_25080,,,
10-160-ls-34-b-01_6840_7980,0.3557785451412201,0.0,"[409.25811767578125, 636.7483520507812, 422.46875, 647.7200927734375]"
10-170-ls-34-b-01_10260_11400,0.36416488885879517,6.0,"[0.0, 323.233642578125, 244.56224060058594, 423.2571716308594]"
10-170-ls-34-b-01_12540_13680,,,
10-170-ls-34-b-01_22800_23940,,,
10-170-ls-34-b-01_2280_3420,0.9680830240249634,6.0,"[346.7038269042969, 340.8865661621094, 595.998779296875, 428.4592590332031]"
10-170-ls-34-b-01_27360_28500,0.9470782279968262,6.0,"[77.78855895996094, 311.8145751953125, 333.2856140136719, 401.23883056640625]"
10-170-ls-r1-1-18aa_29640_30780,,,
10-180-ls-34-b-01_11400_12540,,,
10-180-ls-34-b-01_1140_2280,,,
10-180-ls-34-b-01_15960_17100,,,
10-180-ls-34-b-01_26220_27360,0.9717612862586975,6.0,"[779.6232299804688, 366.4095458984375, 1025.10400390625, 451.2864685058594]"
10-190-ls-34-b-01_19380_20520,,,
10-190-ls-34-b-01_20520_21660,0.9567118287086487,7.0,"[176.51846313476562, 285.1214904785156, 559.3244018554688, 396.49078369140625]"
10-190-ls-34-b-01_21660_22800,,,
10-200-ls-34-b-01_25080_26220,,,
10-200-ls-34-b-01_27360_28500,0.9523592591285706,7.0,"[249.36944580078125, 302.26220703125, 627.9287719726562, 412.3959045410156]"
10-200-ls-34-b-01_4560_5700,,,
10-200-ls-34-b-01_6840_7980,,,
10-210-ls-34-b-01_23940_25080,,,
10-210-ls-34-b-01_26220_27360,0.9695611596107483,6.0,"[307.6776123046875, 364.7711486816406, 557.9274291992188, 448.27349853515625]"
10-210-ls-34-b-01_9120_10260,0.9393944144248962,6.0,"[151.7836456298828, 290.7520751953125, 406.27203369140625, 379.590576171875]"
10-220-ls-34-b-01_20520_21660,,,
10-220-ls-34-b-01_7980_9120,,,
10-230-ls-34-b-01_13680_14820,,,
10-230-ls-34-b-01_19380_20520,,,
10-240-ls-34-b-01_10260_11400,0.9500763416290283,7.0,"[193.68850708007812, 304.9815673828125, 572.4950561523438, 406.5931701660156]"
10-240-ls-34-b-01_11400_12540,,,
10-240-ls-34-b-01_17100_18240,,,
10-240-ls-34-b-01_21660_22800,,,
10-240-ls-34-b-01_26220_27360,0.9460285305976868,6.0,"[469.3991394042969, 281.9757080078125, 718.688720703125, 366.92022705078125]"
10-240-ls-34-b-01_6840_7980,,,
10-250-ls-34-b-01_20520_21660,,,
10-260-ls-34-b-01_0_1140,,,
10-260-ls-34-b-01_18240_19380,0.965192437171936,7.0,"[625.3309326171875, 305.1787109375, 994.3739624023438, 415.6579284667969]"
10-260-ls-34-b-01_28500_29640,,,
10-260-ls-r2-1-18aa_12540_13680,,,
10-260-ls-r2-1-18aa_5700_6840,,,
10-270-ls-34-g-01_13680_14820,0.2798251211643219,0.0,"[837.3378295898438, 609.5220336914062, 844.5469970703125, 614.931396484375]"
10-270-ls-34-g-01_14820_15960,,,
10-270-ls-34-g-01_20520_21660,,,
10-270-ls-34-g-01_3420_4560,0.9432648420333862,7.0,"[102.54157257080078, 275.3718566894531, 485.8340148925781, 398.1660461425781]"
10-280-ls-34-g-01_17100_18240,,,
10-280-ls-34-g-01_18240_19380,0.9183483719825745,6.0,"[729.9871215820312, 293.0825500488281, 979.9038696289062, 375.6012878417969]"
10-280-ls-34-g-01_25080_26220,,,
10-280-ls-34-g-01_5700_6840,,,
10-290-ls-34-g-01_1140_2280,0.970949649810791,6.0,"[783.4736938476562, 294.2301330566406, 1034.31640625, 382.1578674316406]"
10-290-ls-34-g-01_14820_15960,,,
10-290-ls-34-g-01_21660_22800,,,
10-290-ls-34-g-01_23940_25080,,,
10-300-ls-34-g-01_13680_14820,,,
10-310-ls-34-g-01_27360_28500,0.9609551429748535,7.0,"[558.0772094726562, 351.9794006347656, 923.2667846679688, 451.91632080078125]"
10-310-ls-34-g-01_4560_5700,,,
10-310-ls-34-g-01_9120_10260,0.9113397598266602,6.0,"[726.6774291992188, 289.86029052734375, 975.21435546875, 375.14776611328125]"
10-320-ls-34-v-01_20520_21660,,,
10-320-ls-34-v-01_23940_25080,,,
10-320-ls-34-v-01_6840_7980,,,
10-320-ls-r1-1-v-01_11400_12540,,,
10-320-ls-r1-1-v-01_1140_2280,0.943389892578125,6.0,"[766.5753784179688, 257.4698486328125, 1017.2899780273438, 350.69866943359375]"
10-320-ls-r1-1-v-01_25080_26220,,,
10-330-ls-34-g-01_0_1140,,,
10-330-ls-34-g-01_25080_26220,,,
10-330-ls-34-g-01_28500_29640,,,
10-330-ls-34-g-01_29640_30780,,,
10-330-ls-34-g-01_7980_9120,,,
10-340-ls-34-g-01_12540_13680,,,
10-340-ls-34-g-01_15960_17100,,,
10-340-ls-34-g-01_21660_22800,,,
10-340-ls-34-g-01_22800_23940,,,
10-340-ls-34-g-01_9120_10260,,,
10-350-ls-34-g-01_11400_12540,,,
10-350-ls-34-g-01_27360_28500,0.918635368347168,7.0,"[146.17474365234375, 175.49864196777344, 513.188232421875, 275.2110900878906]"
10-360-ls-34-g-01_21660_22800,,,
10-360-ls-34-g-01_2280_3420,0.9467567801475525,6.0,"[310.12738037109375, 258.2024841308594, 563.4522094726562, 350.69610595703125]"
10-360-ls-34-g-01_7980_9120,,,
10-380-ls-34-g-01_18240_19380,,,
10-390-ls-34-g-01_18240_19380,0.9454696774482727,6.0,"[427.8971252441406, 235.32424926757812, 676.6868896484375, 316.720703125]"
10-390-ls-34-g-01_21660_22800,0.2754979431629181,0.0,"[500.78948974609375, 504.87103271484375, 507.81304931640625, 510.6104431152344]"
10-390-ls-34-g-01_22800_23940,,,
10-390-ls-34-g-01_29640_30780,,,
10-390-ls-34-g-01_6840_7980,,,
10-396-zh-1-11ra0xkh_18240_19380,0.9424102902412415,6.0,"[293.13922119140625, 324.70745849609375, 545.8187866210938, 411.3704833984375]"
10-397-ls-1-71s0-76xf_10260_11400,,,
10-397-ls-1-71s0-76xf_14820_15960,,,
10-397-ls-1-71s0-76xf_17100_18240,,,
10-397-ls-1-71s0-76xf_28500_29640,0.9477435350418091,7.0,"[10.278959274291992, 215.9175262451172, 382.0173034667969, 327.0222473144531]"
10-397-ls-1-71s0-76xf_29640_30780,,,
10-398-ls-1-11ra-0xkh_0_1140,0.2953813970088959,0.0,"[461.99676513671875, 652.08642578125, 472.8941650390625, 660.5023803710938]"
10-398-ls-1-11ra-0xkh_22800_23940,,,
10-398-ls-1-11ra-0xkh_29640_30780,,,
10-399-ls-1-76xf-71s0_17100_18240,,,
10-399-ls-1-76xf-71s0_18240_19380,0.9597430229187012,6.0,"[473.1997985839844, 334.10675048828125, 725.0096435546875, 426.93365478515625]"
10-399-ls-1-76xf-71s0_19380_20520,,,
10-399-ls-1-76xf-71s0_6840_7980,,,
10-400-ls-34-g-01_18240_19380,0.9419878125190735,6.0,"[584.5006713867188, 344.68792724609375, 834.6817626953125, 425.758056640625]"
10-410-ls-34-g-01_11400_12540,,,
10-410-ls-34-g-01_25080_26220,,,
10-410-ls-34-g-01_4560_5700,,,
1000-b1-14-d01_6840_7980,,,
1000-b1-14-d01_7980_9120,,,
1020-b1-14-d01_21660_22800,0.26636630296707153,0.0,"[466.6260681152344, 620.86572265625, 474.3992919921875, 627.5565185546875]"
1020-b1-14-d01_4560_5700,,,
1030-b1-14-d01_11400_12540,,,
1030-b1-14-d01_17100_18240,,,
1030-b1-14-d01_19380_20520,0.9430176615715027,7.0,"[377.7327575683594, 332.39788818359375, 750.1514282226562, 440.2926940917969]"
1030-b1-14-d01_22800_23940,,,
1030-b1-14-d01_25080_26220,,,
1030-b1-14-d01_28500_29640,,,
1030-b1-14-d01_7980_9120,0.25506290793418884,0.0,"[829.7636108398438, 661.5728759765625, 835.9929809570312, 667.1047973632812]"
1040-b1-14-d01_10260_11400,0.6536043286323547,7.0,"[596.8123779296875, 326.56915283203125, 973.6273803710938, 427.2967834472656]"
1040-b1-14-d01_12540_13680,,,
1040-b1-14-d01_2280_3420,0.942386269569397,6.0,"[85.8289566040039, 340.1647033691406, 341.9160461425781, 429.4135437011719]"
1050-b1-14-h01_2280_3420,0.8853578567504883,6.0,"[160.50750732421875, 325.88043212890625, 416.5098571777344, 417.8359069824219]"
1050-b1-14-h01_23940_25080,,,
1050-b1-14-h01_5700_6840,,,
1060-b1-14-h01_1140_2280,0.46376657485961914,0.0,"[344.0977478027344, 592.8948364257812, 350.3857421875, 599.1041259765625]"
1060-b1-14-h01_12540_13680,,,
1060-b1-14-h01_13680_14820,,,
1060-b1-14-h01_15960_17100,,,
1060-b1-14-h01_17100_18240,,,
1060-b1-14-h01_2280_3420,0.9169397950172424,6.0,"[298.216064453125, 319.3198547363281, 550.079833984375, 405.3627624511719]"
1060-b1-14-h01_29640_30780,,,
1060-b1-14-h01_9120_10260,,,
1070-b1-14-h01_11400_12540,,,
1070-b1-14-h01_12540_13680,,,
1070-b1-14-h01_17100_18240,,,
1070-b1-14-h01_30780_31920,,,
1070-b1-14-h01_3420_4560,0.37010911107063293,0.0,"[112.78263092041016, 617.9763793945312, 119.55299377441406, 624.3372192382812]"
1080-b1-14-h01_1140_2280,0.4670245945453644,0.0,"[887.2255249023438, 650.075439453125, 895.553955078125, 658.5580444335938]"
1080-b1-14-h01_13680_14820,,,
1080-b1-14-h01_7980_9120,,,
1090-b1-14-h01_14820_15960,,,
1090-b1-14-h01_18240_19380,0.855968177318573,6.0,"[302.1491394042969, 332.56512451171875, 553.7824096679688, 413.4860534667969]"
1090-b1-14-h01_23940_25080,,,
1090-b1-14-h01_4560_5700,,,
11-050-ls-34-g01_21660_22800,,,
11-050-ls-34-g01_23940_25080,,,
11-060-ls-34-g01_1140_2280,0.9703807830810547,6.0,"[842.4319458007812, 269.26739501953125, 1089.334716796875, 355.3155212402344]"
11-060-ls-34-g01_25080_26220,,,
11-060-ls-34-g01_26220_27360,0.9360928535461426,6.0,"[670.0216674804688, 307.892333984375, 918.8341674804688, 392.1506652832031]"
11-070-ls-34-g01_23940_25080,,,
11-070-ls-34-g01_27360_28500,0.4896044135093689,0.0,"[86.13432312011719, 607.2086791992188, 93.01396179199219, 613.6649780273438]"
11-070-ls-34-g01_28500_29640,,,
11-079-ls-1-11ra0hkh_26220_27360,0.9718986749649048,6.0,"[520.1630249023438, 302.28558349609375, 772.1332397460938, 396.7820739746094]"
11-079-ls-1-11ra0hkh_27360_28500,,,
11-079-ls-1-11ra0hkh_4560_5700,,,
11-080-ls-34-g01_23940_25080,,,
11-080-ls-34-g01_5700_6840,,,
11-090-ls-34-g01_12540_13680,,,
11-090-ls-34-g01_2280_3420,0.9612441062927246,6.0,"[329.5679626464844, 383.2426452636719, 578.9725952148438, 463.94427490234375]"
11-090-ls-34-g01_26220_27360,,,
11-090-ls-r1-34-1s4r_25080_26220,,,
11-090-ls-r1-34-1s4r_26220_27360,0.2559361159801483,0.0,"[428.3712158203125, 617.1702880859375, 434.6324462890625, 622.65673828125]"
11-090-ls-r1-34-1s4r_4560_5700,,,
11-090-ls-r1-34-1s4r_9120_10260,0.9372264742851257,6.0,"[649.093017578125, 392.1688232421875, 893.4716796875, 473.2492980957031]"
11-110-ls-34-g01_0_1140,,,
11-110-ls-34-g01_30780_31920,,,
11-120-ls-34-g01_19380_20520,0.8975477814674377,7.0,"[189.31826782226562, 302.3559265136719, 567.1131591796875, 417.1298828125]"
11-130-ls-34-g01_6840_7980,0.26141366362571716,0.0,"[976.532470703125, 484.5019226074219, 982.6731567382812, 490.82611083984375]"
11-130-ls-r1-1-1sr4_10260_11400,0.9117046594619751,7.0,"[636.1910400390625, 327.187744140625, 1009.5493774414062, 429.17510986328125]"
11-130-ls-r1-1-1sr4_2280_3420,0.949207067489624,6.0,"[133.0727081298828, 351.0428466796875, 386.9172668457031, 434.82879638671875]"
11-130-ls-r1-1-1sr4_28500_29640,,,
11-140-ls-34-g01_10260_11400,0.9489095211029053,6.0,"[29.63364028930664, 264.11309814453125, 285.73956298828125, 359.3783874511719]"
11-140-ls-34-g01_13680_14820,,,
11-140-ls-34-g01_22800_23940,,,
11-140-ls-34-g01_2280_3420,0.9689294099807739,6.0,"[325.478515625, 297.1650695800781, 575.6680297851562, 381.7542724609375]"
11-150-ls-34-g01_11400_12540,,,
11-150-ls-34-g01_17100_18240,,,
11-160-ls-34-g01_5700_6840,,,
11-170-ls-34-g01_28500_29640,,,
11-180-ls-34-g01_0_1140,,,
11-180-ls-34-g01_10260_11400,,,
11-180-ls-34-g01_20520_21660,,,
11-180-ls-34-g01_21660_22800,,,
11-180-ls-34-g01_25080_26220,,,
11-180-ls-34-g01_9120_10260,0.9424154758453369,6.0,"[147.67312622070312, 252.4481964111328, 402.7813720703125, 346.5967102050781]"
11-190-ls-34-g01_18240_19380,0.9487034678459167,6.0,"[713.525634765625, 283.9967346191406, 963.3462524414062, 366.00494384765625]"
11-190-ls-34-g01_19380_20520,0.9559120535850525,7.0,"[503.0794372558594, 267.22119140625, 875.8810424804688, 381.56121826171875]"
11-190-ls-34-g01_21660_22800,0.31790634989738464,0.0,"[528.08154296875, 559.7073974609375, 535.6270141601562, 566.3223876953125]"
11-190-ls-34-g01_22800_23940,,,
11-200-ls-34-g01_12540_13680,,,
11-200-ls-34-g01_19380_20520,0.9195557832717896,7.0,"[248.0218963623047, 319.4586181640625, 623.42333984375, 431.9237976074219]"
11-200-ls-34-g01_2280_3420,0.3184243440628052,0.0,"[309.663818359375, 591.8955688476562, 318.4403381347656, 599.1001586914062]"
11-200-ls-34-g01_23940_25080,0.3260328471660614,0.0,"[679.6786499023438, 566.0430908203125, 686.1411743164062, 571.9332275390625]"
11-200-ls-34-g01_4560_5700,,,
11-210-ls-r3-1-34-g01_21660_22800,0.5051590204238892,0.0,"[932.1030883789062, 591.5633544921875, 940.347900390625, 599.318603515625]"
11-210-ls-r3-1-34-g01_3420_4560,,,
11-310-ls-34-g01_18240_19380,,,
11-310-ls-34-g01_22800_23940,,,
11-310-ls-34-g01_7980_9120,,,
11-310-ls-34-g01_9120_10260,,,
11-320-ls-34-g01_17100_18240,,,
11-320-ls-34-g01_25080_26220,,,
11-320-ls-34-g01_27360_28500,0.9644621014595032,7.0,"[137.27316284179688, 176.6348114013672, 504.38592529296875, 277.4609069824219]"
11-320-ls-34-g01_4560_5700,,,
11-320-ls-34-g01_9120_10260,0.8516854047775269,6.0,"[821.653076171875, 175.8067626953125, 1075.8603515625, 263.6561279296875]"
11-330-ls-34-g01_19380_20520,0.8735759258270264,6.0,"[128.5100555419922, 238.7415771484375, 377.6606140136719, 320.0467834472656]"
11-330-ls-34-g01_7980_9120,,,
11-336-ls-34-b01_19380_20520,,,
11-337-ls-34-b01_10260_11400,,,
11-337-ls-34-b01_11400_12540,0.9606462717056274,7.0,"[78.60054016113281, 191.27903747558594, 459.9992370605469, 299.81268310546875]"
11-337-ls-34-b01_17100_18240,,,
11-337-ls-34-b01_28500_29640,0.9516420960426331,7.0,"[240.25103759765625, 164.2555389404297, 615.1382446289062, 273.4989318847656]"
11-337-ls-34-b01_30780_31920,,,
11-338-ls-34-b01_30780_31920,,,
11-338-ls-34-b01_4560_5700,,,
11-338-ls-34-b01_7980_9120,,,
11-338-ls-34-b01_9120_10260,0.9435431361198425,6.0,"[693.28076171875, 227.526123046875, 946.1314086914062, 321.9891052246094]"
11-339-ls1-11ra0hkh_18240_19380,,,
11-339-ls1-11ra0hkh_20520_21660,0.9420774579048157,7.0,"[653.4178466796875, 357.0864562988281, 1024.090576171875, 463.9156494140625]"
11-339-ls1-11ra0hkh_23940_25080,,,
11-340-ls-34-g01_11400_12540,,,
11-340-ls-34-g01_20520_21660,,,
11-340-ls-34-g01_21660_22800,,,
11-340-ls-34-g01_5700_6840,,,
11-350-ls-34-g01_2280_3420,,,
11-350-ls-34-g01_27360_28500,0.9401634931564331,7.0,"[57.11983871459961, 287.4571838378906, 432.130615234375, 388.184814453125]"
11-350-ls-34-g01_9120_10260,0.9475882053375244,6.0,"[293.365966796875, 329.14154052734375, 546.6681518554688, 423.17340087890625]"
11-360-ls-34-g01_30780_31920,,,
11-360-ls-34-g01_9120_10260,0.9261597990989685,6.0,"[264.59625244140625, 308.07391357421875, 517.7476806640625, 403.7942199707031]"
11-370-ls-34-g01_28500_29640,,,
11-370-ls-34-g01_4560_5700,,,
11-370-ls-34-g01_5700_6840,,,
11-380-ls-34-g01_18240_19380,0.9183448553085327,6.0,"[331.10638427734375, 284.9678039550781, 585.0982666015625, 368.4226989746094]"
11-380-ls-34-g01_19380_20520,0.9588260650634766,7.0,"[119.96161651611328, 255.57887268066406, 500.31646728515625, 368.17950439453125]"
11-380-ls-34-g01_22800_23940,,,
11-390-ls-34-g01_10260_11400,0.9657300114631653,7.0,"[157.92861938476562, 269.3517150878906, 540.2206420898438, 378.6019592285156]"
11-390-ls-34-g01_15960_17100,,,
11-390-ls-34-g01_7980_9120,0.3540565073490143,0.0,"[425.947265625, 508.5955505371094, 435.7965393066406, 517.8059692382812]"
11-400-ls-34-g01_13680_14820,,,
11-400-ls-34-g01_23940_25080,,,
11-400-ls-34-g01_4560_5700,,,
11-410-ls-34-g01_0_1140,,,
11-410-ls-34-g01_15960_17100,,,
11-410-ls-34-g01_21660_22800,,,
11-410-ls-34-g01_2280_3420,,,
11-411-p1-zh-1-0xkh_3420_4560,,,
11-411-zh-1-11ra0hkh_1140_2280,,,
11-411-zh-1-11ra0hkh_12540_13680,0.9609265327453613,7.0,"[89.13766479492188, 270.0853576660156, 469.30816650390625, 380.51824951171875]"
11-411-zh-1-11ra0hkh_19380_20520,0.47673195600509644,6.0,"[181.73599243164062, 337.3490905761719, 435.4125671386719, 430.75567626953125]"
1100-b1-14-d01_12540_13680,,,
1100-b1-14-d01_18240_19380,0.9349749088287354,7.0,"[606.5965576171875, 324.41156005859375, 977.0540771484375, 436.2185974121094]"
1100-b1-14-d01_21660_22800,,,
1100-b1-14-d01_22800_23940,,,
1100-b1-14-d01_23940_25080,,,
1100-b1-14-d01_30780_31920,,,
1110-b1-14-d01_13680_14820,,,
1110-b1-14-d01_14820_15960,,,
1120-b1-14-d01_27360_28500,0.925345242023468,7.0,"[430.9789733886719, 315.2771911621094, 800.2849731445312, 414.59954833984375]"
1120-b1-14-d01_29640_30780,,,
1120-b1-14-d01_3420_4560,0.9247950911521912,7.0,"[455.0119934082031, 280.01361083984375, 831.0892944335938, 396.62054443359375]"
1120-b1-14-d01_9120_10260,0.4457661807537079,6.0,"[593.0722045898438, 280.77783203125, 841.1114501953125, 365.14544677734375]"
1130-b1-14-d01_12540_13680,,,
1130-b1-14-d01_28500_29640,,,
1130-b1-14-d01_3420_4560,,,
1140-b1-14-d01_3420_4560,0.9537203907966614,7.0,"[738.3394165039062, 330.58795166015625, 1110.341796875, 444.4188232421875]"
1140-b1-14-d01_6840_7980,,,
1150-b1-14-d01_21660_22800,0.2666533291339874,0.0,"[779.6635131835938, 648.7981567382812, 786.8247680664062, 655.0645141601562]"
1150-b1-14-d01_28500_29640,,,
1150-r2b1-1-31he_0_1140,,,
1150-r2b1-1-31he_29640_30780,,,
1160-b1-14-h01_0_1140,,,
1160-b1-14-h01_1140_2280,0.9189096689224243,6.0,"[567.8924560546875, 308.0379638671875, 820.272705078125, 399.67889404296875]"
1160-b1-14-h01_27360_28500,0.9464515447616577,7.0,"[158.90716552734375, 326.009765625, 533.8444213867188, 429.0498352050781]"
1170-b1-14-h01_0_1140,,,
1170-b1-14-h01_15960_17100,,,
1170-b1-14-h01_21660_22800,0.3070742189884186,0.0,"[811.0643920898438, 618.4429321289062, 819.9574584960938, 626.3165893554688]"
1170-b1-14-h01_5700_6840,,,
1180-b1-14-h01_21660_22800,,,
1180-b1-14-h01_22800_23940,,,
1180-b1-14-h01_25080_26220,,,
12-030-ls-1-11ra-0xkh_0_1140,,,
12-030-ls-1-11ra-0xkh_14820_15960,,,
12-030-ls-1-11ra-0xkh_21660_22800,,,
12-030-ls-1-11ra-0xkh_22800_23940,,,
12-040-ls-34-g01_10260_11400,,,
12-040-ls-34-g01_11400_12540,,,
12-040-ls-34-g01_14820_15960,,,
12-040-ls-34-g01_18240_19380,0.9524653553962708,7.0,"[560.052490234375, 302.4147644042969, 932.8171997070312, 406.288818359375]"
12-040-ls-34-g01_4560_5700,,,
12-050-ls-34-g01_11400_12540,,,
12-050-ls-34-g01_21660_22800,,,
12-050-ls-34-g01_29640_30780,,,
12-060-ls-34-g01_10260_11400,0.9331880211830139,6.0,"[48.84872817993164, 325.6781311035156, 305.2769775390625, 422.1864929199219]"
12-060-ls-34-g01_20520_21660,,,
12-060-ls-34-g01_23940_25080,,,
12-060-ls-34-g01_26220_27360,,,
12-080-ls-34-g01_10260_11400,0.9655440449714661,7.0,"[680.5901489257812, 404.59234619140625, 1050.386474609375, 507.6221618652344]"
12-080-ls-34-g01_1140_2280,,,
12-080-ls-34-g01_21660_22800,,,
12-080-ls-34-g01_2280_3420,0.9361394643783569,6.0,"[224.03109741210938, 343.2724914550781, 475.93365478515625, 424.6668701171875]"
12-090-ls-34-g01_17100_18240,,,
12-090-ls-34-g01_22800_23940,,,
12-090-ls-34-g01_28500_29640,,,
12-090-ls-34-g01_4560_5700,,,
12-100-ls-34-g01_10260_11400,0.9677111506462097,7.0,"[245.86228942871094, 289.68695068359375, 624.275634765625, 392.5993957519531]"
12-100-ls-34-g01_20520_21660,,,
12-100-ls-34-g01_3420_4560,0.9482997059822083,7.0,"[286.8990783691406, 288.6549987792969, 666.30517578125, 409.3934631347656]"
12-110-ls-34-g01_29640_30780,,,
12-120-ls-34-g01_18240_19380,0.9460870027542114,7.0,"[758.6217651367188, 278.859375, 1131.2254638671875, 389.306396484375]"
12-130-ls-34-g01_10260_11400,0.9517876505851746,7.0,"[133.78244018554688, 162.07899475097656, 516.4841918945312, 265.8210144042969]"
12-130-ls-34-g01_1140_2280,0.9437530040740967,6.0,"[575.177001953125, 245.5653533935547, 822.7697143554688, 330.6343994140625]"
12-130-ls-34-g01_13680_14820,0.30701327323913574,0.0,"[842.8743286132812, 472.91552734375, 849.5294189453125, 479.1193542480469]"
12-130-ls-34-g01_15960_17100,,,
12-130-ls-34-g01_25080_26220,,,
12-130-ls-34-g01_29640_30780,,,
12-130-ls-34-g01_4560_5700,,,
12-130-ls-34-g01_5700_6840,,,
12-130-ls-34-g01_7980_9120,,,
12-130-ls-34-g01_9120_10260,0.8830310106277466,6.0,"[302.10235595703125, 169.8069305419922, 556.151611328125, 262.6957092285156]"
12-140-ls-34-g01_30780_31920,,,
12-140-ls-34-g01_3420_4560,0.8816970586776733,7.0,"[713.2883911132812, 371.0268249511719, 1082.637939453125, 484.0053405761719]"
12-200-ls-34-g01_13680_14820,,,
12-200-ls-34-g01_28500_29640,,,
12-210-ls-34-g01_6840_7980,,,
12-220-ls-34-g01_0_1140,,,
12-220-ls-34-g01_22800_23940,,,
12-220-ls-34-g01_28500_29640,,,
12-220-ls-34-g01_6840_7980,,,
12-230-ls-34-g01_12540_13680,,,
12-230-ls-34-g01_17100_18240,,,
12-230-ls-34-g01_28500_29640,,,
12-230-ls-34-g01_29640_30780,,,
12-240-ls-34-g01_12540_13680,,,
12-240-ls-34-g01_13680_14820,,,
12-240-ls-34-g01_23940_25080,,,
12-240-ls-34-g01_25080_26220,,,
12-250-ls-34-g01_10260_11400,0.8919329643249512,6.0,"[128.28628540039062, 271.6465759277344, 375.3937683105469, 359.0473937988281]"
12-251-ls-1-11ra-0xkh_18240_19380,,,
12-251-ls-1-11ra-0xkh_19380_20520,0.9178358912467957,6.0,"[61.421688079833984, 203.3198699951172, 309.9775695800781, 295.53387451171875]"
12-251-ls-1-11ra-0xkh_22800_23940,,,
12-251-ls-1-11ra-0xkh_7980_9120,,,
12-252-ls-34-v01_14820_15960,,,
12-252-ls-34-v01_15960_17100,,,
12-252-ls-34-v01_2280_3420,0.34248796105384827,0.0,"[801.642333984375, 493.5514831542969, 811.5294189453125, 501.43292236328125]"
12-254-ls-1-11ra-0xkh_14820_15960,,,
12-254-ls-1-11ra-0xkh_20520_21660,,,
12-290-ls-34-g01_27360_28500,0.9691460132598877,7.0,"[392.7049255371094, 303.28961181640625, 761.7935791015625, 409.44708251953125]"
12-290-ls-34-g01_4560_5700,,,
12-300-ls-34-g01_12540_13680,,,
12-300-ls-34-g01_23940_25080,0.31436464190483093,0.0,"[1102.900390625, 589.9052734375, 1112.567138671875, 597.8079833984375]"
12-310-ls-34-g01_18240_19380,0.9429313540458679,6.0,"[481.8680114746094, 307.2777099609375, 731.9662475585938, 389.57244873046875]"
12-310-ls-34-g01_19380_20520,0.9621298313140869,7.0,"[265.7270202636719, 283.8595275878906, 642.6135864257812, 398.5469970703125]"
12-310-ls-34-g01_21660_22800,,,
12-310-ls-34-g01_29640_30780,,,
12-320-ls-34-g01_0_1140,,,
12-320-ls-34-g01_10260_11400,0.96412193775177,7.0,"[617.46142578125, 362.3497009277344, 991.17724609375, 467.5052490234375]"
12-320-ls-34-g01_4560_5700,,,
12-330-ls-34-g01_0_1140,,,
12-330-ls-34-g01_1140_2280,0.9433908462524414,6.0,"[563.4432373046875, 323.06591796875, 812.6735229492188, 409.5343017578125]"
12-330-ls-34-g01_13680_14820,0.3055844008922577,0.0,"[432.4999694824219, 648.912841796875, 439.57781982421875, 655.3941040039062]"
12-340-ls-34-g01_1140_2280,0.9574844241142273,6.0,"[724.689453125, 327.3677978515625, 971.24609375, 412.747802734375]"
12-340-ls-34-g01_17100_18240,,,
12-340-ls-34-g01_25080_26220,,,
12-350-ls-34-g01_19380_20520,0.9494181871414185,7.0,"[211.41012573242188, 291.6754455566406, 586.634765625, 405.45916748046875]"
12-350-ls-34-g01_23940_25080,,,
12-360-ls-34-g01_0_1140,,,
12-360-ls-34-g01_11400_12540,,,
12-360-ls-34-g01_12540_13680,,,
12-360-ls-34-g01_20520_21660,,,
12-360-ls-34-g01_9120_10260,0.9658101797103882,6.0,"[398.9649353027344, 332.6518249511719, 649.2484130859375, 421.1490783691406]"
12-370-ls-34-g01_30780_31920,,,
12-380-ls-34-g01_10260_11400,0.8797525763511658,6.0,"[71.949951171875, 344.94952392578125, 327.3748474121094, 434.3296203613281]"
12-380-ls-34-g01_2280_3420,0.924420952796936,6.0,"[362.8659973144531, 341.0745849609375, 613.1211547851562, 427.1372375488281]"
12-380-ls-34-g01_23940_25080,0.3229581117630005,0.0,"[58.201148986816406, 610.0404052734375, 68.59780883789062, 620.1165771484375]"
12-380-ls-34-g01_27360_28500,0.2955647110939026,0.0,"[217.74623107910156, 592.0455932617188, 224.23350524902344, 597.919921875]"
12-390-ls-34-g01_10260_11400,0.9017369151115417,6.0,"[96.37748718261719, 308.6954345703125, 351.82769775390625, 401.5382995605469]"
12-390-ls-34-g01_11400_12540,,,
12-390-ls-34-g01_15960_17100,,,
12-390-ls-34-g01_17100_18240,,,
12-400-ls-34-g01_30780_31920,,,
12-410-ls-34-g01_26220_27360,0.9468939304351807,6.0,"[833.2778930664062, 343.1906433105469, 1088.301025390625, 427.6455078125]"
12-410-ls-34-g01_3420_4560,0.941076397895813,7.0,"[691.9721069335938, 238.37908935546875, 1074.0936279296875, 347.32257080078125]"
120-b1-14-d01_11400_12540,0.3614090085029602,0.0,"[1016.3012084960938, 663.1043701171875, 1026.885498046875, 672.3192749023438]"
120-b1-14-d01_1140_2280,0.2568308711051941,0.0,"[503.96722412109375, 576.0911254882812, 509.8951416015625, 581.811279296875]"
120-b1-14-d01_22800_23940,,,
120-b1-14-d01_2280_3420,0.48788008093833923,6.0,"[277.50091552734375, 945.9911499023438, 527.22509765625, 1027.33154296875]"
1200-b1-14-d01_13680_14820,,,
1210-b1-14-d01_1140_2280,0.920418918132782,6.0,"[603.4432373046875, 315.0664978027344, 854.2156982421875, 403.70257568359375]"
1210-b1-14-d01_17100_18240,,,
1210-b1-14-d01_9120_10260,0.5735978484153748,6.0,"[350.40301513671875, 302.30865478515625, 601.978271484375, 388.92364501953125]"
1220-b1-14-d01_6840_7980,,,
1220-b1-14-d01_9120_10260,0.30595001578330994,0.0,"[422.9404602050781, 661.1805419921875, 431.20404052734375, 669.2757568359375]"
1230-b1-14-d01_11400_12540,0.26175689697265625,0.0,"[303.90447998046875, 595.377685546875, 311.3506164550781, 602.3519897460938]"
1230-b1-14-d01_17100_18240,,,
1240-b1-14-d01_25080_26220,,,
1240-b1-14-d01_29640_30780,,,
1240-b1-14-d01_30780_31920,0.3038061261177063,0.0,"[727.7727661132812, 652.40234375, 735.0152587890625, 659.3179931640625]"
1240-b1-14-d01_9120_10260,0.3835814297199249,0.0,"[484.6983642578125, 636.7279663085938, 492.38824462890625, 644.5028076171875]"
1250-b1-14-d01_12540_13680,,,
1260-b1-14-h01_23940_25080,,,
1270-b1-14-h01_11400_12540,,,
1280-b1-14-h01_15960_17100,,,
1280-b1-14-h01_22800_23940,,,
1280-b1-14-h01_7980_9120,,,
1290-b1-14-h01_13680_14820,,,
1290-b1-14-h01_17100_18240,,,
1290-b1-14-h01_18240_19380,0.8922216296195984,6.0,"[244.68702697753906, 336.811279296875, 497.65948486328125, 418.09344482421875]"
1290-b1-14-h01_9120_10260,0.2915934920310974,0.0,"[55.642879486083984, 596.0645141601562, 65.61121368408203, 604.4450073242188]"
13-009-zh-1-11ra-0xkh_6840_7980,,,
13-009-zh-1-11ra-0xkh_9120_10260,0.9159209728240967,6.0,"[830.219970703125, 262.9352111816406, 1078.2464599609375, 349.7828674316406]"
13-010-r2-ls-1-71so_14820_15960,,,
13-010-r2-ls-1-71so_19380_20520,,,
13-010-r2-ls-1-71so_29640_30780,,,
13-020-ls-34-g01_0_1140,,,
13-020-ls-34-g01_20520_21660,,,
13-020-ls-34-g01_22800_23940,,,
13-020-ls-34-g01_2280_3420,0.42731696367263794,0.0,"[432.6269226074219, 603.986572265625, 441.2806396484375, 612.2970581054688]"
13-020-ls-34-g01_29640_30780,,,
13-030-ls-34-g01_14820_15960,,,
13-030-ls-34-g01_4560_5700,,,
13-030-ls-34-g01_7980_9120,,,
13-030-ls-r1-1-g01_12540_13680,,,
13-030-ls-r1-1-g01_6840_7980,0.3781827688217163,0.0,"[819.0792846679688, 507.5072937011719, 826.924560546875, 515.109619140625]"
13-030-ls-r1-1-g01_7980_9120,,,
13-040-ls-34-g01_11400_12540,,,
13-040-ls-34-g01_18240_19380,0.970526397228241,6.0,"[597.258056640625, 276.69219970703125, 847.4909057617188, 361.8740539550781]"
13-040-ls-34-g01_20520_21660,,,
13-040-ls-34-g01_26220_27360,,,
13-040-ls-34-g01_28500_29640,,,
13-040-ls-34-g01_3420_4560,0.7737909555435181,7.0,"[795.5693359375, 377.1353454589844, 1140.0, 490.15423583984375]"
13-050-ls-34-g01_0_1140,,,
13-050-ls-34-g01_11400_12540,,,
13-050-ls-34-g01_26220_27360,0.8883211016654968,6.0,"[214.0371551513672, 323.8063659667969, 465.3692932128906, 412.233154296875]"
13-050-ls-34-g01_3420_4560,0.7811322212219238,7.0,"[70.86753845214844, 407.1564636230469, 453.1178283691406, 532.179443359375]"
13-060-ls-34-g01_0_1140,,,
13-070-ls-34-g01_13680_14820,,,
13-070-ls-34-g01_9120_10260,0.5590896010398865,6.0,"[913.9057006835938, 366.04302978515625, 1140.0, 451.39434814453125]"
13-080-ls-34-g01_21660_22800,,,
13-080-ls-34-g01_4560_5700,,,
13-080-ls-34-g01_7980_9120,,,
13-090-ls-34-g01_20520_21660,0.3593401610851288,0.0,"[975.7470703125, 624.6557006835938, 982.0474853515625, 630.760498046875]"
13-090-ls-34-g01_2280_3420,,,
13-100-ls-34-g01_7980_9120,,,
13-100-ls-34-g01_9120_10260,,,
13-110-ls-34-g01_15960_17100,,,
13-110-ls-34-g01_28500_29640,,,
13-110-ls-34-g01_3420_4560,0.9532086849212646,7.0,"[166.7918243408203, 301.94622802734375, 545.6517944335938, 419.482666015625]"
13-110-ls-34-g01_5700_6840,,,
13-120-ls-34-g01_0_1140,,,
13-120-ls-34-g01_23940_25080,0.472841739654541,0.0,"[586.3040771484375, 475.2395935058594, 596.0123291015625, 485.10595703125]"
13-120-ls-34-g01_6840_7980,,,
13-120-ls-34-g01_9120_10260,0.9284678101539612,6.0,"[682.9837036132812, 204.95965576171875, 931.6298217773438, 291.38031005859375]"
13-130-ls-34-g01_10260_11400,0.9519588351249695,7.0,"[34.173397064208984, 285.9897155761719, 416.76983642578125, 395.7927551269531]"
13-140-ls-34-g01_14820_15960,,,
13-140-ls-34-g01_21660_22800,,,
13-140-ls-34-g01_25080_26220,,,
13-140-ls-34-g01_28500_29640,,,
13-150-ls-34-g01_0_1140,,,
13-150-ls-34-g01_10260_11400,0.9771026372909546,7.0,"[336.64703369140625, 283.570556640625, 716.5040893554688, 398.0991516113281]"
13-150-ls-34-g01_19380_20520,0.9515503644943237,7.0,"[53.39441680908203, 232.38839721679688, 436.5992431640625, 355.39105224609375]"
13-150-ls-34-g01_26220_27360,0.9325534105300903,6.0,"[532.3271484375, 286.61956787109375, 780.4205322265625, 371.5172119140625]"
13-160-ls-34-g01_0_1140,,,
13-160-ls-34-g01_19380_20520,,,
13-160-ls-34-g01_21660_22800,,,
13-160-ls-34-g01_5700_6840,,,
13-170-ls-34-g01_1140_2280,0.9745279550552368,6.0,"[663.9149780273438, 334.22991943359375, 911.5761108398438, 419.9457092285156]"
13-170-ls-34-g01_21660_22800,,,
13-180-ls-34-g01_10260_11400,0.9660769104957581,7.0,"[326.8307189941406, 334.2672119140625, 703.9967651367188, 440.1760559082031]"
13-180-ls-34-g01_15960_17100,,,
13-180-ls-34-g01_6840_7980,,,
13-190-ls-34-g01_0_1140,,,
13-190-ls-34-g01_12540_13680,,,
13-190-ls-34-g01_15960_17100,,,
13-190-ls-34-g01_28500_29640,,,
13-200-ls-34-g01_30780_31920,,,
13-210-ls-34-g01_10260_11400,,,
13-210-ls-34-g01_5700_6840,,,
13-210-ls-34-g01_6840_7980,,,
13-220-ls-34-g01_15960_17100,,,
13-220-ls-34-g01_4560_5700,,,
13-230-ls-34-g01_14820_15960,,,
13-230-ls-34-g01_19380_20520,,,
13-240-ls-34-g01_11400_12540,,,
13-240-ls-34-g01_1140_2280,,,
13-240-ls-34-g01_15960_17100,,,
13-240-ls-34-g01_29640_30780,,,
13-250-ls-34-g01_10260_11400,0.7347531914710999,6.0,"[0.37003323435783386, 247.55398559570312, 257.52099609375, 343.2741394042969]"
13-250-ls-34-g01_14820_15960,,,
13-250-ls-34-g01_20520_21660,,,
13-260-ls-34-g01_25080_26220,,,
13-260-ls-34-g01_4560_5700,,,
13-260-ls-34-g01_6840_7980,,,
13-270-ls-34-g01_0_1140,,,
13-270-ls-34-g01_19380_20520,0.9748898148536682,7.0,"[62.9354248046875, 285.65191650390625, 444.01788330078125, 403.12353515625]"
13-270-ls-34-g01_2280_3420,,,
13-270-ls-34-g01_6840_7980,,,
13-280-ls-34-g01_0_1140,,,
13-280-ls-34-g01_23940_25080,,,
13-280-ls-34-g01_4560_5700,,,
13-280-ls-34-g01_5700_6840,,,
13-280-ls-34-g01_7980_9120,,,
13-290-ls-34-g01_22800_23940,,,
13-290-ls-34-g01_3420_4560,0.46745431423187256,0.0,"[937.6592407226562, 636.0629272460938, 946.7213745117188, 644.875732421875]"
13-290-ls-34-g01_5700_6840,0.29845890402793884,0.0,"[605.3308715820312, 623.839599609375, 614.6669311523438, 632.7950439453125]"
13-300-ls-34-g01_11400_12540,,,
13-300-ls-34-g01_20520_21660,,,
13-300-ls-34-g01_29640_30780,,,
13-300-ls-34-g01_9120_10260,0.25872498750686646,0.0,"[77.76896667480469, 669.3507690429688, 87.94841766357422, 676.7424926757812]"
13-310-ls-34-g01_14820_15960,,,
13-310-ls-34-g01_15960_17100,,,
13-310-ls-34-g01_6840_7980,,,
13-310-ls-34-g01_7980_9120,,,
13-320-ls-34-g01_26220_27360,0.8881798386573792,6.0,"[672.7029418945312, 131.46722412109375, 921.5862426757812, 216.68954467773438]"
13-330-ls-34-g01_15960_17100,,,
13-330-ls-34-g01_21660_22800,,,
13-330-ls-34-g01_22800_23940,,,
13-330-ls-34-g01_3420_4560,0.9600977301597595,7.0,"[615.8152465820312, 183.63229370117188, 996.916748046875, 303.5207214355469]"
13-330-ls-34-g01_9120_10260,,,
13-340-ls-34-g01_10260_11400,0.9353867173194885,6.0,"[271.5837707519531, 247.46397399902344, 520.3839111328125, 334.8132629394531]"
13-340-ls-34-g01_23940_25080,0.3876796364784241,0.0,"[703.9966430664062, 634.5032348632812, 713.1551513671875, 642.4346923828125]"
13-340-ls-34-g01_26220_27360,0.8728991746902466,6.0,"[821.3020629882812, 291.59857177734375, 1076.5623779296875, 378.85498046875]"
13-350-ls-34-g01_1140_2280,0.8892000317573547,6.0,"[508.7384948730469, 210.90135192871094, 758.9273681640625, 295.10992431640625]"
13-350-ls-34-g01_3420_4560,0.9331936836242676,7.0,"[109.55465698242188, 218.01194763183594, 484.07891845703125, 336.07550048828125]"
13-350-ls-34-g01_4560_5700,,,
13-350-ls-34-g01_5700_6840,,,
13-350-ls-34-g01_7980_9120,,,
13-360-ls-34-g01_13680_14820,,,
13-360-ls-34-g01_29640_30780,,,
13-360-ls-34-g01_7980_9120,,,
13-370-ls-34-g01_1140_2280,0.376271516084671,6.0,"[539.9895629882812, 193.62930297851562, 790.7609252929688, 277.8996887207031]"
13-370-ls-r1-1-34-g01_10260_11400,0.3635108172893524,6.0,"[380.6173400878906, 271.15936279296875, 630.3101806640625, 359.3407897949219]"
13-380-ls-34-g01_2280_3420,,,
13-380-ls-34-g01_3420_4560,0.9034854769706726,7.0,"[49.27019119262695, 234.67018127441406, 421.5174255371094, 344.4389343261719]"
13-390-ls-34-g01_12540_13680,,,
13-390-ls-34-g01_22800_23940,,,
13-390-ls-34-g01_30780_31920,,,
13-400-ls-34-g01_4560_5700,,,
13-410-ls-34-g01_1140_2280,0.9537038207054138,6.0,"[571.303466796875, 227.3331756591797, 822.3895874023438, 313.360107421875]"
13-410-ls-34-g01_28500_29640,,,
130-b1-14-h01_17100_18240,,,
130-b1-14-h01_5700_6840,0.32435429096221924,0.0,"[611.7149047851562, 620.550537109375, 618.3250122070312, 627.6515502929688]"
130-b1-14-h01_9120_10260,,,
1300-b1-14-h01_11400_12540,,,
1300-b1-14-h01_25080_26220,0.338118314743042,0.0,"[384.884765625, 608.4862060546875, 392.1264953613281, 614.6136474609375]"
1300-b1-14-h01_6840_7980,,,
1310-b1-14-d01_18240_19380,0.9020346403121948,6.0,"[712.5631713867188, 346.64324951171875, 961.7349853515625, 430.51171875]"
1310-b1-14-d01_22800_23940,0.3116145730018616,0.0,"[1007.84228515625, 681.7543334960938, 1014.466064453125, 687.3816528320312]"
1320-b1-14-d01_23940_25080,,,
1320-b1-14-d01_7980_9120,,,
1330-b1-14-d01_20520_21660,,,
1350-b1-14-d01_18240_19380,0.9047446846961975,6.0,"[288.05328369140625, 353.5058898925781, 540.5961303710938, 435.162353515625]"
1350-b1-14-d01_27360_28500,0.9351783990859985,7.0,"[472.8199462890625, 344.97271728515625, 841.842041015625, 443.86004638671875]"
1360-b1-14-d01_14820_15960,,,
1370-b1-14-h01_25080_26220,0.35903868079185486,0.0,"[505.4507141113281, 609.8466186523438, 513.36181640625, 617.2755737304688]"
1370-b1-14-h01_30780_31920,,,
1380-b1-14-h01_17100_18240,,,
1380-b1-14-h01_19380_20520,0.25030776858329773,0.0,"[178.27334594726562, 608.74609375, 187.50950622558594, 615.2635498046875]"
1380-b1-14-h01_4560_5700,,,
1380-r1b1-1-14fn_14820_15960,,,
1380-r1b1-1-14fn_15960_17100,,,
1380-r1b1-1-14fn_17100_18240,,,
1380-r1b1-1-14fn_29640_30780,,,
1390-b1-14-h01_18240_19380,0.8620371222496033,6.0,"[61.184120178222656, 293.302001953125, 319.55950927734375, 377.9332580566406]"
1390-b1-14-h01_3420_4560,0.25231024622917175,0.0,"[773.392578125, 537.7438354492188, 780.144287109375, 544.435302734375]"
14-220-ls-1-11ra-0xkh_14820_15960,,,
14-220-ls-1-11ra-0xkh_7980_9120,,,
14-229-zh-1-11ra-0xkh_15960_17100,,,
14-230-ls-34-g01_11400_12540,,,
14-230-ls-34-g01_12540_13680,,,
14-230-ls-34-g01_13680_14820,,,
14-230-ls-34-g01_14820_15960,0.314717561006546,0.0,"[900.9107055664062, 607.5236206054688, 912.7356567382812, 616.7721557617188]"
14-230-ls-34-g01_15960_17100,,,
14-240-ls-34-g01_18240_19380,0.9454773664474487,6.0,"[578.2667846679688, 296.6324768066406, 827.6172485351562, 377.881591796875]"
14-240-ls-34-g01_3420_4560,,,
14-242-ls-34-g01_23940_25080,,,
14-242-ls-34-g01_28500_29640,,,
14-242-ls-34-g01_9120_10260,0.6006428599357605,6.0,"[526.1422729492188, 390.9875183105469, 773.095703125, 471.3921203613281]"
14-243-ls-34-g01_7980_9120,,,
14-244-ls-34-g01_27360_28500,0.9435220956802368,7.0,"[688.7562255859375, 304.371337890625, 1056.0750732421875, 405.7553405761719]"
14-245-ls-34-g01_4560_5700,,,
14-246-ls-34-g01_0_1140,,,
14-246-ls-34-g01_18240_19380,0.9100362062454224,6.0,"[346.810791015625, 263.6662902832031, 601.5459594726562, 348.0335693359375]"
14-246-ls-34-g01_19380_20520,0.9510772824287415,7.0,"[126.548828125, 240.10560607910156, 508.1878662109375, 362.453125]"
14-247-ls-34-g01_13680_14820,,,
14-247-ls-34-g01_30780_31920,,,
14-248-ls-34-g01_11400_12540,0.3405929505825043,0.0,"[629.2715454101562, 625.4111328125, 640.976318359375, 634.8116455078125]"
14-248-ls-34-g01_18240_19380,0.9298108816146851,6.0,"[597.5282592773438, 277.23968505859375, 847.1967163085938, 358.1388244628906]"
14-248-ls-34-g01_30780_31920,,,
14-249-ls-34-g01_17100_18240,,,
14-249-ls-34-g01_2280_3420,0.9053356051445007,6.0,"[126.80690002441406, 292.02349853515625, 380.6039733886719, 377.4716796875]"
14-249-ls-34-g01_27360_28500,0.3219453990459442,0.0,"[761.4635620117188, 552.1681518554688, 768.4735717773438, 558.2532958984375]"
14-249-ls-34-g01_9120_10260,0.3847309648990631,0.0,"[169.77749633789062, 653.7140502929688, 180.14076232910156, 662.4448852539062]"
14-250-ls-34-g01_11400_12540,0.2857738435268402,0.0,"[226.26210021972656, 643.0189208984375, 234.300048828125, 650.5155029296875]"
14-250-ls-34-g01_18240_19380,0.7132765650749207,6.0,"[62.24836730957031, 297.29718017578125, 317.0429382324219, 379.5732116699219]"
14-250-ls-34-g01_26220_27360,0.9184656143188477,6.0,"[383.717529296875, 284.9444885253906, 632.5492553710938, 368.0625305175781]"
14-250-ls-34-g01_29640_30780,,,
14-251-ls-34-g01_19380_20520,0.9372876286506653,7.0,"[248.3948211669922, 186.73341369628906, 626.8216552734375, 312.3254089355469]"
14-251-ls-r1-1-14-14fn_6840_7980,,,
14-251-ls-r1-1-14-14fn_7980_9120,0.26315173506736755,0.0,"[114.65118408203125, 562.4148559570312, 121.83805847167969, 568.3705444335938]"
14-252-ls-34-g01_11400_12540,,,
14-252-ls-34-g01_25080_26220,,,
14-252-ls-34-g01_4560_5700,0.3840266466140747,0.0,"[511.4631652832031, 594.6715698242188, 519.1371459960938, 602.09326171875]"
14-253-ls-34-g01_13680_14820,,,
14-253-ls-34-g01_20520_21660,0.25235775113105774,0.0,"[325.9451904296875, 639.331298828125, 333.3548889160156, 645.6310424804688]"
14-253-ls-34-g01_23940_25080,,,
14-253-ls-34-g01_26220_27360,0.9169789552688599,6.0,"[327.3331604003906, 330.1048583984375, 576.7781372070312, 414.87017822265625]"
14-254-ls-34-g01_27360_28500,0.8774195909500122,6.0,"[191.31394958496094, 238.93899536132812, 442.5914306640625, 322.318359375]"
14-254-ls-34-g01_5700_6840,,,
14-255-ls-34-g01_11400_12540,,,
14-255-ls-34-g01_4560_5700,,,
14-256-ls-34-g01_10260_11400,,,
14-256-ls-34-g01_13680_14820,,,
14-257-ls-34-g01_23940_25080,,,
14-258-ls-34-g01_1140_2280,,,
14-258-ls-34-g01_12540_13680,,,
14-258-ls-34-g01_18240_19380,0.9355879426002502,6.0,"[401.5915222167969, 233.92555236816406, 653.6603393554688, 318.11865234375]"
14-258-ls-34-g01_20520_21660,,,
14-258-ls-34-g01_23940_25080,,,
14-258-ls-34-g01_25080_26220,,,
14-258-ls-34-g01_5700_6840,,,
14-258-ls-34-g01_6840_7980,,,
14-259-ls-34-g01_17100_18240,,,
14-259-ls-34-g01_29640_30780,,,
14-259-ls-34-g01_4560_5700,,,
14-260-ls-34-g01_10260_11400,,,
14-260-ls-34-g01_11400_12540,,,
14-260-ls-34-g01_21660_22800,,,
14-260-ls-34-g01_22800_23940,,,
14-260-ls-34-g01_23940_25080,,,
14-261-ls-34-g01_25080_26220,,,
14-262-ls-34-g01_18240_19380,0.9396011829376221,6.0,"[671.317138671875, 283.84307861328125, 921.50439453125, 367.0435791015625]"
14-262-ls-34-g01_23940_25080,,,
14-263-ls-34-g01_18240_19380,0.3673761487007141,0.0,"[603.6854248046875, 578.8713989257812, 609.8736572265625, 584.531982421875]"
14-263-ls-34-g01_4560_5700,,,
14-264-ls-34-g01_2280_3420,,,
14-264-ls-34-g01_26220_27360,0.9350728988647461,6.0,"[721.4087524414062, 267.6733093261719, 969.87890625, 352.8294677734375]"
14-264-ls-34-g01_5700_6840,,,
14-265-ls-34-g01_15960_17100,0.4481377601623535,0.0,"[258.1102294921875, 592.9042358398438, 266.4439697265625, 599.5338745117188]"
14-266-ls-34-g01_14820_15960,,,
14-266-ls-34-g01_23940_25080,,,
14-267-ls-34-g01_10260_11400,0.9457527995109558,6.0,"[54.54416275024414, 252.4586639404297, 310.86273193359375, 344.8420715332031]"
14-267-ls-34-g01_1140_2280,,,
14-267-ls-34-g01_15960_17100,,,
14-267-ls-34-g01_2280_3420,0.9504658579826355,6.0,"[332.1737976074219, 281.7858581542969, 583.2730102539062, 367.7860107421875]"
14-267-ls-34-g01_28500_29640,,,
14-267-ls-34-g01_30780_31920,,,
14-267-ls-34-g01_3420_4560,,,
14-267-ls-34-g01_6840_7980,,,
14-268-ls-34-g01_11400_12540,,,
14-268-ls-r1-1-14-1sr4_12540_13680,,,
14-268-ls-r1-1-14-1sr4_13680_14820,,,
14-268-ls-r1-1-14-1sr4_22800_23940,,,
14-268-ls-r1-1-14-1sr4_25080_26220,,,
14-268-ls-r1-1-14-1sr4_29640_30780,,,
14-268-ls-r1-1-14-1sr4_6840_7980,,,
14-269-ls-34-g01_11400_12540,,,
14-269-ls-34-g01_1140_2280,0.9154031276702881,6.0,"[500.6004333496094, 322.161865234375, 749.5703735351562, 406.8310241699219]"
14-269-ls-34-g01_5700_6840,,,
14-270-ls-34-g01_0_1140,,,
14-270-ls-34-g01_1140_2280,,,
14-270-ls-34-g01_17100_18240,,,
14-270-ls-34-g01_27360_28500,0.7940314412117004,6.0,"[179.40252685546875, 277.6540832519531, 433.16290283203125, 364.1053771972656]"
14-270-ls-34-g01_29640_30780,,,
14-270-ls-34-g01_3420_4560,,,
14-270-ls-34-g01_6840_7980,,,
14-271-ls-34-g01_20520_21660,,,
14-271-ls-34-g01_22800_23940,,,
14-271-ls-34-g01_2280_3420,0.9143349528312683,6.0,"[250.90635681152344, 277.54742431640625, 504.2834167480469, 364.9176330566406]"
14-271-ls-r1-1-14-1sr4_23940_25080,,,
14-271-ls-r1-1-14-1sr4_3420_4560,0.9435960054397583,7.0,"[110.15379333496094, 314.6773986816406, 490.716064453125, 431.6689758300781]"
14-271-ls-r1-1-14-1sr4_5700_6840,,,
14-272-ls-34-g01_13680_14820,,,
14-272-ls-34-g01_2280_3420,0.9363774061203003,6.0,"[173.68508911132812, 320.201171875, 425.18609619140625, 402.6471862792969]"
14-272-ls-34-g01_3420_4560,0.27010226249694824,0.0,"[570.1594848632812, 667.971435546875, 577.3553466796875, 674.5143432617188]"
14-272-ls-34-g01_5700_6840,,,
14-273-ls-34-g01_14820_15960,0.2521164119243622,0.0,"[450.0970764160156, 596.08056640625, 460.9018859863281, 606.1008911132812]"
14-274-ls-34-g01_0_1140,,,
14-275-ls-14-h02_11400_12540,0.37903669476509094,0.0,"[1053.0797119140625, 661.1046142578125, 1067.8424072265625, 670.1868286132812]"
14-275-ls-14-h02_12540_13680,0.25838950276374817,0.0,"[944.4905395507812, 594.8785400390625, 950.7261352539062, 600.78955078125]"
14-275-ls-14-h02_14820_15960,,,
14-275-ls-14-h02_25080_26220,,,
14-275-ls-14-h02_26220_27360,0.9013060927391052,6.0,"[700.3816528320312, 300.12591552734375, 948.090087890625, 387.0979919433594]"
14-275-ls-14-h02_28500_29640,,,
14-275-ls-14-h02_30780_31920,,,
14-276-ls-14-h02_1140_2280,0.9548696279525757,6.0,"[579.5768432617188, 321.8433532714844, 825.3035278320312, 402.6208801269531]"
14-276-ls-14-h02_20520_21660,,,
14-276-ls-14-h02_2280_3420,,,
14-276-ls-14-h02_27360_28500,0.955521821975708,7.0,"[123.45365142822266, 318.47149658203125, 498.7745056152344, 420.6706848144531]"
14-277-ls-14-h02_29640_30780,0.398245632648468,0.0,"[111.60340118408203, 620.0955200195312, 118.52226257324219, 626.466064453125]"
14-277-ls-14-h02_9120_10260,,,
14-278-ls-14-h02_11400_12540,0.25281938910484314,0.0,"[321.82952880859375, 578.790771484375, 329.81243896484375, 585.4493408203125]"
14-278-ls-14-h02_17100_18240,,,
14-278-ls-14-h02_19380_20520,,,
14-278-ls-14-h02_25080_26220,,,
14-278-ls-14-h02_3420_4560,0.9492462873458862,7.0,"[168.5973663330078, 269.86260986328125, 549.8112182617188, 393.4137878417969]"
14-278-ls-14-h02_6840_7980,0.32232803106307983,0.0,"[832.508056640625, 619.2361450195312, 838.8702392578125, 625.0348510742188]"
14-279-ls-14-h02_17100_18240,,,
14-279-ls-14-h02_25080_26220,0.26095449924468994,0.0,"[603.8009033203125, 644.1268310546875, 609.332275390625, 649.5728759765625]"
14-279-ls-14-h02_4560_5700,,,
14-279-ls-14-h02_9120_10260,0.3022310435771942,0.0,"[964.2528076171875, 596.1492309570312, 974.3668212890625, 603.9557495117188]"
14-280-ls-34-g01_11400_12540,,,
14-280-ls-34-g01_4560_5700,,,
14-281-ls-34-g01_21660_22800,,,
14-282-ls-34-g01_25080_26220,,,
14-282-ls-34-g01_6840_7980,,,
14-283-ls-34-g01_15960_17100,,,
14-283-ls-34-g01_6840_7980,0.2738248407840729,0.0,"[424.4598693847656, 565.266357421875, 431.2489318847656, 571.5472412109375]"
14-284-ls-34-g01_10260_11400,0.3802167475223541,7.0,"[537.2877807617188, 324.23590087890625, 912.556884765625, 425.21014404296875]"
14-284-ls-34-g01_13680_14820,,,
14-284-ls-34-g01_18240_19380,0.9706594944000244,6.0,"[423.47845458984375, 338.3742980957031, 673.6248779296875, 420.2936706542969]"
14-284-ls-34-g01_25080_26220,,,
14-284-ls-34-g01_28500_29640,,,
14-284-ls-34-g01_29640_30780,,,
14-284-ls-34-g01_5700_6840,,,
14-286-ls-34-g01_13680_14820,,,
14-286-ls-34-g01_20520_21660,0.47016775608062744,0.0,"[706.0296020507812, 605.8123168945312, 714.5542602539062, 614.6233520507812]"
14-286-ls-34-g01_22800_23940,,,
14-286-ls-34-g01_29640_30780,,,
14-287-ls-34-g01_22800_23940,,,
14-288-ls-14-h02_23940_25080,,,
14-288-ls-14-h02_26220_27360,0.2960711419582367,6.0,"[699.09130859375, 321.27349853515625, 944.9306030273438, 404.3139343261719]"
14-288-ls-14-h02_3420_4560,0.4493737816810608,0.0,"[199.1372528076172, 559.3150634765625, 211.63272094726562, 571.9387817382812]"
14-288-ls-14-h02_6840_7980,0.265674352645874,0.0,"[670.8555908203125, 602.1410522460938, 678.780029296875, 608.7127685546875]"
14-289-ls-14-h02_13680_14820,,,
14-289-ls-14-h02_17100_18240,0.2507457733154297,0.0,"[539.49365234375, 560.4193725585938, 547.4287719726562, 567.2891845703125]"
14-289-ls-14-h02_22800_23940,,,
14-289-ls-14-h02_3420_4560,,,
14-289-ls-14-h02_6840_7980,,,
14-290-ls-14-h02_28500_29640,0.2796518802642822,0.0,"[950.3348999023438, 609.6538696289062, 958.1526489257812, 615.7907104492188]"
14-290-ls-14-h02_30780_31920,,,
14-290-ls-14-h02_5700_6840,,,
14-290-ls-14-h02_9120_10260,,,
14-290-ls-r1-1-34-14fn_0_1140,,,
14-290-ls-r1-1-34-14fn_15960_17100,,,
14-290-ls-r1-1-34-14fn_20520_21660,,,
14-290-ls-r1-1-34-14fn_4560_5700,0.3526252806186676,0.0,"[27.3175106048584, 506.5071716308594, 33.343780517578125, 511.8944091796875]"
14-296-ls-34-v01_13680_14820,,,
14-297-ls-34-v01_23940_25080,,,
14-298-ls-34-v01_17100_18240,,,
14-298-ls-34-v01_20520_21660,0.9597463011741638,7.0,"[652.56591796875, 241.22396850585938, 1035.4404296875, 348.6002502441406]"
14-298-ls-34-v01_2280_3420,,,
14-299-ls-34-v01_1140_2280,0.9422779679298401,6.0,"[599.6423950195312, 323.117431640625, 844.5798950195312, 404.5599365234375]"
14-299-ls-34-v01_17100_18240,,,
14-299-ls-34-v01_25080_26220,,,
14-299-ls-34-v01_3420_4560,0.27993619441986084,0.0,"[325.0146484375, 604.546630859375, 333.83465576171875, 611.9710693359375]"
14-300-ls-14-h02_27360_28500,0.9259727001190186,7.0,"[344.16070556640625, 297.8861389160156, 714.48095703125, 402.3684387207031]"
14-310-ls-34-g01_23940_25080,,,
14-310-ls-34-g01_26220_27360,0.8669871687889099,6.0,"[153.3623046875, 319.7704162597656, 405.4593200683594, 402.7364196777344]"
14-310-ls-34-g01_29640_30780,,,
14-320-ls-34-g01_17100_18240,0.9379881620407104,6.0,"[785.896484375, 319.5427551269531, 1036.3121337890625, 404.330322265625]"
14-320-ls-34-g01_23940_25080,,,
14-320-ls-34-g01_29640_30780,,,
14-320-ls-34-g01_9120_10260,0.9563635587692261,6.0,"[85.5030288696289, 308.6435852050781, 340.6784973144531, 400.9677734375]"
14-330-ls-34-g01_0_1140,,,
14-330-ls-34-g01_1140_2280,0.9491302967071533,6.0,"[755.7374267578125, 321.0508728027344, 1003.7877807617188, 406.4093017578125]"
14-330-ls-34-g01_2280_3420,,,
14-350-ls-34-g01_26220_27360,,,
14-350-ls-34-g01_3420_4560,,,
14-370-ls-34-g01_11400_12540,0.32811853289604187,0.0,"[688.6420288085938, 604.1263427734375, 697.2353515625, 611.00390625]"
14-370-ls-34-g01_21660_22800,,,
14-370-ls-34-g01_9120_10260,0.32349658012390137,0.0,"[901.96728515625, 681.410400390625, 912.1215209960938, 689.2464599609375]"
14-380-ls-34-g01_0_1140,,,
14-380-ls-34-g01_10260_11400,0.9043874740600586,7.0,"[172.09759521484375, 326.0637512207031, 553.7785034179688, 428.39202880859375]"
14-380-ls-34-g01_11400_12540,,,
14-380-ls-34-g01_28500_29640,,,
14-380-ls-34-g01_7980_9120,,,
14-390-ls-14-h02_13680_14820,,,
14-400-ls-14-h02_13680_14820,0.305990606546402,0.0,"[921.3971557617188, 597.763916015625, 929.653564453125, 605.0441284179688]"
14-400-ls-14-h02_23940_25080,,,
14-400-ls-14-h02_9120_10260,0.9056804776191711,6.0,"[622.0223388671875, 323.36517333984375, 870.0485229492188, 405.5679626464844]"
14-410-ls-14-h02_12540_13680,0.4771735668182373,0.0,"[1075.76806640625, 505.0729675292969, 1084.3118896484375, 513.79345703125]"
14-410-ls-14-h02_15960_17100,,,
14-410-ls-14-h02_30780_31920,,,
14-410-ls-14-h02_6840_7980,0.25044146180152893,0.0,"[839.168701171875, 556.0015258789062, 852.3828125, 567.57373046875]"
1400-b1-14-h01_15960_17100,,,
1410-b1-14-h01_10260_11400,0.29335466027259827,0.0,"[417.3929748535156, 633.6729736328125, 424.196533203125, 639.346435546875]"
1410-b1-14-h01_1140_2280,0.9498306512832642,6.0,"[553.7664184570312, 354.0168762207031, 803.2872924804688, 440.1737365722656]"
1410-b1-14-h01_15960_17100,,,
1410-b1-14-h01_22800_23940,,,
1420-b1-14-d01_17100_18240,,,
1420-b1-14-d01_27360_28500,0.9387256503105164,7.0,"[187.14585876464844, 314.8702087402344, 561.2374877929688, 420.77947998046875]"
1420-b1-14-d01_29640_30780,,,
1430-b1-14-d01_11400_12540,,,
1430-b1-14-d01_13680_14820,,,
1430-b1-14-d01_15960_17100,,,
1430-b1-14-d01_18240_19380,0.9024919867515564,6.0,"[564.7962036132812, 333.9438171386719, 813.0562744140625, 414.7019958496094]"
1430-b1-14-d01_19380_20520,0.9367817640304565,7.0,"[348.3905944824219, 314.45123291015625, 721.7467041015625, 428.1586608886719]"
1430-b1-14-d01_21660_22800,,,
1430-b1-14-d01_26220_27360,,,
1440-b1-14-d01_0_1140,,,
1440-b1-14-d01_1140_2280,,,
1440-b1-14-d01_15960_17100,,,
1440-b1-14-d01_22800_23940,,,
1440-b1-14-d01_23940_25080,,,
1450-b1-14-d01_11400_12540,,,
1450-b1-14-d01_18240_19380,0.4118277430534363,0.0,"[1078.0240478515625, 590.8142700195312, 1085.3089599609375, 597.0557861328125]"
1450-b1-14-d01_5700_6840,0.3566063344478607,0.0,"[757.8276977539062, 650.9161376953125, 765.12939453125, 656.8618774414062]"
1470-b1-14-h01_12540_13680,,,
1470-b1-14-h01_22800_23940,,,
1470-b1-14-h01_3420_4560,0.35868993401527405,0.0,"[903.9815673828125, 632.5208129882812, 911.6702880859375, 639.5563354492188]"
1470-r1b1-1-14fn_22800_23940,,,
1470-r1b1-1-14fn_26220_27360,0.9468645453453064,6.0,"[460.387451171875, 299.7435302734375, 709.8130493164062, 389.7098693847656]"
1470-r1b1-1-14fn_28500_29640,,,
1480-b1-14-h01_11400_12540,0.5184335708618164,0.0,"[661.1930541992188, 636.6132202148438, 673.045654296875, 647.6924438476562]"
1480-b1-14-h01_20520_21660,,,
1480-b1-14-h01_26220_27360,0.8137701749801636,6.0,"[203.07180786132812, 316.9710998535156, 456.50537109375, 404.2955627441406]"
1480-b1-14-h01_27360_28500,,,
1480-b1-14-h01_4560_5700,,,
1480-b1-14-h01_6840_7980,,,
1490-b1-14-h01_10260_11400,,,
1490-b1-14-h01_12540_13680,,,
1490-b1-14-h01_13680_14820,,,
1490-b1-14-h01_22800_23940,,,
1490-b1-14-h01_27360_28500,0.8395923376083374,6.0,"[92.89879608154297, 345.5757141113281, 347.0023193359375, 430.6553039550781]"
1490-b1-14-h01_28500_29640,,,
1490-b1-14-h01_6840_7980,,,
15-049-zh-1-71so-76xf_28500_29640,0.304589182138443,1.0,"[122.9205551147461, 509.1353759765625, 159.0913848876953, 520.180419921875]"
15-049-zh-r1-1-71so_13680_14820,,,
15-049-zh-r1-1-71so_5700_6840,,,
15-050-ls-1-11ra-0xkh_10260_11400,,,
15-050-ls-1-11ra-0xkh_19380_20520,,,
15-050-ls-1-11ra-0xkh_21660_22800,,,
15-050-ls-1-11ra-0xkh_22800_23940,,,
15-050-ls-1-11ra-0xkh_25080_26220,,,
15-050-ls-1-11ra-0xkh_9120_10260,0.9634634256362915,6.0,"[514.7045288085938, 354.90667724609375, 762.3699951171875, 447.3720397949219]"
15-060-ls-14-h02_0_1140,,,
15-060-ls-14-h02_20520_21660,,,
15-060-ls-14-h02_29640_30780,,,
15-080-ls-34-g01_22800_23940,,,
15-080-ls-34-g01_29640_30780,0.33206209540367126,0.0,"[520.5068359375, 604.6981201171875, 527.3827514648438, 611.3219604492188]"
15-080-ls-34-g01_4560_5700,,,
15-100-ls-34-g01_14820_15960,,,
15-100-ls-34-g01_2280_3420,,,
15-100-ls-34-g01_29640_30780,,,
15-100-ls-34-g01_6840_7980,,,
15-110-ls-14-h02_28500_29640,,,
15-130-ls-14-h02_11400_12540,0.9347161054611206,7.0,"[254.4459228515625, 222.80325317382812, 629.1253662109375, 325.11834716796875]"
15-130-ls-14-h02_23940_25080,,,
15-130-ls-14-h02_7980_9120,,,
15-140-ls-34-g01_2280_3420,,,
15-150-ls-14-h02_9120_10260,0.3982946574687958,0.0,"[581.7886962890625, 644.5106201171875, 592.9568481445312, 654.4432373046875]"
15-160-ls-34-g01_12540_13680,,,
15-160-ls-34-g01_6840_7980,,,
15-170-ls-34-g01_1140_2280,0.9212270379066467,6.0,"[445.23004150390625, 336.8324890136719, 694.272705078125, 421.9986877441406]"
15-170-ls-34-g01_15960_17100,,,
15-170-ls-34-g01_21660_22800,0.40514639019966125,0.0,"[516.2345581054688, 548.45947265625, 525.6065063476562, 558.2955322265625]"
15-180-ls-34-g01_0_1140,,,
15-180-ls-34-g01_27360_28500,,,
15-180-ls-34-g01_7980_9120,,,
15-190-ls-34-g01_10260_11400,0.6946455836296082,6.0,"[58.90128707885742, 290.2764892578125, 315.3257751464844, 380.11602783203125]"
15-190-ls-34-g01_1140_2280,,,
15-190-ls-34-g01_13680_14820,,,
15-190-ls-34-g01_17100_18240,,,
15-190-ls-34-g01_2280_3420,0.2994222044944763,0.0,"[426.397216796875, 618.3580322265625, 433.6781921386719, 624.1594848632812]"
15-190-ls-34-g01_27360_28500,0.4079526662826538,0.0,"[676.87744140625, 634.7217407226562, 685.3265380859375, 642.9317016601562]"
15-190-ls-34-g01_29640_30780,,,
15-200-ls-14-h02_10260_11400,0.9237164258956909,7.0,"[545.1781005859375, 314.94818115234375, 919.5341796875, 415.49932861328125]"
15-200-ls-14-h02_1140_2280,,,
15-200-ls-14-h02_12540_13680,,,
15-200-ls-14-h02_9120_10260,0.9222235083580017,6.0,"[718.9371948242188, 319.6709899902344, 966.5615234375, 405.036376953125]"
15-210-ls-34-g01_10260_11400,0.9461942315101624,7.0,"[457.52587890625, 276.9697265625, 835.1945190429688, 381.7915954589844]"
15-210-ls-34-g01_14820_15960,,,
15-210-ls-34-g01_29640_30780,,,
15-210-ls-34-g01_4560_5700,,,
15-210-ls-34-g01_9120_10260,0.33761802315711975,0.0,"[607.0840454101562, 537.8043212890625, 614.5396728515625, 544.147216796875]"
15-210-ls-r1-1-1sr4_1140_2280,0.9395687580108643,6.0,"[500.8314514160156, 310.78033447265625, 750.201416015625, 399.5721130371094]"
15-210-ls-r1-1-1sr4_14820_15960,,,
15-210-ls-r1-1-1sr4_3420_4560,0.973609983921051,7.0,"[90.1487808227539, 282.2288818359375, 473.5367431640625, 401.3598937988281]"
15-210-ls-r1-1-1sr4_7980_9120,0.44618138670921326,0.0,"[1037.373779296875, 520.5875854492188, 1046.810546875, 528.8462524414062]"
15-220-ls-14-h02_1140_2280,,,
15-230-ls-34-g01_10260_11400,,,
15-230-ls-34-g01_14820_15960,,,
15-230-ls-34-g01_20520_21660,,,
15-230-ls-34-g01_25080_26220,,,
15-230-ls-34-g01_4560_5700,,,
15-240-ls-14-h02_12540_13680,,,
15-240-ls-14-h02_20520_21660,,,
15-240-ls-14-h02_29640_30780,,,
15-240-ls-14-h02_5700_6840,,,
15-250-ls-34-g01_22800_23940,,,
15-260-ls-14-h02_1140_2280,,,
15-260-ls-14-h02_12540_13680,,,
15-260-ls-14-h02_15960_17100,,,
15-270-ls-14-h02_18240_19380,0.29120737314224243,0.0,"[732.02392578125, 624.1025390625, 739.1510009765625, 630.0548095703125]"
15-270-ls-14-h02_3420_4560,0.9584735035896301,7.0,"[124.96630096435547, 306.6737976074219, 504.6673278808594, 422.9928894042969]"
15-270-ls-14-h02_6840_7980,0.28569895029067993,0.0,"[1045.2132568359375, 606.9237060546875, 1051.0186767578125, 612.8289794921875]"
15-280-ls-34-g01_22800_23940,,,
15-280-ls-34-g01_4560_5700,0.2660538852214813,0.0,"[992.5469970703125, 582.4004516601562, 1000.0028686523438, 588.6529541015625]"
15-290-ls-14-h02_15960_17100,,,
15-290-ls-14-h02_28500_29640,0.3448035418987274,0.0,"[962.706298828125, 531.5225219726562, 971.25439453125, 538.28466796875]"
15-298-ls-34-g01_0_1140,,,
15-298-ls-34-g01_23940_25080,,,
15-298-ls-34-g01_26220_27360,,,
15-298-ls-34-g01_27360_28500,0.9389243125915527,6.0,"[85.18380737304688, 314.7900695800781, 338.316650390625, 401.0252990722656]"
15-298-ls-34-g01_6840_7980,,,
15-299-ls-34-g01_10260_11400,0.29129377007484436,0.0,"[1054.4100341796875, 608.572021484375, 1067.6043701171875, 620.04638671875]"
15-299-ls-34-g01_25080_26220,,,
15-300-ls-34-g01_1140_2280,0.9593585133552551,6.0,"[753.6589965820312, 327.0110168457031, 1001.7900390625, 417.9123840332031]"
15-300-ls-34-g01_2280_3420,,,
15-301-ls-34-g01_19380_20520,0.9508841633796692,7.0,"[499.1954345703125, 305.7091979980469, 872.1025390625, 421.1133117675781]"
15-301-ls-34-g01_22800_23940,,,
15-301-ls-34-g01_29640_30780,,,
15-301-ls-34-g01_4560_5700,,,
15-301-ls-34-g01_7980_9120,0.3056698739528656,0.0,"[185.7117462158203, 588.7916870117188, 192.43959045410156, 595.1669311523438]"
15-302-ls-34-g01_2280_3420,0.9356136322021484,6.0,"[79.26361846923828, 242.6017608642578, 335.3966369628906, 331.40020751953125]"
15-302-ls-34-g01_9120_10260,0.8905723094940186,6.0,"[816.0576171875, 267.6478271484375, 1064.3094482421875, 355.34283447265625]"
15-303-ls-34-g01_0_1140,,,
15-303-ls-34-g01_21660_22800,0.25523507595062256,0.0,"[384.94989013671875, 626.650634765625, 393.4776306152344, 633.6331176757812]"
15-303-ls-34-g01_25080_26220,,,
15-304-ls-34-g01_14820_15960,,,
15-304-ls-r1-1-1sr4_19380_20520,0.9508630633354187,7.0,"[52.0447883605957, 284.9219970703125, 433.3645324707031, 406.2636413574219]"
15-305-ls-14-h02_10260_11400,0.9491852521896362,7.0,"[638.8765869140625, 308.58331298828125, 1012.7645263671875, 409.3392333984375]"
15-306-ls-14-h02_0_1140,,,
15-306-ls-14-h02_1140_2280,,,
15-307-ls-14-h02_10260_11400,0.9245861172676086,7.0,"[52.80055236816406, 256.56988525390625, 437.3156433105469, 364.2964782714844]"
15-308-ls-14-h02_17100_18240,0.27774858474731445,0.0,"[1102.90087890625, 575.689697265625, 1109.9227294921875, 581.88427734375]"
15-308-ls-14-h02_7980_9120,,,
15-309-ls-14-h02_13680_14820,0.3009151816368103,0.0,"[367.60400390625, 599.0255126953125, 378.6223449707031, 607.0180053710938]"
15-309-ls-14-h02_19380_20520,,,
15-309-ls-14-h02_3420_4560,0.265197217464447,7.0,"[129.85240173339844, 274.0939025878906, 510.65740966796875, 393.9230651855469]"
15-310-ls-14-h02_11400_12540,0.3225353956222534,0.0,"[40.45623016357422, 631.7714233398438, 47.133941650390625, 638.013427734375]"
15-310-ls-14-h02_15960_17100,,,
15-310-ls-14-h02_17100_18240,,,
15-310-ls-14-h02_21660_22800,0.2877068519592285,0.0,"[737.3306274414062, 611.0020751953125, 744.0529174804688, 616.7078247070312]"
15-310-ls-14-h02_27360_28500,0.9527839422225952,7.0,"[605.56396484375, 301.7485656738281, 972.88623046875, 402.83428955078125]"
15-311-ls-14-h02_11400_12540,0.42936939001083374,0.0,"[387.74591064453125, 621.3812866210938, 396.442138671875, 628.5177001953125]"
15-311-ls-14-h02_12540_13680,,,
15-311-ls-r1-1-14fn_14820_15960,,,
15-311-ls-r1-1-14fn_17100_18240,,,
15-311-ls-r1-1-14fn_9120_10260,0.33429384231567383,0.0,"[771.5335693359375, 619.2931518554688, 780.14013671875, 626.0888671875]"
15-312-ls-14-h02_12540_13680,0.39856258034706116,0.0,"[834.5900268554688, 620.0248413085938, 842.5324096679688, 626.6869506835938]"
15-312-ls-14-h02_28500_29640,0.434955358505249,0.0,"[888.8190307617188, 619.9878540039062, 895.9058227539062, 627.0924072265625]"
15-312-ls-r2-1-14fn_20520_21660,,,
15-312-ls-r2-1-14fn_2280_3420,,,
15-313-ls-14-h02_5700_6840,,,
15-314-ls-14-h02_28500_29640,,,
15-316-ls-34-g01_1140_2280,0.9645334482192993,6.0,"[495.90325927734375, 334.915283203125, 744.1533203125, 429.42584228515625]"
15-316-ls-34-g01_13680_14820,,,
15-317-ls-34-g01_1140_2280,0.9736054539680481,6.0,"[800.486328125, 364.2708740234375, 1048.7222900390625, 450.2140808105469]"
15-317-ls-34-g01_14820_15960,,,
15-317-ls-34-g01_6840_7980,,,
15-319-ls-34-g01_11400_12540,,,
15-319-ls-34-g01_27360_28500,0.934378981590271,7.0,"[116.0112075805664, 301.9044494628906, 492.3996276855469, 403.6247863769531]"
15-320-ls-34-g01_10260_11400,0.9473414421081543,7.0,"[193.74285888671875, 303.7913513183594, 574.64599609375, 411.9608459472656]"
15-320-ls-34-g01_14820_15960,,,
15-321-ls-14-h02_12540_13680,0.26437339186668396,0.0,"[141.60813903808594, 611.6607055664062, 150.05772399902344, 618.5370483398438]"
15-321-ls-14-h02_13680_14820,,,
15-321-ls-14-h02_22800_23940,0.3262360990047455,0.0,"[876.7556762695312, 576.8861083984375, 882.4913940429688, 582.5966186523438]"
15-322-ls-14-h02-dubl_0_1140,,,
15-322-ls-14-h02-dubl_21660_22800,,,
15-322-ls-14-h02-dubl_4560_5700,,,
15-322-ls-14-h02_14820_15960,,,
15-322-ls-14-h02_28500_29640,,,
15-322-ls-14-h02_9120_10260,0.2679581642150879,6.0,"[473.9644470214844, 307.200927734375, 724.2933959960938, 395.1590270996094]"
15-323-ls-14-h02-dubl_11400_12540,,,
15-323-ls-14-h02-dubl_13680_14820,,,
15-323-ls-14-h02-dubl_26220_27360,,,
15-323-ls-14-h02-dubl_27360_28500,0.956978440284729,7.0,"[730.3358154296875, 316.22174072265625, 1098.2342529296875, 415.65496826171875]"
15-323-ls-14-h02-dubl_30780_31920,,,
15-323-ls-14-h02-dubl_7980_9120,,,
15-323-ls-14-h02-dubl_9120_10260,0.25011444091796875,0.0,"[987.2796020507812, 636.01171875, 994.6035766601562, 642.0255737304688]"
15-323-ls-14-h02_15960_17100,0.44235920906066895,0.0,"[329.8395690917969, 577.0652465820312, 343.942626953125, 589.5931396484375]"
15-323-ls-14-h02_29640_30780,,,
15-323-ls-14-h02_3420_4560,0.9618642926216125,7.0,"[647.923828125, 350.73345947265625, 1020.30859375, 472.66552734375]"
15-324-ls-14-h02_13680_14820,,,
15-325-ls-14-h02_13680_14820,,,
15-325-ls-14-h02_18240_19380,0.9426882863044739,6.0,"[574.5961303710938, 332.52398681640625, 824.2208862304688, 415.8274230957031]"
15-325-ls-r1-1-14fn_23940_25080,,,
15-325-ls-r1-1-14fn_29640_30780,,,
15-325-ls-r1-1-14fn_4560_5700,,,
15-325-ls-r1-1-14fn_9120_10260,0.308894544839859,0.0,"[245.73870849609375, 495.70513916015625, 256.0348815917969, 504.7008361816406]"
15-326-ls-34-g01_21660_22800,,,
15-327-ls-34-g01_0_1140,,,
15-327-ls-34-g01_11400_12540,,,
15-327-ls-34-g01_12540_13680,,,
15-327-ls-34-g01_5700_6840,,,
15-328-ls-34-g01_28500_29640,,,
15-328-ls-34-g01_4560_5700,,,
15-328-ls-34-g01_7980_9120,,,
15-329-ls-34-g01_19380_20520,,,
15-330-ls-14-h02_12540_13680,,,
15-330-ls-14-h02_28500_29640,,,
15-330-ls-14-h02_3420_4560,0.8851685523986816,7.0,"[671.76318359375, 255.7264404296875, 1055.6302490234375, 375.37530517578125]"
15-330-ls-14-h02_6840_7980,0.2658028304576874,0.0,"[670.2024536132812, 584.9498901367188, 684.3447875976562, 595.4730224609375]"
15-331-ls-34-g01_9120_10260,0.933609664440155,6.0,"[402.6672058105469, 320.52813720703125, 652.7522583007812, 409.14971923828125]"
15-332-ls-34-g01_10260_11400,0.9505050182342529,7.0,"[544.3714599609375, 321.6070251464844, 918.3264770507812, 422.1671142578125]"
15-332-ls-34-g01_25080_26220,0.351863294839859,0.0,"[917.8319702148438, 622.4967651367188, 925.09130859375, 630.1067504882812]"
15-333-ls-14-h02_5700_6840,,,
15-334-ls-14-h02_0_1140,,,
15-334-ls-14-h02_1140_2280,0.9616516828536987,6.0,"[395.1453552246094, 335.22308349609375, 644.585205078125, 420.3777770996094]"
15-334-ls-14-h02_2280_3420,,,
15-334-ls-14-h02_30780_31920,,,
15-334-ls-14-h02_5700_6840,0.2570441961288452,0.0,"[1043.274169921875, 612.8140258789062, 1058.281005859375, 626.48974609375]"
15-334-ls-14-h02_7980_9120,,,
15-334-ls-r1-1-14fn_15960_17100,,,
15-334-ls-r1-1-14fn_19380_20520,,,
15-334-ls-r1-1-14fn_29640_30780,,,
15-335-ls-14-h02_0_1140,,,
15-335-ls-14-h02_2280_3420,0.29986250400543213,0.0,"[359.6490783691406, 608.3069458007812, 366.8076477050781, 613.9878540039062]"
15-335-ls-14-h02_26220_27360,,,
15-335-ls-14-h02_30780_31920,,,
15-336-ls-14-h02_13680_14820,0.2658243775367737,0.0,"[490.24365234375, 607.242919921875, 497.63433837890625, 613.1654052734375]"
15-336-ls-14-h02_29640_30780,,,
15-336-ls-14-h02_30780_31920,,,
15-336-ls-14-h02_6840_7980,0.2836076617240906,0.0,"[863.0208740234375, 596.1854858398438, 872.0731811523438, 605.5609741210938]"
15-337-ls-14-h02_27360_28500,0.9132664203643799,6.0,"[31.891386032104492, 303.5566711425781, 286.89971923828125, 390.8838806152344]"
15-338-ls-34-g01_25080_26220,,,
15-338-ls-34-g01_30780_31920,,,
15-338-ls-34-g01_3420_4560,0.9428287744522095,7.0,"[750.4266357421875, 325.05926513671875, 1124.0804443359375, 441.01531982421875]"
15-338-ls-34-g01_4560_5700,,,
15-339-ls-34-g01_0_1140,0.2931853234767914,0.0,"[995.931884765625, 648.3219604492188, 1003.2297973632812, 655.4095458984375]"
15-339-ls-34-g01_14820_15960,,,
15-339-ls-34-g01_27360_28500,0.9413949251174927,7.0,"[401.44781494140625, 306.68994140625, 776.5396118164062, 412.6313171386719]"
15-339-ls-34-g01_29640_30780,,,
15-339-ls-34-g01_9120_10260,0.9638912677764893,6.0,"[540.0314331054688, 340.52587890625, 788.7108154296875, 426.92218017578125]"
15-340-ls-34-g01_0_1140,,,
15-340-ls-34-g01_11400_12540,,,
15-340-ls-34-g01_13680_14820,0.30616435408592224,0.0,"[1058.42626953125, 596.5906982421875, 1067.259765625, 604.454833984375]"
15-340-ls-34-g01_14820_15960,,,
15-340-ls-34-g01_15960_17100,,,
15-340-ls-34-g01_18240_19380,0.9740177392959595,7.0,"[679.6185302734375, 303.2117614746094, 1051.3509521484375, 411.22540283203125]"
15-340-ls-34-g01_21660_22800,,,
15-340-ls-34-g01_26220_27360,0.9226111769676208,6.0,"[278.1625671386719, 317.65850830078125, 528.919189453125, 402.2590637207031]"
15-350-ls-34-g01_11400_12540,0.5454538464546204,0.0,"[1061.67724609375, 547.7763061523438, 1070.5576171875, 555.725830078125]"
15-350-ls-34-g01_21660_22800,,,
15-350-ls-34-g01_23940_25080,0.27050599455833435,0.0,"[998.7318725585938, 553.7325439453125, 1007.164794921875, 561.330810546875]"
15-350-ls-34-g01_30780_31920,,,
15-360-ls-34-g01_12540_13680,,,
15-360-ls-34-g01_20520_21660,0.25369900465011597,0.0,"[338.7727966308594, 609.2916259765625, 346.4529724121094, 616.2642211914062]"
15-370-ls-34-g01_21660_22800,,,
15-370-ls-34-g01_27360_28500,0.9617489576339722,7.0,"[180.6977081298828, 324.3026123046875, 554.0928344726562, 426.1147155761719]"
15-380-ls-34-g01_1140_2280,0.9494650363922119,6.0,"[452.4451599121094, 308.91290283203125, 703.40185546875, 399.46820068359375]"
15-380-ls-34-g01_15960_17100,,,
15-380-ls-34-g01_25080_26220,,,
15-390-ls-14-h02_14820_15960,0.38528522849082947,0.0,"[656.589599609375, 493.80712890625, 668.166748046875, 501.6446838378906]"
15-390-ls-14-h02_9120_10260,0.31945765018463135,0.0,"[590.4601440429688, 564.2046508789062, 597.1492309570312, 570.1168212890625]"
15-390-ls-r3-1-14fn_12540_13680,0.33870577812194824,0.0,"[443.5209655761719, 583.2545776367188, 453.2215270996094, 591.9224243164062]"
15-390-ls-r3-1-14fn_28500_29640,0.3233036398887634,0.0,"[705.0093383789062, 622.7910766601562, 711.5559692382812, 628.0826416015625]"
15-400-ls-14-h02_20520_21660,0.2712533175945282,0.0,"[511.3670654296875, 565.5845947265625, 518.1478881835938, 572.5955200195312]"
15-410-ls-14-h02_17100_18240,,,
15-410-ls-14-h02_20520_21660,0.26471003890037537,0.0,"[195.11935424804688, 529.8198852539062, 202.78286743164062, 536.6048583984375]"
15-410-ls-14-h02_30780_31920,,,
150-b1-14-d01_14820_15960,0.2678668797016144,0.0,"[1005.6959228515625, 584.0916137695312, 1014.62548828125, 591.8666381835938]"
150-b1-14-d01_18240_19380,,,
150-b1-14-d01_5700_6840,,,
150-b1-14-d01_7980_9120,,,
1500-b1-14-h01_11400_12540,0.3584177494049072,0.0,"[942.9237670898438, 636.5226440429688, 952.894287109375, 646.1959838867188]"
1500-b1-14-h01_12540_13680,,,
1500-b1-14-h01_17100_18240,,,
1510-b1-14-d01_20520_21660,,,
1510-b1-14-d01_22800_23940,0.27190929651260376,0.0,"[993.335205078125, 574.0806884765625, 999.09423828125, 579.3915405273438]"
1510-b1-14-d01_30780_31920,,,
1520-b1-14-d01_10260_11400,0.966399073600769,7.0,"[710.3401489257812, 307.2422790527344, 1082.045654296875, 407.48565673828125]"
1520-b1-14-d01_11400_12540,,,
1520-b1-14-d01_19380_20520,0.9396404027938843,7.0,"[341.0516052246094, 315.3560791015625, 715.8025512695312, 427.92279052734375]"
1520-b1-14-d01_23940_25080,,,
1520-b1-14-d01_26220_27360,,,
1520-b1-14-d01_9120_10260,0.27609604597091675,0.0,"[562.61181640625, 592.331787109375, 568.8453369140625, 598.0964965820312]"
1530-b1-14-d01_13680_14820,,,
1530-b1-14-d01_17100_18240,,,
1530-b1-14-d01_20520_21660,,,
1530-b1-14-d01_25080_26220,,,
1530-b1-14-d01_27360_28500,0.6166787147521973,6.0,"[2.6349196434020996, 337.5180969238281, 258.185302734375, 423.6151123046875]"
1530-b1-14-d01_30780_31920,,,
1530-b1-14-d01_4560_5700,,,
1540-b1-14-d01_10260_11400,0.9472617506980896,7.0,"[739.45947265625, 314.02899169921875, 1112.2513427734375, 413.699951171875]"
1540-b1-14-d01_11400_12540,,,
1540-b1-14-d01_1140_2280,,,
1540-b1-14-d01_12540_13680,,,
1540-b1-14-d01_13680_14820,,,
1540-b1-14-d01_2280_3420,0.9093806147575378,6.0,"[217.18350219726562, 288.83056640625, 472.36029052734375, 379.244140625]"
1540-b1-14-d01_27360_28500,,,
1540-b1-14-d01_29640_30780,,,
1540-b1-14-d01_3420_4560,,,
1550-b1-14-d01_19380_20520,0.9549189805984497,7.0,"[358.681396484375, 320.7622985839844, 733.5208740234375, 434.95208740234375]"
1550-b1-14-d01_20520_21660,,,
1550-b1-14-d01_23940_25080,,,
1550-b1-14-d01_28500_29640,,,
1550-b1-14-d01_29640_30780,,,
1560-b1-14-h01_10260_11400,0.9376260042190552,7.0,"[27.98402976989746, 328.9256591796875, 412.27020263671875, 434.3550720214844]"
1560-b1-14-h01_17100_18240,0.9057337641716003,6.0,"[857.5640869140625, 360.2276916503906, 1105.3026123046875, 442.638427734375]"
1560-b1-14-h01_4560_5700,,,
1560-b1-14-h01_7980_9120,0.3394472599029541,0.0,"[470.8091735839844, 609.5355224609375, 476.6211242675781, 615.355224609375]"
1570-b1-14-h01_1140_2280,0.9516183137893677,6.0,"[524.7208862304688, 310.4797668457031, 776.4724731445312, 402.1537780761719]"
1570-b1-14-h01_13680_14820,,,
1570-b1-14-h01_19380_20520,,,
1570-b1-14-h01_3420_4560,0.9465756416320801,7.0,"[107.3949203491211, 294.3249206542969, 490.8956604003906, 416.9068603515625]"
1580-b1-14-h01_13680_14820,,,
1580-b1-14-h01_17100_18240,0.250663697719574,0.0,"[973.4757690429688, 603.7216186523438, 981.0338745117188, 609.8197631835938]"
1580-b1-14-h01_20520_21660,0.25236353278160095,0.0,"[1002.291259765625, 628.8513793945312, 1015.4840698242188, 641.5445556640625]"
1580-b1-14-h01_28500_29640,0.30492979288101196,0.0,"[56.78461837768555, 618.1296997070312, 62.69976806640625, 624.0352783203125]"
1590-b1-14-h01_10260_11400,0.3447829782962799,0.0,"[398.00738525390625, 677.232177734375, 406.3589782714844, 684.2922973632812]"
1590-b1-14-h01_14820_15960,,,
1590-b1-14-h01_19380_20520,,,
1590-b1-14-h01_3420_4560,0.8447297215461731,7.0,"[307.5420227050781, 343.86114501953125, 685.6236572265625, 465.78387451171875]"
16-010-ls-1-11ra-0xkh_12540_13680,,,
16-010-ls-1-11ra-0xkh_20520_21660,0.9662762880325317,7.0,"[354.92523193359375, 347.4010314941406, 734.0236206054688, 459.4662780761719]"
16-019-zh-1-11ra-0xkh_10260_11400,0.9341865181922913,6.0,"[147.745361328125, 319.3269958496094, 403.3399963378906, 409.5484619140625]"
16-019-zh-1-11ra-0xkh_2280_3420,,,
16-019-zh-1-11ra-0xkh_30780_31920,,,
16-020-ls-14-h02_10260_11400,0.9010187387466431,7.0,"[192.82513427734375, 260.6770935058594, 575.8488159179688, 367.3031311035156]"
16-020-ls-14-h02_17100_18240,,,
16-020-ls-14-h02_26220_27360,0.9406915903091431,6.0,"[427.4029846191406, 352.42657470703125, 677.6005859375, 438.446044921875]"
16-020-ls-14-h02_30780_31920,,,
16-020-ls-14-h02_6840_7980,,,
16-020-ls-14-h02_7980_9120,0.41797855496406555,0.0,"[878.3911743164062, 563.95556640625, 885.6279907226562, 570.722412109375]"
16-030-ls-34-g01_1140_2280,,,
16-030-ls-34-g01_15960_17100,,,
16-030-ls-34-g01_25080_26220,,,
16-030-ls-34-g01_3420_4560,0.9601171612739563,7.0,"[736.1366577148438, 365.0030212402344, 1107.7459716796875, 482.59075927734375]"
16-030-ls-r3-1-1sr4_12540_13680,,,
16-040-ls-34-g01_18240_19380,0.9182425141334534,6.0,"[41.26876449584961, 310.933837890625, 297.6612854003906, 394.3203125]"
16-040-ls-34-g01_20520_21660,,,
16-040-ls-34-g01_9120_10260,0.9197478294372559,6.0,"[336.4661560058594, 290.97296142578125, 589.7465209960938, 379.62225341796875]"
16-060-ls-34-g01_17100_18240,,,
16-060-ls-34-g01_21660_22800,,,
16-060-ls-34-g01_5700_6840,,,
16-070-ls-34-g01_30780_31920,,,
16-080-ls-34-g01_25080_26220,0.2881050109863281,0.0,"[539.7843017578125, 610.6973876953125, 547.7650756835938, 617.776611328125]"
16-080-ls-34-g01_30780_31920,,,
16-080-ls-34-g01_7980_9120,0.2606576681137085,0.0,"[754.4810791015625, 597.7183837890625, 769.949951171875, 613.8856201171875]"
16-080-ls-34-g01_9120_10260,0.8811567425727844,6.0,"[230.4163818359375, 275.43658447265625, 484.3695068359375, 368.5534362792969]"
16-090-ls-34-g01_10260_11400,0.8579126596450806,6.0,"[63.89677047729492, 287.3959045410156, 320.4742126464844, 378.2745666503906]"
16-090-ls-34-g01_6840_7980,,,
16-100-ls-14-h02_11400_12540,0.28484660387039185,0.0,"[580.5828247070312, 592.8377685546875, 587.881591796875, 600.5418090820312]"
16-100-ls-14-h02_25080_26220,,,
16-100-ls-14-h02_5700_6840,,,
16-100-ls-14-h02_6840_7980,,,
16-110-ls-14-h02_12540_13680,,,
16-110-ls-14-h02_4560_5700,,,
16-120-ls-14-h02_18240_19380,0.9607185125350952,7.0,"[623.8836669921875, 301.7447509765625, 993.9774169921875, 413.6549072265625]"
16-130-ls-14-h02_18240_19380,0.9155027270317078,6.0,"[569.0072021484375, 316.6570129394531, 820.2883911132812, 399.9085388183594]"
16-140-ls-14-h02_17100_18240,0.343504399061203,0.0,"[873.0765991210938, 590.9028930664062, 880.2469482421875, 597.0942993164062]"
16-150-ls-14-h02_0_1140,,,
16-150-ls-14-h02_11400_12540,,,
16-150-ls-14-h02_1140_2280,0.9593536257743835,6.0,"[445.3614807128906, 328.70648193359375, 695.9190063476562, 414.9656066894531]"
16-150-ls-14-h02_19380_20520,,,
16-150-ls-14-h02_23940_25080,,,
16-150-ls-14-h02_9120_10260,0.3325457274913788,0.0,"[878.72216796875, 608.3289184570312, 885.3374633789062, 614.2594604492188]"
16-170-ls-14-h02_12540_13680,0.6015005707740784,0.0,"[256.4853210449219, 607.1369018554688, 270.6628723144531, 618.9329833984375]"
16-170-ls-14-h02_30780_31920,,,
16-180-ls-14-h02_13680_14820,,,
16-180-ls-14-h02_25080_26220,,,
16-190-ls-34-g01_2280_3420,,,
16-190-ls-34-g01_26220_27360,0.5974186062812805,6.0,"[467.33135986328125, 329.66534423828125, 717.4107666015625, 415.8357238769531]"
16-190-ls-34-g01_29640_30780,,,
16-190-ls-34-g01_5700_6840,,,
16-200-ls-34-g01_19380_20520,0.9515382647514343,7.0,"[226.21408081054688, 304.2738037109375, 602.8270263671875, 420.1099853515625]"
16-200-ls-34-g01_30780_31920,,,
16-200-ls-34-g01_6840_7980,0.2974717319011688,0.0,"[763.1016235351562, 546.7300415039062, 768.7977294921875, 552.7722778320312]"
16-210-ls-34-g01_20520_21660,,,
16-220-ls-34-g01_11400_12540,,,
16-220-ls-34-g01_14820_15960,,,
16-220-ls-34-g01_28500_29640,,,
16-230-ls-34-g01_11400_12540,,,
16-230-ls-34-g01_12540_13680,,,
16-230-ls-34-g01_15960_17100,,,
16-230-ls-34-g01_19380_20520,,,
16-230-ls-34-g01_23940_25080,,,
16-240-ls-34-g01_14820_15960,,,
16-240-ls-34-g01_20520_21660,,,
16-240-ls-34-g01_22800_23940,,,
16-250-ls-34-g01_14820_15960,,,
16-250-ls-34-g01_26220_27360,,,
16-250-ls-34-g01_30780_31920,,,
16-250-ls-r1-1-1sr4_14820_15960,,,
16-250-ls-r1-1-1sr4_18240_19380,0.8964104652404785,6.0,"[589.1672973632812, 324.23870849609375, 838.2957153320312, 406.4350280761719]"
16-250-ls-r1-1-1sr4_4560_5700,,,
16-270-ls-14-h02_14820_15960,,,
16-280-ls-34-g01_1140_2280,0.9500449299812317,6.0,"[390.28363037109375, 313.5395812988281, 641.7184448242188, 396.56903076171875]"
16-280-ls-34-g01_29640_30780,,,
16-280-ls-34-g01_6840_7980,,,
16-280-ls-34-g01_9120_10260,0.9424359202384949,6.0,"[87.39774322509766, 327.133544921875, 340.69232177734375, 415.2682189941406]"
16-290-ls-34-g01_18240_19380,0.38780662417411804,0.0,"[919.698974609375, 636.3245849609375, 925.8792114257812, 641.9028930664062]"
16-290-ls-34-g01_23940_25080,,,
16-290-ls-34-g01_26220_27360,0.9291975498199463,6.0,"[384.6045227050781, 302.2926940917969, 633.0928955078125, 386.1066589355469]"
16-290-ls-34-g01_27360_28500,0.9175214767456055,7.0,"[168.1587371826172, 288.93634033203125, 541.061767578125, 392.2607421875]"
16-290-ls-34-g01_5700_6840,,,
16-300-ls-34-g01_0_1140,,,
16-300-ls-34-g01_18240_19380,0.8621975779533386,6.0,"[321.79278564453125, 315.2066345214844, 575.1792602539062, 398.3308410644531]"
16-300-ls-34-g01_25080_26220,,,
16-310-ls-34-g01_0_1140,,,
16-310-ls-34-g01_10260_11400,0.9688527584075928,7.0,"[507.1799011230469, 337.2730407714844, 883.5682983398438, 438.78369140625]"
16-310-ls-34-g01_30780_31920,,,
16-310-ls-34-g01_7980_9120,,,
16-320-ls-34-g01_1140_2280,,,
16-320-ls-34-g01_12540_13680,,,
16-320-ls-34-g01_18240_19380,0.9190294742584229,6.0,"[558.703369140625, 320.4950866699219, 809.6919555664062, 402.92547607421875]"
16-320-ls-r1-1-1sr4_12540_13680,,,
16-330-ls-14-h02_20520_21660,,,
16-330-ls-14-h02_3420_4560,0.41086381673812866,7.0,"[721.0503540039062, 344.6358642578125, 1094.8653564453125, 466.81976318359375]"
16-330-ls-14-h02_9120_10260,0.9123371243476868,6.0,"[792.83251953125, 364.0852966308594, 1036.9083251953125, 444.6063232421875]"
16-340-ls-14-h02_23940_25080,,,
16-340-ls-14-h02_26220_27360,0.9288721084594727,6.0,"[137.86328125, 303.94769287109375, 390.74786376953125, 388.3289489746094]"
16-350-ls-14-h02_26220_27360,0.7143927812576294,6.0,"[878.8860473632812, 338.1983642578125, 1127.41357421875, 422.6360168457031]"
16-360-ls-14-h02_0_1140,,,
16-370-ls-14-h02_25080_26220,,,
16-370-ls-14-h02_4560_5700,,,
16-390-ls-34-g01_13680_14820,,,
16-390-ls-34-g01_26220_27360,0.8623579144477844,6.0,"[437.9094543457031, 329.0345458984375, 687.5341796875, 412.4598083496094]"
16-400-ls-34-g01_10260_11400,0.9535443186759949,7.0,"[687.786865234375, 321.44635009765625, 1061.49755859375, 422.1571960449219]"
16-400-ls-34-g01_11400_12540,,,
16-400-ls-34-g01_12540_13680,,,
16-400-ls-34-g01_28500_29640,,,
16-400-ls-34-g01_9120_10260,0.9177515506744385,6.0,"[864.8963623046875, 328.814697265625, 1112.8668212890625, 411.8302917480469]"
16-400-ls-r1-1-1sr4_11400_12540,,,
16-400-ls-r1-1-1sr4_1140_2280,0.9224544763565063,6.0,"[770.412353515625, 350.2571105957031, 1016.4906005859375, 436.7893981933594]"
16-400-ls-r1-1-1sr4_26220_27360,0.9669705629348755,6.0,"[539.9244995117188, 337.3704833984375, 787.4043579101562, 420.16552734375]"
16-400-ls-r1-1-1sr4_5700_6840,,,
16-400-ls-r1-1-1sr4_6840_7980,,,
16-410-ls-34-g01_21660_22800,,,
16-410-ls-34-g01_28500_29640,,,
16-410-ls-34-g01_6840_7980,,,
160-b1-14-d01_22800_23940,0.3337462544441223,0.0,"[298.2507629394531, 565.4033203125, 307.8204650878906, 573.376708984375]"
160-b1-14-d01_27360_28500,0.9378887414932251,7.0,"[693.8995361328125, 164.74586486816406, 1061.1732177734375, 265.5926208496094]"
160-b1-14-d01_3420_4560,0.3361348807811737,0.0,"[186.96798706054688, 568.1063842773438, 194.79832458496094, 575.020263671875]"
160-b1-14-d01_5700_6840,,,
1600-b1-14-h01_29640_30780,,,
1600-b1-14-h01_9120_10260,0.8874534964561462,6.0,"[119.7983627319336, 294.2303161621094, 377.4024353027344, 387.63494873046875]"
1610-b1-14-h01_10260_11400,0.9230674505233765,7.0,"[628.4537353515625, 376.4778747558594, 1000.0155029296875, 477.85186767578125]"
1610-b1-14-h01_1140_2280,,,
1610-b1-14-h01_2280_3420,0.943467915058136,6.0,"[153.42637634277344, 312.13751220703125, 407.8479309082031, 398.83709716796875]"
1610-b1-14-h01_23940_25080,,,
1610-b1-14-h01_6840_7980,0.3193104565143585,0.0,"[685.4869384765625, 660.0296020507812, 693.305908203125, 666.7857666015625]"
1620-b1-14-d01_2280_3420,,,
1620-b1-14-d01_26220_27360,0.9303906559944153,6.0,"[362.0862731933594, 369.013671875, 612.5868530273438, 452.5190734863281]"
1620-b1-14-d01_6840_7980,,,
1630-b1-14-d01_2280_3420,0.29032590985298157,0.0,"[47.493038177490234, 664.2322387695312, 56.132869720458984, 671.5444946289062]"
1630-b1-14-d01_9120_10260,0.9035940766334534,6.0,"[341.74322509765625, 346.3063659667969, 591.5126342773438, 431.35894775390625]"
1640-b1-14-d01_15960_17100,0.3810705542564392,0.0,"[344.4901123046875, 654.40625, 353.8602294921875, 661.7993774414062]"
1640-b1-14-d01_5700_6840,0.34472402930259705,0.0,"[777.3675537109375, 649.0068969726562, 783.7144775390625, 654.6063232421875]"
1650-b1-14-d01_29640_30780,,,
1660-b1-14-d01_10260_11400,0.9601998329162598,7.0,"[421.220703125, 316.37530517578125, 796.2667846679688, 417.3761291503906]"
1660-b1-14-d01_13680_14820,,,
1660-b1-14-d01_14820_15960,0.32013294100761414,0.0,"[933.0650634765625, 663.5406494140625, 952.18359375, 680.6875]"
1660-b1-14-d01_17100_18240,,,
1660-b1-14-d01_20520_21660,,,
1660-b1-14-d01_7980_9120,,,
1660-b1-14-d01_9120_10260,0.9210867881774902,6.0,"[599.668212890625, 330.046630859375, 846.7671508789062, 414.10443115234375]"
1660r1b1-1-31he_30780_31920,0.29768067598342896,0.0,"[341.28460693359375, 581.9334716796875, 350.7882080078125, 589.5054931640625]"
1670-b1-14-d01_17100_18240,,,
1670-b1-14-d01_18240_19380,0.4258916974067688,0.0,"[586.0725708007812, 635.37548828125, 593.7107543945312, 642.987060546875]"
1670-b1-14-d01_25080_26220,,,
1670-b1-14-d01_27360_28500,0.8928511738777161,6.0,"[82.33377838134766, 351.0736083984375, 335.32171630859375, 437.09893798828125]"
1670-b1-14-d01_3420_4560,,,
1670-b1-14-d01_5700_6840,,,
1670-b1-14-d01_7980_9120,,,
1680-b1-14-h01_15960_17100,,,
1680-b1-14-h01_22800_23940,,,
1680-b1-14-h01_2280_3420,0.5681957006454468,6.0,"[93.07611083984375, 339.1163024902344, 349.0218811035156, 428.7460632324219]"
1680-b1-14-h01_25080_26220,0.25564131140708923,0.0,"[80.22138977050781, 602.225341796875, 87.35317993164062, 608.6663208007812]"
17-020-ls-1-71s0-76xf_10260_11400,0.7980715036392212,6.0,"[470.5608215332031, 247.2723846435547, 722.5712890625, 339.3975830078125]"
17-020-ls-1-71s0-76xf_12540_13680,,,
17-020-ls-1-71s0-76xf_23940_25080,,,
17-020-ls-r3-1-71s0_10260_11400,0.9356288909912109,7.0,"[587.8876342773438, 192.25929260253906, 967.0636596679688, 294.49456787109375]"
17-020-ls-r3-1-71s0_22800_23940,,,
17-020-ls-r3-1-71s0_23940_25080,,,
17-020-ls-r3-1-71s0_27360_28500,0.9595307111740112,7.0,"[45.762367248535156, 235.7194366455078, 412.618408203125, 336.01971435546875]"
17-028-ls-1-71s0-76xf_10260_11400,,,
17-028-ls-1-71s0-76xf_15960_17100,,,
17-028-ls-1-71s0-76xf_20520_21660,,,
17-028-ls-1-71s0-76xf_21660_22800,,,
17-028-ls-1-71s0-76xf_2280_3420,0.9655569195747375,6.0,"[107.95062255859375, 249.77919006347656, 361.6627502441406, 336.5042724609375]"
17-028-ls-1-71s0-76xf_28500_29640,0.8974515795707703,7.0,"[769.3353271484375, 327.3934631347656, 1138.7557373046875, 440.83642578125]"
17-028-r1-ls-1-71s0_1140_2280,0.9508315920829773,6.0,"[583.0335083007812, 235.98243713378906, 830.389404296875, 320.9789123535156]"
17-028-r1-ls-1-71s0_28500_29640,0.9631116390228271,7.0,"[241.6053009033203, 251.1027374267578, 622.0484008789062, 367.7433776855469]"
17-029-zh-1-71s0-76xf_1140_2280,0.7842785716056824,6.0,"[886.74755859375, 246.39857482910156, 1133.595703125, 332.0865478515625]"
17-029-zh-1-71s0-76xf_19380_20520,0.9207934737205505,7.0,"[580.318603515625, 256.199462890625, 952.8814086914062, 374.22576904296875]"
17-029-zh-1-71s0-76xf_23940_25080,,,
17-029-zh-1-71s0-76xf_27360_28500,0.8765991926193237,7.0,"[406.1421813964844, 246.8373260498047, 777.5093994140625, 347.342529296875]"
17-029-zh-1-71s0-76xf_7980_9120,,,
17-029-zh-r3-1-71s0_12540_13680,,,
17-029-zh-r3-1-71s0_14820_15960,,,
17-029-zh-r3-1-71s0_22800_23940,,,
17-029-zh-r3-1-71s0_7980_9120,,,
17-029-zh-vr-1-71s0-76xf_30780_31920,,,
17-030-ls-34-g01_11400_12540,,,
17-030-ls-34-g01_20520_21660,,,
17-040-ls-34-g01_1140_2280,,,
17-040-ls-34-g01_17100_18240,,,
17-040-ls-34-g01_20520_21660,,,
17-040-ls-34-g01_9120_10260,0.506182849407196,0.0,"[99.6783676147461, 591.6905517578125, 107.02339172363281, 598.5259399414062]"
17-050-ls-14-h02_0_1140,,,
17-050-ls-14-h02_12540_13680,,,
17-050-ls-14-h02_27360_28500,0.9300288558006287,7.0,"[62.292640686035156, 305.7085266113281, 439.7651672363281, 410.65911865234375]"
17-070-ls-14-h02_22800_23940,0.34144824743270874,0.0,"[282.84259033203125, 604.8051147460938, 290.469970703125, 611.6358032226562]"
17-070-ls-14-h02_23940_25080,,,
17-080-ls-14-h02_23940_25080,0.30115848779678345,0.0,"[541.4016723632812, 624.43212890625, 549.0906372070312, 631.3363647460938]"
17-080-ls-14-h02_27360_28500,0.9492056965827942,7.0,"[66.04036712646484, 283.8654479980469, 443.3949890136719, 389.60272216796875]"
17-080-ls-14-h02_29640_30780,,,
17-080-ls-14-h02_3420_4560,0.9423783421516418,7.0,"[114.77471160888672, 295.332275390625, 495.887451171875, 416.1809997558594]"
17-090-ls-34-g01_11400_12540,,,
17-090-ls-34-g01_23940_25080,,,
17-100-ls-34-g01_23940_25080,0.3847081661224365,0.0,"[994.0868530273438, 637.0481567382812, 1002.3396606445312, 644.3707275390625]"
17-100-ls-34-g01_26220_27360,0.9381647109985352,6.0,"[557.1787719726562, 342.9411926269531, 805.52783203125, 426.2637023925781]"
17-110-ls-34-g01_18240_19380,0.27618518471717834,0.0,"[413.47515869140625, 610.5341796875, 422.0618591308594, 618.533447265625]"
17-110-ls-34-g01_25080_26220,,,
17-110-ls-34-g01_26220_27360,0.8537338972091675,6.0,"[211.93008422851562, 318.06268310546875, 465.1445617675781, 407.8207702636719]"
17-120-ls-34-g01_1140_2280,,,
17-120-ls-34-g01_12540_13680,,,
17-120-ls-34-g01_2280_3420,,,
17-120-ls-34-g01_27360_28500,0.9443432688713074,7.0,"[453.4217224121094, 274.3121337890625, 827.3113403320312, 377.8433532714844]"
17-130-ls-34-g01_2280_3420,0.9388588666915894,6.0,"[70.80192565917969, 327.0907287597656, 324.06011962890625, 413.57794189453125]"
17-130-ls-34-g01_27360_28500,0.9492225646972656,7.0,"[610.642333984375, 304.4736328125, 977.57861328125, 404.37030029296875]"
17-150-ls-34-g01_2280_3420,,,
17-150-ls-34-g01_9120_10260,0.9117027521133423,6.0,"[313.24981689453125, 348.28607177734375, 563.6283569335938, 435.0393981933594]"
17-150-ls-r1-1-1sr4szamerami_23940_25080,,,
17-150-ls-r1-1-1sr4szamerami_7980_9120,,,
17-150-ls-r1-1-1sr4_15960_17100,,,
17-150-ls-r1-1-1sr4_18240_19380,0.9373811483383179,6.0,"[205.225830078125, 338.82025146484375, 458.1748962402344, 420.5124816894531]"
17-150-ls-r1-1-1sr4_21660_22800,,,
17-150-ls-r1-1-1sr4_4560_5700,,,
17-160-ls-14-h02_13680_14820,,,
17-170-ls-14-h02_27360_28500,0.3205554485321045,6.0,"[59.62840270996094, 311.124755859375, 314.7101135253906, 398.1609802246094]"
17-170-ls-14-h02_29640_30780,,,
17-170-ls-14-h02_5700_6840,,,
17-180-ls-14-h02_0_1140,,,
17-190-ls-14-h02_11400_12540,,,
17-190-ls-14-h02_4560_5700,,,
17-190-ls-14-h02_6840_7980,,,
17-200-ls-34-g01_1140_2280,,,
17-200-ls-34-g01_20520_21660,,,
17-210-ls-34-g01_0_1140,,,
17-210-ls-34-g01_20520_21660,,,
17-210-ls-34-g01_28500_29640,,,
17-220-ls-34-g01_15960_17100,,,
17-230-ls-34-g01_13680_14820,,,
17-230-ls-34-g01_14820_15960,,,
17-230-ls-34-g01_21660_22800,,,
17-230-ls-34-g01_6840_7980,,,
17-230-ls-34-g01_7980_9120,,,
17-240-ls-34-g01_0_1140,,,
17-240-ls-34-g01_23940_25080,,,
17-240-ls-r1-1-1sr4_13680_14820,,,
17-240-ls-r1-1-1sr4_14820_15960,,,
17-240-ls-r1-1-1sr4_20520_21660,,,
17-240-ls-r1-1-1sr4_9120_10260,,,
17-250-ls-34-g01_1140_2280,0.9357739686965942,6.0,"[503.3469543457031, 313.43853759765625, 752.8944091796875, 401.91424560546875]"
17-260-ls-34-g01_0_1140,,,
17-260-ls-34-g01_1140_2280,,,
17-260-ls-34-g01_25080_26220,,,
17-260-ls-34-g01_29640_30780,,,
17-260-ls-34-g01_6840_7980,,,
17-270-ls-14-h02_0_1140,,,
17-270-ls-14-h02_13680_14820,,,
17-280-ls-14-h02_15960_17100,,,
17-280-ls-14-h02_25080_26220,0.2883851230144501,0.0,"[1121.70654296875, 658.5016479492188, 1130.5574951171875, 666.0216674804688]"
17-280-ls-14-h02_28500_29640,,,
17-280-ls-14-h02_4560_5700,,,
17-290-ls-14-h02_1140_2280,,,
17-300-ls-14-h02_15960_17100,,,
17-300-ls-14-h02_17100_18240,,,
17-300-ls-14-h02_25080_26220,,,
17-300-ls-14-h02_28500_29640,0.2792953550815582,0.0,"[388.4898681640625, 591.07373046875, 394.8438720703125, 596.4560546875]"
17-300-ls-14-h02_5700_6840,,,
17-300-ls-14-h02_9120_10260,0.9424349665641785,6.0,"[576.9926147460938, 301.2451171875, 824.8947143554688, 386.8847961425781]"
17-310-ls-14-h02_11400_12540,,,
17-310-ls-14-h02_25080_26220,0.2502589821815491,0.0,"[185.0215606689453, 601.2754516601562, 193.17788696289062, 607.8737182617188]"
17-310-ls-14-h02_28500_29640,,,
17-310-ls-14-h02_29640_30780,,,
17-320-ls-34-g01_11400_12540,,,
17-320-ls-34-g01_29640_30780,,,
17-320-ls-34-g01_7980_9120,,,
17-330-ls-34-g01_0_1140,,,
17-330-ls-34-g01_17100_18240,,,
17-330-ls-34-g01_22800_23940,,,
17-330-ls-34-g01_27360_28500,0.9542669653892517,7.0,"[264.8863525390625, 290.73382568359375, 635.8723754882812, 392.6559753417969]"
17-330-ls-34-g01_6840_7980,,,
17-340-ls-34-g01_15960_17100,0.3196454644203186,0.0,"[601.3370361328125, 598.8410034179688, 621.32666015625, 614.1471557617188]"
17-340-ls-34-g01_30780_31920,,,
17-340-ls-34-g01_4560_5700,,,
17-340-ls-34-g01_6840_7980,,,
17-340-ls-r1-1-1sr4_22800_23940,,,
17-340-ls-r1-1-1sr4_26220_27360,,,
17-340-ls-r1-1-1sr4_28500_29640,,,
17-350-ls-34-g01_12540_13680,,,
17-350-ls-34-g01_14820_15960,,,
17-350-ls-34-g01_20520_21660,,,
17-350-ls-34-g01_2280_3420,,,
17-350-ls-34-g01_27360_28500,,,
17-360-ls-14-h02_19380_20520,0.25597622990608215,0.0,"[460.0355529785156, 586.7548217773438, 466.51153564453125, 592.5969848632812]"
17-360-ls-14-h02_28500_29640,,,
17-370-ls-14-h02_23940_25080,,,
17-380-ls-14-h02_1140_2280,,,
17-380-ls-14-h02_15960_17100,,,
17-380-ls-14-h02_20520_21660,0.2560915946960449,0.0,"[752.0255737304688, 638.367919921875, 758.9371948242188, 644.267822265625]"
17-380-ls-14-h02_5700_6840,0.25709909200668335,0.0,"[973.0440063476562, 635.4832763671875, 979.7823486328125, 642.0114135742188]"
17-380-ls-14-h02_6840_7980,0.2507835626602173,0.0,"[18.66863441467285, 618.9898681640625, 26.5277099609375, 625.9981689453125]"
17-380-ls-14-h02_7980_9120,,,
17-380-ls-r1-1-31he_15960_17100,0.29180094599723816,0.0,"[1079.1309814453125, 608.4910888671875, 1088.5577392578125, 616.7379760742188]"
17-380-ls-r1-1-31he_4560_5700,,,
17-380-ls-r1-1-31he_5700_6840,0.3079821765422821,0.0,"[958.8613891601562, 568.1596069335938, 965.1212158203125, 575.1185913085938]"
17-390-ls-14-h02_11400_12540,0.25596532225608826,0.0,"[1026.1121826171875, 666.2630615234375, 1035.5721435546875, 674.024169921875]"
17-390-ls-14-h02_21660_22800,,,
17-390-ls-r1-1-31he_20520_21660,0.3808801472187042,0.0,"[563.0906372070312, 601.248046875, 577.83251953125, 615.5083618164062]"
17-400-ls-34-g01_27360_28500,0.9464077353477478,7.0,"[94.85002136230469, 299.6117248535156, 472.13653564453125, 401.2405090332031]"
17-400-ls-34-g01_9120_10260,0.9595932960510254,6.0,"[251.4836883544922, 422.32000732421875, 501.1083068847656, 506.2923278808594]"
17-410-ls-34-g01_1140_2280,0.32406556606292725,0.0,"[42.044403076171875, 565.3026123046875, 48.788421630859375, 570.9053344726562]"
17-410-ls-34-g01_13680_14820,,,
17-410-ls-34-g01_14820_15960,,,
17-420-ls-34-71so-76xf_10260_11400,,,
17-420-ls-34-71so-76xf_15960_17100,,,
17-420-ls-34-71so-76xf_25080_26220,,,
170-b1-14-d01peresveton120_10260_11400,0.9524345397949219,7.0,"[665.6619262695312, 83.6953353881836, 1044.936767578125, 185.56509399414062]"
170-b1-14-d01peresveton120_15960_17100,0.44820499420166016,0.0,"[951.8834228515625, 483.6428527832031, 971.888427734375, 503.2310485839844]"
170-b1-14-d01peresveton120_17100_18240,,,
170-b1-14-d01peresveton120_19380_20520,0.9660279750823975,7.0,"[278.39849853515625, 88.84745025634766, 645.9515380859375, 196.0523681640625]"
170-b1-14-d01peresveton120_23940_25080,0.37350916862487793,0.0,"[848.1908569335938, 590.8013916015625, 855.2181396484375, 597.2203979492188]"
170-b1-14-d01peresveton120_3420_4560,0.866719126701355,7.0,"[751.562744140625, 77.24501037597656, 1133.843505859375, 181.40402221679688]"
1700-b1-14-h01_1140_2280,0.9525274038314819,6.0,"[709.8908081054688, 333.8419494628906, 959.3626098632812, 425.3389892578125]"
1700-b1-14-h01_22800_23940,,,
1700-b1-14-h01_3420_4560,0.9638468623161316,7.0,"[287.8895263671875, 315.02484130859375, 665.3147583007812, 433.8692932128906]"
1710-b1-14-h01_13680_14820,,,
1710-b1-14-h01_19380_20520,,,
1710-b1-14-h01_2280_3420,,,
1720-b1-14-h01_25080_26220,,,
1720-b1-14-h01_30780_31920,,,
1730-b1-14-h01_0_1140,,,
1730-b1-14-h01_1140_2280,,,
1730-b1-14-h01_12540_13680,,,
1730-b1-14-h01_17100_18240,,,
1730-b1-14-h01_25080_26220,,,
1740-b1-14-d01_26220_27360,0.935283362865448,6.0,"[725.0926513671875, 354.1541442871094, 971.6424560546875, 437.3351745605469]"
1740-b1-14-d01_6840_7980,,,
1740-b1-14-d01_9120_10260,0.9317150712013245,6.0,"[636.7025756835938, 278.4358825683594, 885.663818359375, 366.7928161621094]"
1750-b1-14-d01_15960_17100,0.2533092200756073,0.0,"[582.2196044921875, 665.479736328125, 590.3192749023438, 672.4680786132812]"
1750-b1-14-d01_30780_31920,,,
1750-b1-14-d01_3420_4560,0.9584269523620605,7.0,"[262.02398681640625, 337.86627197265625, 640.1057739257812, 455.20367431640625]"
1760-b1-14-d01_0_1140,,,
1760-b1-14-d01_14820_15960,,,
1770-b1-14-d01_15960_17100,,,
1770-b1-14-d01_3420_4560,0.40884101390838623,7.0,"[185.766845703125, 336.4502258300781, 565.2079467773438, 457.1772155761719]"
1770-b1-14-d01_7980_9120,,,
1780-b1-14-d01_10260_11400,0.26771512627601624,0.0,"[1003.2327880859375, 599.8733520507812, 1011.4974365234375, 607.7674560546875]"
1780-b1-14-d01_3420_4560,,,
1790-b1-14-d01_12540_13680,,,
1790-b1-14-d01_13680_14820,,,
1790-b1-14-d01_20520_21660,,,
18-008-ls-1-71so-76xf_28500_29640,,,
18-008-ls-1-71so-76xf_29640_30780,,,
18-008-ls-1-71so-76xf_4560_5700,,,
18-010-ls-34-g01_18240_19380,0.9456969499588013,7.0,"[539.7500610351562, 290.4228515625, 914.127197265625, 402.81146240234375]"
18-010-ls-34-g01_23940_25080,,,
18-010-ls-34-g01_5700_6840,,,
18-020-ls-34-g01_1140_2280,,,
18-030-ls-34-g01_25080_26220,,,
18-030-ls-34-g01_5700_6840,,,
18-040-ls-34-g01_10260_11400,0.9387699365615845,7.0,"[77.81240844726562, 262.8948669433594, 461.0435485839844, 368.19537353515625]"
18-040-ls-34-g01_18240_19380,0.2870321273803711,7.0,"[683.5775146484375, 332.4721374511719, 1054.11181640625, 445.0924072265625]"
18-040-ls-34-g01_26220_27360,0.9659356474876404,6.0,"[372.6799011230469, 342.0003356933594, 623.4598388671875, 428.2657470703125]"
18-050-ls-14-h02_21660_22800,,,
18-060-ls-14-h02_17100_18240,,,
18-060-ls-14-h02_19380_20520,0.9550461769104004,7.0,"[438.8044128417969, 313.51416015625, 811.6380004882812, 423.18695068359375]"
18-060-ls-14-h02_2280_3420,0.9492542147636414,6.0,"[320.6756286621094, 318.609130859375, 573.7700805664062, 406.41937255859375]"
18-060-ls-14-h02_28500_29640,,,
18-060-ls-14-h02_4560_5700,,,
18-060-ls-14-h02_5700_6840,0.3760584592819214,0.0,"[1091.9854736328125, 623.0761108398438, 1098.2640380859375, 629.0153198242188]"
18-070-ls-14-h02_17100_18240,0.29640713334083557,0.0,"[462.8984069824219, 609.8731689453125, 468.949462890625, 615.8270263671875]"
18-070-ls-14-h02_20520_21660,0.34824854135513306,0.0,"[834.3642578125, 620.0315551757812, 841.2797241210938, 625.9646606445312]"
18-070-ls-14-h02_27360_28500,0.9450054168701172,7.0,"[312.5627746582031, 308.7588806152344, 684.4025268554688, 411.0857238769531]"
18-070-ls-14-h02_9120_10260,0.9490861296653748,6.0,"[443.6551513671875, 393.3135070800781, 690.4173583984375, 477.46612548828125]"
18-080-ls-14-h02_11400_12540,,,
18-080-ls-14-h02_13680_14820,,,
18-080-ls-14-h02_17100_18240,0.4759674370288849,0.0,"[140.6390380859375, 636.9401245117188, 152.60601806640625, 649.3290405273438]"
18-080-ls-14-h02_18240_19380,0.9129423499107361,6.0,"[505.38775634765625, 317.0852966308594, 755.8346557617188, 399.2548522949219]"
18-080-ls-14-h02_29640_30780,,,
18-090-ls-34-g01_15960_17100,,,
18-090-ls-34-g01_17100_18240,,,
18-090-ls-34-g01_25080_26220,,,
18-100-ls-34-g01_22800_23940,,,
18-100-ls-34-g01_4560_5700,,,
18-100-ls-34-g01_6840_7980,,,
18-100-ls-r1-1-1sr4_19380_20520,0.9492233991622925,7.0,"[605.6398315429688, 200.21302795410156, 979.6564331054688, 306.7593688964844]"
18-100-ls-r1-1-1sr4_4560_5700,0.2657224237918854,0.0,"[351.019287109375, 535.6802368164062, 357.1067199707031, 541.7203369140625]"
18-100-ls-r1-1-1sr4_5700_6840,,,
18-110-ls-34-g01_11400_12540,,,
18-110-ls-34-g01_13680_14820,,,
18-110-ls-34-g01_30780_31920,,,
18-110-ls-34-g01_5700_6840,,,
18-120-ls-34-g01_14820_15960,,,
18-120-ls-34-g01_17100_18240,,,
18-120-ls-34-g01_23940_25080,,,
18-120-ls-34-g01_25080_26220,,,
18-120-ls-34-g01_26220_27360,0.9338634014129639,6.0,"[482.4870300292969, 315.6783447265625, 733.0700073242188, 400.6994323730469]"
18-130-ls-34-g01_19380_20520,0.9012462496757507,7.0,"[218.19886779785156, 300.7950439453125, 594.3429565429688, 414.6686706542969]"
18-130-ls-34-g01_22800_23940,,,
18-130-ls-34-g01_30780_31920,,,
18-140-ls-14-h02_23940_25080,,,
18-140-ls-14-h02_29640_30780,,,
18-140-ls-14-h02_7980_9120,,,
18-150-ls-14-h02_1140_2280,0.9433807730674744,6.0,"[771.1567993164062, 336.262451171875, 1019.3776245117188, 426.04852294921875]"
18-150-ls-14-h02_21660_22800,,,
18-150-ls-14-h02_22800_23940,,,
18-150-ls-r3-1-14fn_11400_12540,0.4352225363254547,0.0,"[99.25273895263672, 621.0745239257812, 107.89073944091797, 628.7107543945312]"
18-150-ls-r3-1-14fn_3420_4560,0.901160478591919,7.0,"[462.3731689453125, 349.7038269042969, 836.9378051757812, 466.8760070800781]"
18-160-ls-14-h02_1140_2280,0.9248734712600708,6.0,"[339.13043212890625, 330.357177734375, 588.5693359375, 414.64508056640625]"
18-160-ls-14-h02_15960_17100,,,
18-160-ls-14-h02_17100_18240,0.9266824126243591,6.0,"[682.7073364257812, 325.30029296875, 931.897216796875, 410.01025390625]"
18-160-ls-14-h02_20520_21660,0.26566582918167114,0.0,"[34.5374641418457, 618.4976196289062, 41.150142669677734, 624.4384155273438]"
18-170-ls-34-g01_14820_15960,,,
18-170-ls-34-g01_23940_25080,,,
18-170-ls-34-g01_3420_4560,0.9568859934806824,7.0,"[250.2090301513672, 293.9501953125, 628.7642211914062, 413.8620910644531]"
18-170-ls-34-g01_5700_6840,,,
18-180-ls-34-g01_26220_27360,,,
18-200-ls-14-h02_17100_18240,,,
18-210-ls-14-h02_17100_18240,0.9540718197822571,6.0,"[828.402587890625, 336.67120361328125, 1076.099609375, 419.86309814453125]"
18-210-ls-14-h02_21660_22800,,,
18-210-ls-14-h02_28500_29640,0.2929559648036957,0.0,"[487.5221252441406, 661.3814697265625, 493.9715576171875, 666.4529418945312]"
18-210-ls-14-h02_29640_30780,,,
18-210-ls-14-h02_4560_5700,,,
18-210-ls-r1-1-14fn_30780_31920,,,
18-220-ls-14-h02_25080_26220,,,
18-220-ls-14-h02_30780_31920,,,
18-220-ls-14-h02_4560_5700,0.3946003317832947,0.0,"[244.2534942626953, 650.1135864257812, 253.47836303710938, 658.2163696289062]"
18-230-ls-14-h02_12540_13680,,,
18-230-ls-14-h02_14820_15960,,,
18-230-ls-14-h02_26220_27360,0.8950099945068359,6.0,"[230.7488250732422, 321.31298828125, 483.8121643066406, 409.0664367675781]"
18-230-ls-14-h02_7980_9120,,,
18-240-ls-34-g01_10260_11400,0.9571477174758911,7.0,"[697.2218627929688, 321.5851135253906, 1071.82275390625, 422.3655090332031]"
18-240-ls-34-g01_1140_2280,,,
18-240-ls-34-g01_18240_19380,0.9680624604225159,6.0,"[549.0995483398438, 339.76409912109375, 798.6838989257812, 422.6866149902344]"
18-250-ls-14-h02_11400_12540,,,
18-260-ls-14-h02_29640_30780,,,
18-270-ls-14-h02_28500_29640,,,
18-290-ls-14-h02_12540_13680,,,
18-310-ls-14-h02_2280_3420,0.25199830532073975,0.0,"[463.2786560058594, 639.1588134765625, 473.1719055175781, 647.5715942382812]"
18-310-ls-14-h02_25080_26220,,,
18-310-ls-14-h02_27360_28500,0.9448662996292114,7.0,"[464.9288024902344, 304.390869140625, 834.3983154296875, 404.29193115234375]"
18-310-ls-14-h02_30780_31920,,,
18-310-ls-14-h02_6840_7980,,,
18-320-ls-14-h02_21660_22800,,,
18-330-ls-14-h02_15960_17100,0.28736913204193115,0.0,"[1031.1119384765625, 510.5992431640625, 1039.2274169921875, 518.1363525390625]"
18-330-ls-14-h02_6840_7980,0.4928097128868103,0.0,"[314.26885986328125, 494.5149230957031, 324.53277587890625, 503.1914978027344]"
180-b1-14-h01_26220_27360,0.3610343933105469,0.0,"[205.26058959960938, 523.4588623046875, 212.57546997070312, 529.8864135742188]"
180-b1-14-h01_27360_28500,0.9265471696853638,7.0,"[303.626953125, 177.43836975097656, 669.9951171875, 278.1438293457031]"
180-b1-14-h01_4560_5700,,,
180-b1-14-h01_6840_7980,0.30020061135292053,0.0,"[182.51791381835938, 564.7845458984375, 188.53530883789062, 570.457763671875]"
180-r1b1-1-14fn(remont)_2280_3420,0.2580870985984802,0.0,"[1003.032470703125, 557.5587158203125, 1011.2698364257812, 564.0161743164062]"
180-r1b1-1-14fn(remont)_29640_30780,,,
180-r1b1-1-14fn(remont)_3420_4560,0.9455816149711609,7.0,"[717.1537475585938, 125.56688690185547, 1097.2337646484375, 236.96583557128906]"
180-r1b1-1-14fn(remont)_5700_6840,,,
1800-b1-14-h01_11400_12540,,,
1800-b1-14-h01_17100_18240,,,
1800-b1-14-h01_20520_21660,,,
1800-b1-14-h01_30780_31920,,,
1810-b1-14-h01_15960_17100,,,
1810-b1-14-h01_6840_7980,,,
1820-b1-14-h01_0_1140,,,
1820-b1-14-h01_25080_26220,,,
1830-b1-14-h01_10260_11400,0.9438997507095337,7.0,"[318.99822998046875, 240.998779296875, 698.7749633789062, 345.4005432128906]"
1840-b1-14-h01_12540_13680,,,
1840-b1-14-h01_13680_14820,,,
1840-b1-14-h01_28500_29640,,,
1840-b1-14-h01_7980_9120,0.26890048384666443,0.0,"[959.0279541015625, 601.4668579101562, 967.3693237304688, 608.6233520507812]"
1860-b1-14-d01_1140_2280,0.9417714476585388,6.0,"[656.4873657226562, 326.410888671875, 905.9705810546875, 417.3045654296875]"
1860-b1-14-d01_15960_17100,,,
1860-b1-14-d01_18240_19380,0.8954982757568359,6.0,"[85.75660705566406, 288.8249816894531, 341.50775146484375, 371.58001708984375]"
1870-b1-14-d01_12540_13680,,,
1870-b1-14-d01_27360_28500,0.9418550133705139,7.0,"[551.42041015625, 322.2694396972656, 917.7551879882812, 420.6957702636719]"
1880-b1-14-d01_21660_22800,,,
1880-b1-14-d01_6840_7980,0.3104376196861267,0.0,"[1071.61376953125, 621.1162109375, 1078.9793701171875, 627.3101806640625]"
1880-b1-14-d01_9120_10260,0.8858187794685364,6.0,"[474.4936218261719, 349.1097717285156, 723.0889892578125, 434.1528625488281]"
1890-b1-14-d01_17100_18240,,,
1890-b1-14-d01_19380_20520,0.38938698172569275,0.0,"[64.6260986328125, 520.9623413085938, 73.88728332519531, 529.9036254882812]"
1890-b1-14-d01_21660_22800,,,
1890-b1-14-d01_26220_27360,0.9294326901435852,6.0,"[592.8267822265625, 341.9591979980469, 840.1621704101562, 424.3203125]"
1890-b1-14-d01_3420_4560,0.940097987651825,7.0,"[377.5187072753906, 250.98495483398438, 758.360595703125, 373.1727294921875]"
19-090-r1-ls-1-18aa_7980_9120,,,
19-100-ls-34-v01_17100_18240,,,
19-100-ls-34-v01_19380_20520,0.8644171357154846,7.0,"[240.90440368652344, 286.8121337890625, 620.4501953125, 403.41522216796875]"
19-100-ls-34-v01_29640_30780,,,
19-100-ls-34-v01_6840_7980,,,
19-110-ls-34-v01_1140_2280,0.9583691358566284,6.0,"[164.00930786132812, 283.1976013183594, 417.03973388671875, 371.10345458984375]"
19-110-ls-34-v01_12540_13680,,,
19-120-ls-34-v01_11400_12540,0.333888441324234,0.0,"[789.4994506835938, 604.0706176757812, 796.9970092773438, 611.3633422851562]"
19-120-ls-34-v01_23940_25080,,,
19-120-ls-34-v01_26220_27360,0.9555830955505371,6.0,"[833.8692016601562, 330.3555603027344, 1081.6920166015625, 416.4273681640625]"
19-120-ls-34-v01_30780_31920,,,
19-130-ls-34-g01_11400_12540,,,
19-130-ls-34-g01_26220_27360,0.9380462169647217,6.0,"[222.13246154785156, 306.8258361816406, 472.123046875, 392.5455627441406]"
19-130-ls-34-g01_5700_6840,,,
19-130-ls-34-v01_11400_12540,0.9681423902511597,7.0,"[697.5191650390625, 269.7159118652344, 1074.46875, 380.8283386230469]"
19-130-ls-34-v01_12540_13680,,,
19-130-ls-34-v01_2280_3420,,,
19-130-ls-34-v01_27360_28500,,,
19-140-ls-14-h02_26220_27360,0.3508617579936981,0.0,"[841.6256103515625, 576.7196044921875, 849.849609375, 585.1932983398438]"
19-140-ls-34-v01_13680_14820,,,
19-140-ls-34-v01_3420_4560,0.9544283151626587,7.0,"[233.6898956298828, 229.8261260986328, 605.5197143554688, 337.2171936035156]"
19-150-ls-14-h02_18240_19380,0.34399282932281494,0.0,"[178.93113708496094, 581.635498046875, 188.29318237304688, 589.9322509765625]"
19-150-ls-14-h02_23940_25080,0.2901698648929596,0.0,"[727.2769775390625, 603.83203125, 733.6568603515625, 609.9293212890625]"
19-150-ls-14-h02_26220_27360,0.9381784200668335,6.0,"[112.8643569946289, 274.23736572265625, 365.4634704589844, 359.290771484375]"
19-150-ls-34-v01_0_1140,0.3045445680618286,0.0,"[954.4902954101562, 576.2664184570312, 961.6197509765625, 582.3645629882812]"
19-150-ls-34-v01_1140_2280,0.9702982902526855,6.0,"[377.4700012207031, 227.2371826171875, 623.9798583984375, 312.4877624511719]"
19-150-ls-34-v01_13680_14820,,,
19-150-ls-34-v01_15960_17100,,,
19-150-ls-34-v01_29640_30780,,,
19-160-ls-14-h02_12540_13680,,,
19-160-ls-14-h02_2280_3420,,,
19-160-ls-14-h02_25080_26220,,,
19-160-ls-34-v01_10260_11400,0.950289249420166,6.0,"[29.676090240478516, 226.39437866210938, 277.7538757324219, 316.8061218261719]"
19-160-ls-34-v01_25080_26220,0.3100571632385254,0.0,"[469.1112365722656, 567.8921508789062, 477.2880859375, 575.1507568359375]"
19-170-ls-34-g01_0_1140,,,
19-170-ls-34-g01_15960_17100,,,
19-170-ls-34-g01_3420_4560,0.9516943693161011,7.0,"[694.0601196289062, 332.4406433105469, 1066.632568359375, 449.1559143066406]"
19-170-ls-34-g01_4560_5700,,,
19-170-ls-34-g01_5700_6840,,,
19-170-ls-34-g01_7980_9120,,,
19-170-ls-34-v01_12540_13680,,,
19-170-ls-34-v01_23940_25080,0.2557294964790344,0.0,"[915.5421142578125, 568.2791748046875, 925.514404296875, 576.7012329101562]"
19-170-ls-34-v01_6840_7980,,,
19-180-ls-34-v01_0_1140,,,
19-180-ls-34-v01_2280_3420,,,
19-180-ls-34-v01_29640_30780,,,
19-180-ls-34-v01_5700_6840,,,
19-180-r1-ls-1-18aa_11400_12540,,,
19-180-r1-ls-1-18aa_2280_3420,,,
19-180-r1-ls-1-18aa_6840_7980,,,
19-180-r1-ls-1-18aa_7980_9120,,,
19-190-ls-34-g01_21660_22800,,,
19-190-ls-34-g01_27360_28500,,,
19-190-ls-34-g01_4560_5700,,,
19-190-ls-34-v01_14820_15960,,,
19-190-ls-34-v01_17100_18240,,,
19-190-ls-34-v01_5700_6840,,,
19-200-ls-14-h02_10260_11400,0.9348509311676025,7.0,"[20.316974639892578, 312.3584899902344, 403.5290222167969, 416.9124450683594]"
19-200-ls-14-h02_27360_28500,0.9545279145240784,7.0,"[85.19120025634766, 283.10137939453125, 459.2890319824219, 390.96917724609375]"
19-200-ls-14-h02_29640_30780,,,
19-200-ls-14-h02_4560_5700,0.47281381487846375,0.0,"[1014.7468872070312, 677.809326171875, 1023.835205078125, 687.438232421875]"
19-200-ls-34-v01_11400_12540,0.9696750044822693,7.0,"[684.8618774414062, 313.0543518066406, 1070.1734619140625, 422.2495422363281]"
19-200-ls-34-v01_1140_2280,0.9564299583435059,6.0,"[585.966064453125, 225.63768005371094, 835.28125, 311.2275695800781]"
19-210-ls-14-h02_10260_11400,0.2855217456817627,0.0,"[1078.3028564453125, 639.3878173828125, 1090.247802734375, 647.5299682617188]"
19-210-ls-14-h02_30780_31920,,,
19-210-ls-34-v01_0_1140,,,
19-210-ls-34-v01_10260_11400,0.33406195044517517,0.0,"[779.25537109375, 577.2227783203125, 785.2645263671875, 583.4163818359375]"
19-210-ls-34-v01_21660_22800,,,
19-210-ls-34-v01_30780_31920,,,
19-210-ls-34-v01_3420_4560,0.6408820152282715,7.0,"[798.9085083007812, 220.48756408691406, 1140.0, 341.102783203125]"
19-210-ls-34-v01_9120_10260,,,
19-220-ls-14-h02_12540_13680,0.27150705456733704,0.0,"[902.251708984375, 642.9954833984375, 909.9338989257812, 649.8271484375]"
19-220-ls-14-h02_14820_15960,,,
19-220-ls-14-h02_22800_23940,,,
19-220-ls-14-h02_25080_26220,,,
19-220-ls-14-h02_29640_30780,,,
19-220-ls-34-v01_18240_19380,0.9644030332565308,6.0,"[839.6100463867188, 236.28717041015625, 1098.725341796875, 331.47125244140625]"
19-220-ls-34-v01_19380_20520,,,
19-220-ls-34-v01_20520_21660,0.9470182657241821,7.0,"[487.2247314453125, 228.4068145751953, 865.791015625, 331.9144287109375]"
19-230-ls-14-h02_15960_17100,,,
19-230-ls-14-h02_20520_21660,0.2922171950340271,0.0,"[183.46412658691406, 578.93310546875, 189.63485717773438, 584.8164672851562]"
19-230-ls-14-h02_7980_9120,0.28689560294151306,0.0,"[258.5843811035156, 567.4213256835938, 264.36395263671875, 572.6024780273438]"
19-240-ls-34-g01_10260_11400,0.9457511901855469,7.0,"[460.43743896484375, 323.6778869628906, 836.2218017578125, 424.1727294921875]"
19-240-ls-34-g01_18240_19380,0.9494553804397583,6.0,"[295.5244140625, 313.56988525390625, 548.615478515625, 396.1258239746094]"
19-240-ls-34-g01_2280_3420,,,
19-240-ls-34-g01_9120_10260,0.9344158172607422,6.0,"[646.1168823242188, 335.94854736328125, 892.919921875, 418.2096252441406]"
19-240-ls-34-v01_18240_19380,0.9503543972969055,6.0,"[265.7479248046875, 254.58023071289062, 519.0018310546875, 352.0047302246094]"
19-240-ls-34-v01_19380_20520,,,
19-250-ls-14-h02_0_1140,,,
19-250-ls-14-h02_2280_3420,0.26145660877227783,0.0,"[772.50244140625, 673.1936645507812, 779.364990234375, 678.6859130859375]"
19-250-ls-34-v01_12540_13680,,,
19-250-ls-34-v01_26220_27360,0.9467955827713013,6.0,"[327.4715576171875, 226.46588134765625, 576.5106201171875, 315.51617431640625]"
19-250-ls-34-v01_27360_28500,0.7855011820793152,7.0,"[115.29535675048828, 212.04393005371094, 480.8550720214844, 314.373779296875]"
19-260-ls-14-h02_1140_2280,0.3594088852405548,0.0,"[253.91940307617188, 593.508544921875, 260.1038818359375, 599.7939453125]"
19-260-ls-14-h02_22800_23940,,,
19-260-ls-14-h02_30780_31920,,,
19-260-ls-34-v01_12540_13680,,,
19-270-ls-14-h02_0_1140,,,
19-270-ls-14-h02_28500_29640,,,
19-270-ls-14-h02_30780_31920,,,
19-270-ls-14-h02_6840_7980,0.3219169080257416,0.0,"[502.98736572265625, 578.03662109375, 509.2242431640625, 583.5075073242188]"
19-270-ls-14-h02_7980_9120,,,
19-270-ls-34-v01_0_1140,,,
19-270-ls-34-v01_27360_28500,0.9684648513793945,7.0,"[83.0563735961914, 218.0549774169922, 448.5564270019531, 321.9257507324219]"
19-270-ls-34-v01_29640_30780,,,
19-280-ls-14-h02_10260_11400,0.8120051622390747,7.0,"[476.3357849121094, 322.6712951660156, 851.3712768554688, 430.26324462890625]"
19-280-ls-14-h02_18240_19380,0.9293730854988098,6.0,"[323.687744140625, 297.69866943359375, 575.8070068359375, 379.7544250488281]"
19-280-ls-34-v01_0_1140,,,
19-280-ls-34-v01_11400_12540,0.9747700691223145,7.0,"[522.3701782226562, 268.79205322265625, 903.4397583007812, 383.3454895019531]"
19-280-ls-34-v01_3420_4560,0.95709627866745,7.0,"[66.93565368652344, 245.38731384277344, 438.8330993652344, 356.5328674316406]"
19-290-ls-14-h02_0_1140,,,
19-290-ls-14-h02_2280_3420,,,
19-290-ls-14-h02_7980_9120,,,
19-290-ls-34-v01_11400_12540,0.9549456238746643,7.0,"[302.396728515625, 241.2411651611328, 676.3154907226562, 343.0079650878906]"
19-290-ls-34-v01_18240_19380,,,
19-290-ls-34-v01_20520_21660,,,
19-290-ls-34-v01_22800_23940,,,
19-290-ls-34-v01_5700_6840,,,
19-300-ls-14-h02_23940_25080,,,
19-300-ls-34-v01_17100_18240,,,
19-300-ls-34-v01_20520_21660,0.9683355689048767,7.0,"[648.7791137695312, 244.96192932128906, 1031.5968017578125, 349.464111328125]"
19-300-ls-34-v01_26220_27360,,,
19-300-ls-34-v01_27360_28500,,,
19-300-ls-34-v01_4560_5700,,,
19-310-ls-14-h02_1140_2280,0.26777324080467224,0.0,"[1038.1982421875, 634.818115234375, 1047.9139404296875, 643.7479248046875]"
19-310-ls-14-h02_2280_3420,0.41147664189338684,0.0,"[49.62234115600586, 620.7340698242188, 61.07414245605469, 631.59326171875]"
19-310-ls-14-h02_6840_7980,0.2813783884048462,0.0,"[69.62073516845703, 647.7357788085938, 75.98221588134766, 653.3964233398438]"
19-310-ls-34-v01_6840_7980,,,
19-320-ls-14-h02_18240_19380,0.25509411096572876,0.0,"[549.485595703125, 625.1971435546875, 556.1796875, 630.8136596679688]"
19-320-ls-14-h02_29640_30780,,,
19-320-ls-14-h02_4560_5700,,,
19-320-ls-34-v01_3420_4560,0.9575775265693665,7.0,"[627.0938720703125, 239.90733337402344, 1006.3397827148438, 355.0523986816406]"
19-330-ls-34-v01_21660_22800,0.3107927739620209,0.0,"[1118.6053466796875, 521.745849609375, 1126.3533935546875, 528.5791625976562]"
19-330-ls-34-v01_29640_30780,0.4293459355831146,0.0,"[355.6163330078125, 577.448974609375, 362.828857421875, 584.5361328125]"
19-330-ls-34-v01_7980_9120,,,
19-340-ls-34-v01_18240_19380,,,
19-340-ls-34-v01_20520_21660,,,
19-350-ls-34-v01_10260_11400,0.341117262840271,0.0,"[55.067684173583984, 535.788330078125, 60.91320037841797, 541.2383422851562]"
19-350-ls-34-v01_22800_23940,0.3662019968032837,0.0,"[139.86289978027344, 524.6290283203125, 148.539794921875, 531.8526611328125]"
19-350-ls-34-v01_26220_27360,0.9517580270767212,6.0,"[845.2760620117188, 220.619384765625, 1104.4713134765625, 313.3303527832031]"
19-360-ls-34-v01_1140_2280,,,
19-360-ls-34-v01_13680_14820,0.34420081973075867,0.0,"[71.5229263305664, 482.58306884765625, 80.46858215332031, 489.6858215332031]"
19-360-ls-34-v01_15960_17100,,,
19-360-ls-34-v01_5700_6840,,,
19-370-ls-34-v01_11400_12540,,,
19-370-ls-34-v01_1140_2280,,,
19-370-ls-34-v01_15960_17100,,,
19-370-ls-34-v01_22800_23940,,,
19-370-ls-34-v01_2280_3420,0.9215446710586548,6.0,"[74.75587463378906, 235.42140197753906, 321.32952880859375, 319.1803894042969]"
19-370-ls-34-v01_3420_4560,0.9720007181167603,7.0,"[700.8905029296875, 233.0755157470703, 1081.839111328125, 342.231689453125]"
19-380-ls-34-v01_13680_14820,,,
19-380-ls-34-v01_2280_3420,,,
19-380-ls-34-v01_30780_31920,,,
19-390-ls-34-v01_26220_27360,0.9000579714775085,6.0,"[525.610107421875, 219.76768493652344, 777.9420166015625, 310.0391540527344]"
19-400-ls-34-v01_17100_18240,,,
19-410-ls-34-v01_18240_19380,,,
19-410-ls-34-v01_20520_21660,0.9577202796936035,7.0,"[704.5891723632812, 220.84063720703125, 1088.8485107421875, 323.5523986816406]"
19-410-ls-34-v01_3420_4560,0.9595290422439575,7.0,"[513.0562744140625, 210.55796813964844, 890.31005859375, 320.5570373535156]"
19-410-ls-34-v01_6840_7980,,,
190-b1-14-d01_11400_12540,,,
190-b1-14-d01_15960_17100,,,
190-b1-14-d01_22800_23940,,,
190-b1-14-d01_29640_30780,,,
190-b1-14-d01_9120_10260,0.34426355361938477,0.0,"[676.9481201171875, 521.890625, 683.5632934570312, 527.4653930664062]"
1900-b1-14-d01_14820_15960,,,
1900-b1-14-d01_2280_3420,,,
1900-b1-14-d01_25080_26220,,,
1910-b1-14-d01_22800_23940,0.2796984910964966,0.0,"[680.3787841796875, 627.1112060546875, 692.5299682617188, 636.5477905273438]"
1910-b1-14-d01_29640_30780,,,
1910-b1-14-d01_6840_7980,,,
1920-b1-14-h01_11400_12540,,,
1930-b1-14-h01_10260_11400,0.29223281145095825,0.0,"[771.6608276367188, 614.366455078125, 781.5603637695312, 623.0200805664062]"
1930-b1-14-h01_5700_6840,,,
1930-b1-14-h01_7980_9120,,,
1940-b1-14-h01_14820_15960,,,
1940-b1-14-h01_20520_21660,,,
1940-r2b1-1-14fn_11400_12540,0.33126702904701233,0.0,"[247.61279296875, 490.221923828125, 254.2901153564453, 496.97613525390625]"
1950-b1-14-h01_18240_19380,0.8880414962768555,6.0,"[111.11260223388672, 325.76007080078125, 364.965576171875, 407.53729248046875]"
1960-b1-14-h01_10260_11400,,,
1960-b1-14-h01_13680_14820,0.26043465733528137,0.0,"[377.1878967285156, 629.184814453125, 388.0977783203125, 640.2224731445312]"
1960-b1-14-h01_25080_26220,,,
1960-b1-14-h01_28500_29640,,,
1960-b1-14-h01_9120_10260,0.7905563116073608,6.0,"[125.75183868408203, 317.0035095214844, 381.0820617675781, 406.0366516113281]"
1970-b1-14-h01_3420_4560,0.941036581993103,7.0,"[661.2711181640625, 383.37322998046875, 1031.839599609375, 500.8661193847656]"
1970-b1-14-h01_6840_7980,,,
1980-b1-14-d01_2280_3420,,,
1980-b1-14-d01_25080_26220,,,
1980-b1-14-d01_26220_27360,0.8800398111343384,6.0,"[767.7244262695312, 348.6527404785156, 1014.336669921875, 432.5676574707031]"
1980-b1-14-d01_9120_10260,0.903957188129425,6.0,"[682.1078491210938, 359.16748046875, 927.6997680664062, 442.484130859375]"
1990-b1-14-d01_0_1140,,,
1990-b1-14-d01_1140_2280,0.9407556653022766,6.0,"[676.6114501953125, 337.7949523925781, 926.1598510742188, 429.1439208984375]"
1990-b1-14-d01_25080_26220,,,
20-040-ls-34-v01_1140_2280,0.9572499394416809,6.0,"[219.10641479492188, 251.9785919189453, 468.25579833984375, 338.1841735839844]"
20-040-ls-34-v01_20520_21660,0.9606878161430359,7.0,"[44.99284362792969, 236.83926391601562, 418.4461669921875, 337.962890625]"
20-040-ls-34-v01_21660_22800,,,
20-060-ls-34-v01_19380_20520,,,
20-060-ls-34-v01_23940_25080,,,
20-060-ls-34-v01_3420_4560,0.9658768773078918,7.0,"[104.46687316894531, 184.81906127929688, 476.2343444824219, 290.5899658203125]"
20-060-ls-34-v01_4560_5700,,,
20-060-ls-34-v01_5700_6840,,,
20-090-ls-34-v01_21660_22800,,,
20-090-ls-34-v01_29640_30780,,,
20-100-ls-34-v01_1140_2280,0.3227614164352417,6.0,"[182.520751953125, 299.53765869140625, 433.2283020019531, 386.59735107421875]"
20-100-ls-34-v01_6840_7980,,,
20-110-ls-34-v01_1140_2280,0.966381311416626,6.0,"[822.0667114257812, 293.7312927246094, 1067.1807861328125, 379.2799377441406]"
20-110-ls-34-v01_14820_15960,,,
20-110-ls-34-v01_20520_21660,,,
20-110-ls-34-v01_4560_5700,,,
20-110-ls-34-v01_9120_10260,,,
20-121-ls-34-v01_12540_13680,,,
20-121-ls-34-v01_14820_15960,,,
20-121-ls-34-v01_17100_18240,0.34019020199775696,0.0,"[632.3967895507812, 587.9349365234375, 641.1904907226562, 595.2962646484375]"
20-121-ls-34-v01_18240_19380,0.9589725136756897,6.0,"[575.326171875, 287.2470397949219, 828.2675170898438, 380.67950439453125]"
20-121-ls-34-v01_9120_10260,0.9588109254837036,6.0,"[817.0112915039062, 231.4989013671875, 1067.6748046875, 320.3813781738281]"
20-121-r2-ls-1-18aa_4560_5700,,,
20-130-ls-34-v01_25080_26220,,,
20-130-ls-34-v01_6840_7980,,,
20-140-ls-34-v01_11400_12540,0.9702000617980957,7.0,"[340.4969177246094, 312.0967712402344, 717.3175659179688, 418.0085754394531]"
20-140-ls-34-v01_22800_23940,,,
20-140-ls-34-v01_2280_3420,,,
20-140-ls-34-v01_30780_31920,,,
20-150-ls-34-v01_13680_14820,,,
20-150-ls-34-v01_17100_18240,,,
20-150-ls-34-v01_19380_20520,0.9622100591659546,6.0,"[267.7906799316406, 234.45326232910156, 519.1077270507812, 329.40093994140625]"
20-150-ls-34-v01_23940_25080,,,
20-150-ls-34-v01_25080_26220,,,
20-150-r1-ls-1-18aa_14820_15960,,,
20-150-r1-ls-1-18aa_25080_26220,,,
20-150-r1-ls-1-18aa_26220_27360,0.9685150384902954,6.0,"[714.437255859375, 279.63165283203125, 968.5335693359375, 370.3283386230469]"
20-150-r1-ls-1-18aa_3420_4560,0.9535902142524719,7.0,"[321.765625, 198.35292053222656, 693.3321533203125, 304.686767578125]"
20-160-ls-34-v01_29640_30780,,,
20-170-ls-34-v01_13680_14820,,,
20-170-ls-34-v01_23940_25080,,,
20-180-ls-34-v01_15960_17100,,,
20-180-ls-34-v01_18240_19380,,,
20-180-ls-34-v01_27360_28500,0.9597247838973999,7.0,"[596.6141967773438, 199.10011291503906, 968.9247436523438, 298.32110595703125]"
20-190-ls-34-v01_14820_15960,,,
20-190-ls-34-v01_25080_26220,0.35825610160827637,0.0,"[100.78482818603516, 550.4939575195312, 108.50654602050781, 556.9345703125]"
20-190-ls-34-v01_28500_29640,0.9505546689033508,7.0,"[7.59792423248291, 209.89979553222656, 381.44390869140625, 324.7392578125]"
20-200-ls-34-v01_13680_14820,,,
20-200-ls-34-v01_25080_26220,,,
20-200-ls-34-v01_28500_29640,,,
20-200-ls-34-v01_4560_5700,,,
20-200-ls-34-v01_5700_6840,,,
20-210-ls-34-v01_1140_2280,0.9540616273880005,6.0,"[758.5720825195312, 275.5764465332031, 1000.9254150390625, 358.4815368652344]"
20-210-ls-34-v01_19380_20520,,,
20-210-ls-34-v01_20520_21660,0.5265704989433289,7.0,"[546.4476318359375, 326.45184326171875, 912.9905395507812, 429.5129089355469]"
20-210-ls-34-v01_26220_27360,0.9701878428459167,6.0,"[774.8727416992188, 300.67474365234375, 1022.312744140625, 393.7423095703125]"
20-210-ls-34-v01_29640_30780,,,
20-210-ls-34-v01_30780_31920,,,
20-220-ls-34-v01_11400_12540,0.27401477098464966,7.0,"[81.23078918457031, 339.0501403808594, 453.7497863769531, 438.71868896484375]"
20-220-ls-34-v01_13680_14820,,,
20-220-ls-34-v01_4560_5700,,,
20-230-ls-34-v01_17100_18240,,,
20-230-ls-34-v01_2280_3420,,,
20-250-ls-34-v01_11400_12540,0.9501304626464844,7.0,"[261.2816162109375, 335.0633850097656, 631.2288208007812, 445.7242126464844]"
20-250-ls-34-v01_30780_31920,,,
20-260-ls-34-v01_22800_23940,0.2818830609321594,0.0,"[23.2174129486084, 538.2722778320312, 37.367637634277344, 556.3683471679688]"
20-260-ls-34-v01_25080_26220,,,
20-260-ls-34-v01_26220_27360,0.9674888253211975,6.0,"[808.99462890625, 359.3296813964844, 1053.1192626953125, 448.2218933105469]"
20-260-ls-34-v01_30780_31920,,,
20-260-ls-34-v01_3420_4560,0.947924017906189,7.0,"[642.0628662109375, 286.3312072753906, 1007.169921875, 386.5023193359375]"
20-260-ls-34-v01_7980_9120,,,
20-260-r1-ls-1-18aa_0_1140,,,
20-260-r1-ls-1-18aa_19380_20520,,,
20-260-r1-ls-1-18aa_20520_21660,0.9685549736022949,7.0,"[77.01136779785156, 305.0174255371094, 449.7337951660156, 411.5623474121094]"
20-260-r1-ls-1-18aa_21660_22800,,,
20-270-ls-34-v01_0_1140,,,
20-270-ls-34-v01_12540_13680,,,
20-270-ls-34-v01_5700_6840,,,
20-270-r1-ls-1-18aa_15960_17100,,,
20-270-r1-ls-1-18aa_22800_23940,,,
20-270-r1-ls-1-18aa_28500_29640,,,
20-270-r1-ls-1-18aa_5700_6840,,,
20-270-r1-ls-1-18aa_9120_10260,0.5540646910667419,6.0,"[466.31768798828125, 340.7134704589844, 710.9682006835938, 434.8353271484375]"
20-280-ls-34-v01_11400_12540,0.9672876000404358,7.0,"[329.498779296875, 274.9617004394531, 701.031494140625, 381.79327392578125]"
20-280-ls-34-v01_1140_2280,0.9243831634521484,6.0,"[363.35089111328125, 297.92315673828125, 606.9647216796875, 381.3015441894531]"
20-280-ls-34-v01_27360_28500,,,
20-280-ls-34-v01_30780_31920,,,
20-290-ls-34-v01_10260_11400,0.939464271068573,6.0,"[398.75616455078125, 284.4700927734375, 644.9638671875, 379.5680236816406]"
20-300-ls-34-v01_13680_14820,,,
20-300-ls-34-v01_29640_30780,,,
20-300-ls-34-v01_30780_31920,,,
20-310-ls-34-v01_13680_14820,,,
20-310-ls-34-v01_28500_29640,,,
20-310-ls-34-v01_5700_6840,,,
20-310-ls-34-v01_9120_10260,0.4105280637741089,0.0,"[328.7711181640625, 536.0618896484375, 334.84722900390625, 541.8532104492188]"
20-320-ls-34-v01_17100_18240,,,
20-320-ls-34-v01_21660_22800,,,
20-320-ls-34-v01_22800_23940,,,
20-320-ls-34-v01_23940_25080,0.31479713320732117,2.0,"[765.712890625, 521.2045288085938, 785.7708740234375, 531.8134155273438]"
20-330-ls-34-v01_14820_15960,,,
20-330-ls-34-v01_19380_20520,0.9447558522224426,7.0,"[263.51904296875, 303.4036560058594, 633.4240112304688, 415.3542175292969]"
20-340-ls-34-v01_14820_15960,,,
20-340-ls-34-v01_27360_28500,,,
20-340-ls-34-v01_30780_31920,,,
20-340-ls-34-v01_4560_5700,,,
20-350-ls-34-v01_27360_28500,0.9482067823410034,7.0,"[7.995368480682373, 274.1549987792969, 380.9096984863281, 381.4702453613281]"
20-350-ls-34-v01_29640_30780,0.29920053482055664,0.0,"[515.7705688476562, 580.1082763671875, 522.7037353515625, 585.970703125]"
200-b1-14-d01_19380_20520,0.9484534859657288,7.0,"[667.6149291992188, 146.8546600341797, 1044.3232421875, 252.80088806152344]"
200-b1-14-d01_3420_4560,0.9543160796165466,7.0,"[477.1012268066406, 106.17903900146484, 849.2246704101562, 206.94717407226562]"
2000-b1-14-d01_19380_20520,,,
2000-b1-14-d01_27360_28500,0.2754431664943695,0.0,"[707.5804443359375, 635.6774291992188, 713.7647705078125, 641.7801513671875]"
2000-b1-14-d01_3420_4560,0.9092596769332886,7.0,"[52.87556076049805, 354.1403503417969, 438.6885681152344, 475.25299072265625]"
2010-b1-14-d01_14820_15960,,,
2020-b1-14-d01_17100_18240,,,
2020-b1-14-d01_30780_31920,,,
2020-b1-14-d01_3420_4560,0.9268605709075928,7.0,"[547.2809448242188, 306.89361572265625, 921.8021850585938, 423.0285949707031]"
2030-b1-14-d01_12540_13680,,,
2030-b1-14-d01_20520_21660,,,
2040-b1-14-h01_1140_2280,0.9478546977043152,6.0,"[401.7329406738281, 335.5881042480469, 655.198974609375, 428.8314208984375]"
2040-b1-14-h01_17100_18240,0.9061458706855774,6.0,"[818.0953369140625, 331.2691345214844, 1066.5909423828125, 411.53814697265625]"
2040-b1-14-h01_25080_26220,,,
2050-b1-14-h01_20520_21660,0.2685295641422272,0.0,"[207.537109375, 639.31103515625, 215.56822204589844, 646.6464233398438]"
2050-b1-14-h01_25080_26220,0.2693241238594055,0.0,"[66.96476745605469, 645.1439208984375, 73.10623931884766, 650.8971557617188]"
2060-b1-14-h01_1140_2280,,,
2060-b1-14-h01_14820_15960,,,
2060-b1-14-h01_28500_29640,,,
2060-b1-14-h01_29640_30780,,,
2060-b1-14-h01_7980_9120,0.3958521783351898,0.0,"[786.4756469726562, 579.3917236328125, 794.3016357421875, 587.423583984375]"
2070-b1-14-h01_11400_12540,,,
2070-b1-14-h01_14820_15960,,,
2080-b1-14-h01_0_1140,,,
2080-b1-14-h01_1140_2280,0.9731695055961609,6.0,"[520.6727294921875, 331.7904052734375, 770.7996215820312, 420.3376159667969]"
2080-b1-14-h01_15960_17100,,,
21-240-ls-14-g02_12540_13680,,,
21-240-ls-14-g02_29640_30780,,,
21-250-ls-14-g02_13680_14820,,,
21-250-ls-14-g02_2280_3420,0.27789178490638733,0.0,"[108.23786926269531, 640.6949462890625, 116.7830581665039, 647.6466674804688]"
21-250-ls-14-g02_28500_29640,0.32729411125183105,0.0,"[681.671142578125, 660.8873291015625, 703.728515625, 677.2713012695312]"
21-260-ls-14-g02_28500_29640,,,
21-260-ls-14-g02_30780_31920,,,
21-270-ls-14-g02remont_0_1140,,,
21-270-ls-14-g02remont_17100_18240,0.2731403708457947,0.0,"[60.158714294433594, 675.568359375, 66.29591369628906, 680.9225463867188]"
21-270-ls-14-g02remont_5700_6840,0.28624799847602844,0.0,"[234.5727081298828, 665.375, 241.7272491455078, 672.4425659179688]"
21-290-ls-14-d03remont_26220_27360,0.9543222188949585,6.0,"[615.9744873046875, 241.37579345703125, 868.093994140625, 328.01837158203125]"
21-290-ls-14-d03remont_30780_31920,,,
21-300-ls-14-d03_13680_14820,,,
21-300-ls-14-d03_18240_19380,0.28540709614753723,0.0,"[958.968505859375, 551.82568359375, 965.2750244140625, 557.5245971679688]"
21-310-ls-14-d03_15960_17100,0.25887531042099,0.0,"[1036.9061279296875, 531.3897705078125, 1043.2498779296875, 537.4651489257812]"
21-310-ls-14-d03_17100_18240,,,
21-310-ls-14-d03_25080_26220,,,
21-310-ls-14-d03_6840_7980,,,
21-320-ls-14-d03_12540_13680,0.2636987268924713,0.0,"[57.64757537841797, 527.0386352539062, 66.5666732788086, 534.3607788085938]"
21-320-ls-14-d03_14820_15960,,,
21-320-ls-14-d03_17100_18240,,,
21-320-ls-14-d03_30780_31920,,,
21-390-ls-14-g02_15960_17100,0.3678419888019562,0.0,"[500.5819091796875, 698.7692260742188, 510.7159729003906, 707.151123046875]"
21-390-ls-14-g02_19380_20520,0.3822142779827118,0.0,"[387.88653564453125, 653.1998901367188, 396.06640625, 660.1555786132812]"
21-390-ls-14-g02_2280_3420,0.9384651780128479,6.0,"[34.643653869628906, 362.3283996582031, 294.47698974609375, 448.49609375]"
21-390-ls-14-g02_5700_6840,,,
21-400-ls-14-g02_13680_14820,,,
21-400-ls-14-g02_20520_21660,,,
21-400-ls-14-g02_25080_26220,,,
21-400-ls-14-g02_5700_6840,0.3016301393508911,0.0,"[225.4020538330078, 688.2291259765625, 233.30702209472656, 695.9281005859375]"
21-410-ls-14-g02_15960_17100,,,
21-410-ls-14-g02_18240_19380,0.3060036301612854,0.0,"[730.8467407226562, 639.7362670898438, 739.7156982421875, 647.4697265625]"
21-410-ls-14-g02_6840_7980,,,
21-420-ls-14-g02_0_1140,,,
21-420-ls-14-g02_1140_2280,,,
21-430-ls-14-g02_13680_14820,,,
21-430-ls-14-g02_5700_6840,,,
21-430-ls-14-g02_9120_10260,0.9330549240112305,6.0,"[816.3754272460938, 394.1155700683594, 1071.4169921875, 482.2810974121094]"
21-440-ls-14-g02_0_1140,,,
21-440-ls-14-g02_29640_30780,,,
21-440-ls-14-g02_30780_31920,,,
21-460-ls-14-d03_30780_31920,,,
21-480-ls-14-d03_20520_21660,0.25041651725769043,0.0,"[1065.2816162109375, 599.2252197265625, 1070.9249267578125, 604.9252319335938]"
21-480-ls-14-d03_6840_7980,,,
21-500-ls-14-g02_12540_13680,,,
21-500-ls-14-g02_14820_15960,,,
21-500-ls-14-g02_19380_20520,0.9678879976272583,7.0,"[361.7522888183594, 311.3342590332031, 739.65380859375, 421.0278015136719]"
21-500-ls-14-g02_5700_6840,,,
21-500-ls-14-g02_6840_7980,0.4533767104148865,0.0,"[961.879150390625, 592.5576171875, 973.6074829101562, 602.8280639648438]"
21-510-ls-14-g02_4560_5700,0.33946654200553894,0.0,"[877.8929443359375, 620.9382934570312, 884.525390625, 626.6814575195312]"
21-520-ls-14-g02_30780_31920,,,
21-520-ls-14-g02_4560_5700,,,
21-530-ls-14-g02_5700_6840,,,
21-530-ls-14-g02_6840_7980,,,
21-540-ls-14-g02_10260_11400,0.8217111825942993,7.0,"[415.8481140136719, 350.8970947265625, 797.5487060546875, 455.5364685058594]"
21-540-ls-14-g02_22800_23940,,,
21-540-ls-14-g02_27360_28500,0.9601085782051086,7.0,"[487.8841857910156, 301.0411682128906, 862.225830078125, 406.4999084472656]"
21-540-ls-14-g02_3420_4560,0.9738156795501709,7.0,"[472.1484680175781, 341.94354248046875, 852.8509521484375, 456.1260681152344]"
21-540-ls-14-g02_7980_9120,,,
21-550-ls-14-d03_12540_13680,,,
21-550-ls-14-d03_19380_20520,,,
21-560-ls-14-d03_13680_14820,,,
21-560-ls-14-d03_15960_17100,0.25822970271110535,0.0,"[702.9978637695312, 630.1612548828125, 708.9004516601562, 635.795654296875]"
21-560-ls-14-d03_17100_18240,,,
21-560-ls-14-d03_2280_3420,0.25092968344688416,0.0,"[723.2600708007812, 645.8486328125, 731.7173461914062, 654.6221923828125]"
21-560-ls-14-d03_4560_5700,,,
21-570-ls-14-d03_28500_29640,,,
21-570-ls-14-d03_5700_6840,,,
210-b1-14-d01_17100_18240,,,
2100-b1-14-d01_18240_19380,0.9343962669372559,7.0,"[575.155029296875, 337.3277587890625, 946.4247436523438, 450.1395568847656]"
2100-b1-14-d01_2280_3420,,,
2100-b1-14-d01_6840_7980,0.2821030020713806,0.0,"[26.301610946655273, 587.0010986328125, 32.76353454589844, 593.2613525390625]"
2120-b1-14-d01_28500_29640,,,
2130-b1-14-d01_14820_15960,,,
2130-b1-14-d01_26220_27360,0.9438368678092957,6.0,"[663.6334228515625, 346.5459899902344, 909.2271728515625, 429.2166748046875]"
2140-b1-14-d01_2280_3420,,,
2150-b1-14-d01_0_1140,0.2510559558868408,0.0,"[355.82269287109375, 641.8848876953125, 365.24444580078125, 649.3612060546875]"
2150-b1-14-d01_1140_2280,0.9230227470397949,6.0,"[627.703125, 343.4825744628906, 875.9041137695312, 430.6432189941406]"
2150-b1-14-d01_27360_28500,0.9353339672088623,7.0,"[200.9399871826172, 343.8988952636719, 573.0596923828125, 443.4163513183594]"
2160-b1-14-h01_28500_29640,,,
2160-b1-14-h01_6840_7980,,,
2160r1-b1-1-14fn_12540_13680,,,
2160r1-b1-1-14fn_17100_18240,0.3830602169036865,0.0,"[863.414306640625, 593.0138549804688, 870.3242797851562, 598.92138671875]"
2160r1-b1-1-14fn_26220_27360,0.8390228748321533,6.0,"[215.9790496826172, 323.5735168457031, 468.0088806152344, 408.4281921386719]"
2160r1-b1-1-14fn_30780_31920,,,
2160r1-b1-1-14fn_5700_6840,,,
2160r1-b1-1-14fn_6840_7980,,,
2170-b1-14-h01_20520_21660,,,
2170-b1-14-h01_23940_25080,0.3453895151615143,0.0,"[69.83260345458984, 635.5504150390625, 75.57447052001953, 641.2872924804688]"
2170-b1-14-h01_6840_7980,,,
2180-b1-14-h01_20520_21660,,,
2180-b1-14-h01_9120_10260,0.8722696900367737,6.0,"[167.52828979492188, 289.1811218261719, 423.2321472167969, 378.85992431640625]"
2190-b1-14-h01_14820_15960,,,
2190-b1-14-h01_15960_17100,,,
2190-b1-14-h01_20520_21660,,,
2190-b1-14-h01_28500_29640,,,
2190-b1-14-h01_5700_6840,,,
2190-b1-14-h01_7980_9120,0.29008182883262634,0.0,"[216.0361328125, 592.4776611328125, 223.61203002929688, 599.4563598632812]"
220-b1-14-d01_22800_23940,0.32850778102874756,0.0,"[829.9688720703125, 597.154541015625, 840.0318603515625, 608.6541748046875]"
220-b1-14-d01_3420_4560,0.957623302936554,7.0,"[295.7333984375, 135.3763427734375, 673.8317260742188, 250.72323608398438]"
2200-b1-14-h01_26220_27360,,,
2200-b1-14-h01_27360_28500,0.9111840128898621,6.0,"[60.225826263427734, 328.26080322265625, 314.7184753417969, 412.909423828125]"
2210-b1-14-h01_12540_13680,,,
2210-b1-14-h01_18240_19380,0.8919299244880676,6.0,"[280.49200439453125, 349.7479248046875, 533.9324951171875, 434.4207763671875]"
2210-b1-14-h01_22800_23940,,,
2210-b1-14-h01_4560_5700,,,
2220-b1-14-d01_1140_2280,0.9247444272041321,6.0,"[505.9891662597656, 314.1498718261719, 757.3792114257812, 403.98284912109375]"
2220-b1-14-d01_13680_14820,,,
2220-b1-14-d01_4560_5700,,,
2220-b1-14-d01_5700_6840,,,
2220-b1-14-d01_7980_9120,,,
2230-b1-14-d01_21660_22800,,,
2230-b1-14-d01_29640_30780,,,
2240r1-b1-1-31he_15960_17100,,,
2240r1-b1-1-31he_20520_21660,,,
2240r1-b1-1-31he_29640_30780,0.3809433579444885,0.0,"[123.97074890136719, 548.7689208984375, 132.3700408935547, 556.468505859375]"
2240r1-b1-1-31he_6840_7980,,,
2250-b1-14-d01_11400_12540,,,
2250-b1-14-d01_17100_18240,,,
2250-b1-14-d01_25080_26220,,,
2250-b1-14-d01_30780_31920,0.33150726556777954,0.0,"[1020.6286010742188, 607.3692626953125, 1029.5458984375, 613.752685546875]"
2250-b1-14-d01_9120_10260,0.26271480321884155,0.0,"[253.97731018066406, 611.6984252929688, 263.9247131347656, 619.6485595703125]"
2270-b1-14-d01_28500_29640,,,
2270-b1-14-d01_6840_7980,,,
2280-b1-14-h01_30780_31920,,,
2280-b1-14-h01_5700_6840,0.28717008233070374,0.0,"[1025.6727294921875, 537.4813232421875, 1032.90234375, 543.30810546875]"
2280-b1-14-h01_7980_9120,,,
2290-b1-14-h01_18240_19380,0.9477038383483887,6.0,"[394.7066650390625, 341.5208740234375, 645.6666259765625, 424.53033447265625]"
2290-b1-14-h01_19380_20520,0.922980010509491,7.0,"[178.02903747558594, 319.0946350097656, 555.3367309570312, 433.9324645996094]"
2290-b1-14-h01_5700_6840,,,
230-b1-14-d01_19380_20520,0.36863234639167786,7.0,"[133.40830993652344, 160.97315979003906, 509.7215576171875, 277.6011047363281]"
230-b1-14-d01_2280_3420,0.32673904299736023,0.0,"[635.0994873046875, 612.683837890625, 642.5523681640625, 618.9271850585938]"
230-b1-14-d01_25080_26220,,,
2300-b1-14-h01_1140_2280,0.965679407119751,6.0,"[467.3455810546875, 307.5557861328125, 717.9939575195312, 396.50201416015625]"
2300-b1-14-h01_22800_23940,,,
2300-b1-14-h01_7980_9120,,,
2310-b1-14-h01_14820_15960,,,
2310-b1-14-h01_18240_19380,0.2989232838153839,6.0,"[0.6230621337890625, 326.59051513671875, 257.2516784667969, 409.62371826171875]"
2310-b1-14-h01_20520_21660,0.39543822407722473,0.0,"[899.28125, 621.265380859375, 907.1322021484375, 628.9142456054688]"
2310-b1-14-h01_25080_26220,,,
2310-b1-14-h01_26220_27360,0.9307281374931335,6.0,"[427.1141357421875, 329.3944396972656, 675.7308349609375, 412.0052795410156]"
2310-b1-14-h01_30780_31920,,,
2320-b1-14-h01_26220_27360,0.9271150231361389,6.0,"[379.3015441894531, 331.591796875, 628.6009521484375, 414.6712951660156]"
2320-b1-14-h01_29640_30780,,,
2330-b1-14-h01_1140_2280,,,
2330-b1-14-h01_22800_23940,0.2536478638648987,0.0,"[722.519775390625, 620.4066162109375, 729.531494140625, 626.798583984375]"
2330-b1-14-h01_23940_25080,,,
2330-b1-14-h01_25080_26220,,,
2340-b1-14-d01_2280_3420,0.25817209482192993,0.0,"[414.2008972167969, 560.2923583984375, 420.5234069824219, 565.9794921875]"
2340-b1-14-d01_5700_6840,,,
2360-b1-14-d01_11400_12540,,,
2360-b1-14-d01_29640_30780,,,
2370-b1-14-d01_10260_11400,,,
2370-b1-14-d01_21660_22800,,,
2370-b1-14-d01_23940_25080,,,
2370-b1-14-d01_27360_28500,,,
2370-b1-14-d01_29640_30780,0.2822149991989136,0.0,"[510.4643249511719, 605.1668701171875, 518.6793823242188, 611.7932739257812]"
2380-b1-14-d01_10260_11400,,,
2380-b1-14-d01_12540_13680,,,
2390-b1-14-d01_5700_6840,,,
2390r1-b1-1-31he_0_1140,,,
2390r1-b1-1-31he_1140_2280,0.9412933588027954,6.0,"[581.8283081054688, 223.7407989501953, 835.6067504882812, 314.4736633300781]"
240-b1-14-h01_10260_11400,0.8996950387954712,6.0,"[481.6957092285156, 204.2115478515625, 730.2778930664062, 292.85150146484375]"
240-b1-14-h01_23940_25080,,,
240-b1-14-h01_30780_31920,,,
240-b1-14-h01_9120_10260,0.3517010807991028,6.0,"[903.8204956054688, 213.33323669433594, 1140.0, 298.0764465332031]"
2410-b1-14-h01_10260_11400,0.9235960245132446,7.0,"[18.6662654876709, 328.6978454589844, 403.9658508300781, 431.21453857421875]"
2410-b1-14-h01_17100_18240,0.2621331214904785,0.0,"[951.49462890625, 633.3863525390625, 957.7531127929688, 638.6237182617188]"
2410-b1-14-h01_22800_23940,,,
2410-b1-14-h01_27360_28500,0.9495162963867188,7.0,"[58.08899688720703, 321.43701171875, 436.2353210449219, 423.25128173828125]"
2420-b1-14-h01_12540_13680,,,
2420-b1-14-h01_21660_22800,,,
2430-b1-14-h01_27360_28500,0.9308225512504578,7.0,"[546.9646606445312, 350.8827209472656, 914.8046264648438, 450.0863952636719]"
2430-b1-14-h01_4560_5700,,,
2450-b1-14-h01_10260_11400,0.9398372173309326,7.0,"[325.09637451171875, 275.8207092285156, 704.5187377929688, 378.2251892089844]"
2450-b1-14-h01_14820_15960,,,
2450-b1-14-h01_15960_17100,,,
2450-b1-14-h01_4560_5700,0.26611968874931335,0.0,"[415.15313720703125, 561.0042114257812, 422.1810302734375, 566.7639770507812]"
2460-b1-14-d01_10260_11400,0.9650358557701111,7.0,"[566.484619140625, 330.5298767089844, 940.1736450195312, 432.1962585449219]"
2460-b1-14-d01_14820_15960,,,
2460-b1-14-d01_18240_19380,0.9486709833145142,6.0,"[438.62841796875, 315.28192138671875, 689.9933471679688, 396.4571838378906]"
2470-b1-14-d01_22800_23940,,,
2470-b1-14-d01_4560_5700,,,
2470-b1-14-d01_9120_10260,0.9279344081878662,6.0,"[620.7539672851562, 284.9361267089844, 869.990478515625, 372.1734313964844]"
2480-b1-14-d01_19380_20520,,,
2480-b1-14-d01_20520_21660,,,
2480-b1-14-d01_5700_6840,0.2906777262687683,0.0,"[702.0147705078125, 609.3738403320312, 709.9496459960938, 616.5072631835938]"
2490-b1-14-d01_19380_20520,0.27760425209999084,0.0,"[287.2400207519531, 633.4365234375, 294.0635681152344, 639.7457275390625]"
2490-b1-14-d01_29640_30780,,,
250-b1-14-h01_10260_11400,0.41768530011177063,7.0,"[27.3992977142334, 121.18354797363281, 413.16937255859375, 228.1205291748047]"
250-b1-14-h01_1140_2280,0.28427764773368835,0.0,"[368.6835632324219, 607.9454956054688, 376.4976501464844, 614.907470703125]"
2500-b1-14-d01_11400_12540,0.2627226412296295,0.0,"[669.5899658203125, 685.762451171875, 679.8197631835938, 695.672607421875]"
2500-b1-14-d01_26220_27360,0.8830345869064331,6.0,"[611.8308715820312, 311.8889465332031, 857.5704345703125, 395.10675048828125]"
2510-b1-14-d01_13680_14820,0.2901465892791748,0.0,"[938.52197265625, 640.1785278320312, 945.3964233398438, 646.02734375]"
2520-b1-14-h01_12540_13680,,,
2520-b1-14-h01_15960_17100,,,
2520-b1-14-h01_28500_29640,,,
2530-b1-14-h01_10260_11400,0.2728436589241028,7.0,"[451.7855224609375, 353.92559814453125, 826.0629272460938, 454.0651550292969]"
2530-b1-14-h01_30780_31920,,,
2550-b1-14-h01_0_1140,,,
2550-b1-14-h01_10260_11400,0.9291606545448303,7.0,"[723.6803588867188, 315.8443298339844, 1098.0521240234375, 416.0499267578125]"
2550-b1-14-h01_14820_15960,0.26521292328834534,0.0,"[181.08395385742188, 613.8563232421875, 192.30250549316406, 623.35302734375]"
2550-b1-14-h01_2280_3420,0.9241779446601868,6.0,"[187.44430541992188, 319.02520751953125, 441.5985107421875, 409.3841247558594]"
2550-b1-14-h01_5700_6840,,,
2560-b1-14-h01_0_1140,,,
2560-b1-14-h01_13680_14820,,,
2560-b1-14-h01_2280_3420,0.6946936845779419,6.0,"[272.8577575683594, 333.7742614746094, 526.941650390625, 423.5411376953125]"
2560-b1-14-h01_25080_26220,0.28224316239356995,0.0,"[517.029052734375, 622.83251953125, 522.5680541992188, 627.8975830078125]"
2560-b1-14-h01_30780_31920,,,
2560-b1-14-h01_3420_4560,,,
2570-b1-14-h01_23940_25080,,,
2580-b1-14-d01_17100_18240,0.912379801273346,6.0,"[872.4514770507812, 352.8370056152344, 1121.4334716796875, 437.1496887207031]"
2580-b1-14-d01_19380_20520,0.9425227642059326,7.0,"[233.57003784179688, 324.4598693847656, 609.3895263671875, 435.5221252441406]"
2580-b1-14-d01_29640_30780,,,
2590-b1-14-d01_0_1140,,,
2590-b1-14-d01_27360_28500,0.28530988097190857,0.0,"[544.8656616210938, 681.6782836914062, 551.002685546875, 687.2598876953125]"
2590-b1-14-d01_4560_5700,,,
2590-b1-14-d01_7980_9120,0.2863498628139496,0.0,"[561.1922607421875, 613.9249877929688, 570.58154296875, 623.6370849609375]"
2590-b1-14-d01_9120_10260,0.36056771874427795,0.0,"[97.13308715820312, 564.9259643554688, 102.79346466064453, 570.498046875]"
260-b1-14-d01_10260_11400,0.9111483693122864,6.0,"[34.460609436035156, 278.9202880859375, 290.05224609375, 369.7757568359375]"
260-b1-14-d01_18240_19380,0.26648327708244324,0.0,"[101.53705596923828, 621.4810180664062, 112.0789566040039, 630.5516967773438]"
2600-b1-14-d01_6840_7980,,,
2610-b1-14-d01_14820_15960,,,
2610-b1-14-d01_15960_17100,,,
2610-b1-14-d01_5700_6840,,,
2610-b1-14-d01_7980_9120,,,
2620-b1-14-d01_28500_29640,,,
2630-b1-14-d01_7980_9120,,,
2630-b1-14-d01_9120_10260,0.8966593742370605,6.0,"[693.7501220703125, 380.8746643066406, 941.5003662109375, 463.969482421875]"
2650-b1-14-h01_14820_15960,,,
2650-b1-14-h01_19380_20520,,,
2650-b1-14-h01_28500_29640,,,
2650-b1-14-h01_6840_7980,0.33368411660194397,0.0,"[862.245361328125, 621.1450805664062, 868.5485229492188, 626.7958374023438]"
2660-b1-14-h01_0_1140,,,
2660-b1-14-h01_10260_11400,0.25165775418281555,0.0,"[449.0732116699219, 678.0182495117188, 455.1963806152344, 684.047607421875]"
2660-b1-14-h01_27360_28500,0.9125632643699646,6.0,"[112.0033950805664, 362.3493347167969, 364.8546142578125, 445.885498046875]"
2670-b1-14-h01_4560_5700,,,
2680-b1-14-h01_23940_25080,,,
2680-b1-14-h01_5700_6840,,,
2690-b1-14-h01_3420_4560,,,
2690-b1-14-h01_9120_10260,,,
270-b1-14-d01_0_1140,,,
270-b1-14-d01_1140_2280,0.9497841000556946,6.0,"[497.59759521484375, 252.0200958251953, 748.332275390625, 343.73223876953125]"
270-b1-14-d01_2280_3420,,,
270-b1-14-d01_27360_28500,0.8415050506591797,7.0,"[39.79374313354492, 290.7514343261719, 420.92877197265625, 399.61920166015625]"
2700-b1-14-d01_10260_11400,0.9187535047531128,7.0,"[520.345458984375, 272.2436828613281, 897.6248168945312, 374.3277587890625]"
2700-b1-14-d01_6840_7980,,,
2710-b1-14-d01_27360_28500,0.9509779810905457,7.0,"[675.1957397460938, 345.02490234375, 1041.166015625, 443.759033203125]"
2710-b1-14-d01_30780_31920,,,
2730-b1-14-d01_0_1140,,,
2730-b1-14-d01_12540_13680,,,
2730-b1-14-d01_26220_27360,0.8898246884346008,6.0,"[413.6549987792969, 326.0326843261719, 662.753662109375, 411.7737731933594]"
2730-b1-14-d01_29640_30780,,,
2730-b1-14-d01_3420_4560,0.9401233792304993,7.0,"[169.58262634277344, 351.24810791015625, 549.1395874023438, 470.06854248046875]"
2750-b1-14-d01_11400_12540,,,
2750-b1-14-d01_14820_15960,0.37268659472465515,0.0,"[349.03094482421875, 648.7772216796875, 360.7649841308594, 658.7866821289062]"
2750-b1-14-d01_21660_22800,,,
2750-b1-14-d01_2280_3420,,,
2750-b1-14-d01_26220_27360,0.8868377208709717,6.0,"[140.14170837402344, 357.70135498046875, 390.0190124511719, 440.7601318359375]"
2750-b1-14-d01_5700_6840,0.2547387480735779,0.0,"[779.4408569335938, 611.0134887695312, 785.5504760742188, 616.7879638671875]"
2750-b1-14-d01_9120_10260,0.9463313817977905,6.0,"[85.47432708740234, 341.1505432128906, 340.3068542480469, 430.7153015136719]"
2760-b1-14-h01_23940_25080,,,
2760-b1-14-h01_3420_4560,0.9413694143295288,7.0,"[634.9286499023438, 349.3211975097656, 1007.1936645507812, 464.9566955566406]"
2760-b1-14-h01_5700_6840,0.27509647607803345,0.0,"[123.39142608642578, 628.4849243164062, 131.94613647460938, 636.9660034179688]"
2760-b1-14-h01_6840_7980,,,
2760r1-b1-1-14fn_15960_17100,0.30924272537231445,0.0,"[296.0065612792969, 507.4339599609375, 302.40911865234375, 513.90087890625]"
2760r1-b1-1-14fn_6840_7980,,,
2770-b1-14-h01_15960_17100,,,
2770-b1-14-h01_25080_26220,,,
2770-b1-14-h01_4560_5700,,,
2790-b1-14-h01_12540_13680,,,
2790-b1-14-h01_13680_14820,0.2573511004447937,0.0,"[663.10693359375, 610.6735229492188, 670.5350952148438, 617.1337890625]"
2790-b1-14-h01_21660_22800,0.2844526171684265,0.0,"[553.765380859375, 605.9591674804688, 559.7417602539062, 611.7374267578125]"
280-b1-14-d01_13680_14820,,,
280-b1-14-d01_25080_26220,,,
280-b1-14-d01_3420_4560,0.9501519203186035,7.0,"[751.7310791015625, 260.53179931640625, 1121.5670166015625, 369.1177673339844]"
280-b1-14-d01_6840_7980,,,
2800-b1-14-h01_23940_25080,,,
2800-b1-14-h01_7980_9120,0.34151771664619446,0.0,"[267.64886474609375, 624.8662719726562, 275.96759033203125, 632.3324584960938]"
2810-b1-14-h01_0_1140,,,
2810-b1-14-h01_11400_12540,,,
2810-b1-14-h01_12540_13680,,,
2810-b1-14-h01_27360_28500,0.96844482421875,7.0,"[161.0966339111328, 318.38653564453125, 537.0291748046875, 421.894775390625]"
2810-b1-14-h01_5700_6840,,,
2830-b1-14-d01_10260_11400,0.9576687216758728,7.0,"[668.9154052734375, 314.6419372558594, 1043.9967041015625, 417.0229187011719]"
2830-b1-14-d01_17100_18240,,,
2830-b1-14-d01_21660_22800,,,
2830-b1-14-d01_2280_3420,0.9314191937446594,6.0,"[121.33190155029297, 307.8623352050781, 376.9238586425781, 397.3570861816406]"
2830-b1-14-d01_25080_26220,,,
2830-b1-14-d01_27360_28500,0.9462338089942932,7.0,"[697.63232421875, 342.0624084472656, 1066.620849609375, 441.2175598144531]"
2830-b1-14-d01_3420_4560,0.9679123759269714,7.0,"[706.5546875, 310.51031494140625, 1081.175048828125, 425.0102844238281]"
2840-b1-14-d01_23940_25080,,,
2840-b1-14-d01_6840_7980,0.25725433230400085,0.0,"[485.5215148925781, 679.9190673828125, 492.5198669433594, 686.2584228515625]"
2840-b1-14-d01_9120_10260,0.9285184741020203,6.0,"[320.953369140625, 381.31085205078125, 570.6337280273438, 465.86346435546875]"
2850-b1-14-d01_15960_17100,,,
2850-b1-14-d01_4560_5700,,,
2860-b1-14-d01_11400_12540,,,
2860-b1-14-d01_30780_31920,,,
2860-b1-14-d01_6840_7980,0.2967744767665863,0.0,"[332.1241455078125, 605.2761840820312, 340.4930725097656, 612.5967407226562]"
2870-b1-14-d01_26220_27360,0.9183570742607117,6.0,"[824.908203125, 351.5983581542969, 1071.980712890625, 434.5627136230469]"
2870-b1-14-d01_28500_29640,,,
2870-b1-14-d01_3420_4560,0.9612277746200562,7.0,"[616.6378173828125, 341.3421325683594, 988.316162109375, 452.2418212890625]"
2880-b1-14-h01_10260_11400,0.9483405351638794,7.0,"[583.6050415039062, 278.9331359863281, 958.2849731445312, 381.5606994628906]"
2880-b1-14-h01_13680_14820,,,
2880-b1-14-h01_14820_15960,,,
2880-b1-14-h01_22800_23940,,,
2890-b1-14-h01_14820_15960,,,
2890-b1-14-h01_25080_26220,,,
290-b1-14-d01_2280_3420,,,
2900-b1-14-h01_13680_14820,,,
2910r1-b1-1-14fn_10260_11400,0.8653707504272461,7.0,"[744.4824829101562, 359.32568359375, 1115.7637939453125, 459.1431579589844]"
2910r1-b1-1-14fn_20520_21660,,,
2910r1-b1-1-14fn_30780_31920,,,
2910r1-b1-1-14fn_3420_4560,,,
2920-b1-14-h01_0_1140,,,
2920-b1-14-h01_10260_11400,0.9640823602676392,7.0,"[566.0327758789062, 381.9847412109375, 937.268310546875, 482.2618713378906]"
2920-b1-14-h01_17100_18240,,,
2920r1-b1-1-14fn_18240_19380,0.9235591292381287,6.0,"[398.08148193359375, 215.50868225097656, 647.7637329101562, 299.6259460449219]"
2920r1-b1-1-14fn_19380_20520,0.9467229247093201,7.0,"[181.4604034423828, 197.1277618408203, 549.174072265625, 305.7723388671875]"
2920r1-b1-1-14fn_4560_5700,,,
2930-b1-14-h01_13680_14820,0.2575663626194,0.0,"[163.4259033203125, 619.8953857421875, 171.12416076660156, 626.244873046875]"
2930-b1-14-h01_14820_15960,,,
2930-b1-14-h01_20520_21660,0.3473694920539856,0.0,"[688.3218383789062, 591.2938842773438, 695.45263671875, 598.153564453125]"
2930-b1-14-h01_30780_31920,,,
2930-b1-14-h01_3420_4560,0.9611382484436035,7.0,"[271.88446044921875, 359.7823791503906, 647.8674926757812, 475.352783203125]"
2930-b1-14-h01_5700_6840,,,
2940-b1-14-d01_11400_12540,,,
2940-b1-14-d01_12540_13680,,,
2940-b1-14-d01_20520_21660,,,
2940-b1-14-d01_21660_22800,,,
2940-b1-14-d01_25080_26220,,,
2940-b1-14-d01_9120_10260,0.9661539793014526,6.0,"[533.4917602539062, 305.5131530761719, 783.6560668945312, 392.6307067871094]"
2950-b1-14-d01_1140_2280,0.93987637758255,6.0,"[627.92626953125, 343.6636657714844, 877.0574951171875, 431.3390808105469]"
2950-b1-14-d01_6840_7980,0.38474294543266296,0.0,"[1050.1417236328125, 582.2760009765625, 1058.1646728515625, 589.7465209960938]"
2950-b1-14-d01_9120_10260,0.2660488486289978,0.0,"[1009.3408203125, 613.3291625976562, 1020.0262451171875, 623.219970703125]"
2960-b1-14-d01_7980_9120,,,
2970-b1-14-d01_22800_23940,0.2646477222442627,0.0,"[614.684326171875, 626.0631103515625, 622.633544921875, 632.1771850585938]"
2980-b1-14-d01_1140_2280,0.9067692756652832,6.0,"[468.1401672363281, 340.32318115234375, 718.8358154296875, 426.22662353515625]"
2980-b1-14-d01_28500_29640,,,
2990-b1-14-d01_0_1140,,,
2990-b1-14-d01_10260_11400,0.9124321937561035,6.0,"[41.50153732299805, 294.5843200683594, 299.8726501464844, 389.20263671875]"
2990-b1-14-d01_11400_12540,,,
2990-b1-14-d01_3420_4560,,,
2990-b1-14-d01_5700_6840,0.26231783628463745,0.0,"[304.1014709472656, 576.1624145507812, 310.81695556640625, 582.5180053710938]"
300-b1-14-h01_18240_19380,0.8841642141342163,6.0,"[362.0754699707031, 298.6987609863281, 613.9160766601562, 380.0248107910156]"
300-b1-14-h01_26220_27360,0.31000182032585144,0.0,"[576.7633666992188, 634.66064453125, 582.7017822265625, 640.2678833007812]"
300-b1-14-h01_30780_31920,,,
300-b1-14-h01_7980_9120,,,
3000-b1-14-h01_27360_28500,0.966662585735321,7.0,"[739.211181640625, 335.0419006347656, 1106.863525390625, 438.3222961425781]"
3000-b1-14-h01_30780_31920,,,
3010-b1-14-h01_19380_20520,0.9492243528366089,7.0,"[33.16457748413086, 306.18475341796875, 415.5942687988281, 416.7037353515625]"
3010-b1-14-h01_25080_26220,,,
3010-b1-14-h01_27360_28500,0.7939121723175049,7.0,"[428.0133361816406, 326.2632141113281, 798.20556640625, 429.66754150390625]"
3010-b1-14-h01_29640_30780,,,
3010-b1-14-h01_4560_5700,,,
3020-b1-14-h01_30780_31920,,,
3020-b1-14-h01_7980_9120,,,
3040-b1-14-h01_5700_6840,,,
3050-b1-14-h01_15960_17100,,,
3050-b1-14-h01_22800_23940,,,
3050-b1-14-h01_26220_27360,0.943098783493042,6.0,"[432.55035400390625, 354.9447326660156, 679.6222534179688, 437.0495300292969]"
3050-b1-14-h01_9120_10260,0.9218014478683472,6.0,"[390.8501892089844, 294.52789306640625, 642.1258544921875, 381.1667175292969]"
3060-b1-14-d01_0_1140,,,
3060-b1-14-d01_21660_22800,,,
3060-b1-14-d01_28500_29640,,,
3060-b1-14-d01_3420_4560,0.9673721194267273,7.0,"[622.2470092773438, 302.30682373046875, 996.4241943359375, 414.6272888183594]"
3060-b1-14-d01_5700_6840,0.3973779082298279,0.0,"[946.8135986328125, 596.7753295898438, 957.7406005859375, 606.0514526367188]"
3070-b1-14-d01_11400_12540,,,
3070-b1-14-d01_29640_30780,0.32221776247024536,0.0,"[946.0762939453125, 669.1332397460938, 957.7197265625, 679.3412475585938]"
3070-b1-14-d01_7980_9120,,,
3070-r1-b1-1-31he_17100_18240,,,
3070-r1-b1-1-31he_25080_26220,0.394071102142334,0.0,"[904.964599609375, 636.4606323242188, 911.9751586914062, 642.9525146484375]"
3070-r1-b1-1-31he_5700_6840,,,
3080-b1-14-d01_18240_19380,0.9361996054649353,6.0,"[440.9009704589844, 346.4903869628906, 689.814453125, 427.5401611328125]"
3090-b1-14-d01_10260_11400,0.413936972618103,0.0,"[631.8284301757812, 594.047607421875, 639.378173828125, 600.020263671875]"
3090-b1-14-d01_19380_20520,0.9652184247970581,7.0,"[533.4208984375, 343.93487548828125, 904.2852172851562, 451.2757263183594]"
3090-b1-14-d01_22800_23940,,,
3090-b1-14-d01_23940_25080,,,
3090-b1-14-d01_7980_9120,0.3003268539905548,0.0,"[57.77360153198242, 562.873779296875, 63.85930633544922, 568.4501953125]"
310-b1-14-h01_26220_27360,0.9151558876037598,6.0,"[281.6282043457031, 302.8824157714844, 533.1630249023438, 388.7972412109375]"
310-b1-14-h01_29640_30780,,,
3100-b1-14-d01_0_1140,,,
3100-b1-14-d01_17100_18240,0.4401579797267914,0.0,"[973.72998046875, 617.4852905273438, 983.5770263671875, 625.6229858398438]"
3120-b1-14-h02_15960_17100,,,
3130-b1-14-h02_15960_17100,,,
3130-b1-14-h02_23940_25080,,,
3140-b1-14-h02_13680_14820,0.2747035324573517,0.0,"[358.6274719238281, 647.36474609375, 366.2357177734375, 653.8109130859375]"
3140-b1-14-h02_14820_15960,0.27722540497779846,0.0,"[927.5848388671875, 623.9214477539062, 936.7713012695312, 631.4617309570312]"
3140-b1-14-h02_21660_22800,0.38836434483528137,0.0,"[500.0956115722656, 619.405029296875, 506.18658447265625, 625.1303100585938]"
3140-b1-14-h02_3420_4560,0.951964259147644,7.0,"[601.650634765625, 361.13067626953125, 973.7515869140625, 472.6273498535156]"
3160-b1-14-h02_0_1140,0.2929796576499939,0.0,"[995.4616088867188, 589.8613891601562, 1002.3231811523438, 596.3638305664062]"
3160-b1-14-h02_11400_12540,,,
3160-b1-14-h02_23940_25080,,,
3160-b1-14-h02_4560_5700,,,
3170-b1-14-h02_1140_2280,0.9648750424385071,6.0,"[691.406005859375, 298.5695495605469, 939.6015014648438, 384.76641845703125]"
3170-b1-14-h02_13680_14820,,,
3170-b1-14-h02_17100_18240,,,
3170-b1-14-h02_20520_21660,,,
3170-b1-14-h02_23940_25080,,,
3170-b1-14-h02_26220_27360,0.26905056834220886,0.0,"[127.88438415527344, 615.6359252929688, 138.6809844970703, 625.3251953125]"
3170-b1-14-h02_3420_4560,0.9538323283195496,7.0,"[286.8057861328125, 273.3960266113281, 664.5332641601562, 388.51861572265625]"
3170-b1-14-h02_4560_5700,0.28110969066619873,0.0,"[1108.957763671875, 568.5613403320312, 1117.1337890625, 574.799560546875]"
3180-b1-14-d01_15960_17100,,,
3180-r1-b1-1-31he_17100_18240,,,
3180-r1-b1-1-31he_22800_23940,,,
3190-b1-14-d01_13680_14820,0.3071598410606384,0.0,"[902.8980102539062, 620.140869140625, 909.9164428710938, 626.09912109375]"
3190-b1-14-d01_18240_19380,0.26776963472366333,0.0,"[1034.1883544921875, 603.9571533203125, 1040.6319580078125, 610.00048828125]"
3190-b1-14-d01_26220_27360,,,
3190-b1-14-d01_28500_29640,,,
3190-b1-14-d01_4560_5700,,,
320-b1-14-h01_2280_3420,0.9158070087432861,6.0,"[161.3577117919922, 297.0707092285156, 415.625732421875, 388.6438903808594]"
320-b1-14-h01_27360_28500,0.9542043805122375,7.0,"[711.4935913085938, 329.0082092285156, 1075.9967041015625, 429.42730712890625]"
320-b1-14-h01_30780_31920,,,
3210-b1-14-d01_0_1140,,,
3210-b1-14-d01_13680_14820,,,
3210-b1-14-d01_9120_10260,0.9413878321647644,6.0,"[838.65625, 345.2932434082031, 1085.3648681640625, 430.9412841796875]"
3210r2-b1-1-31he_25080_26220,,,
3210r2-b1-1-31he_4560_5700,,,
3230-b1-14-d01_3420_4560,0.9380723834037781,7.0,"[453.9942321777344, 313.8244323730469, 829.694091796875, 431.97967529296875]"
3230-b1-14-d01_7980_9120,,,
330-b1-14-h01_27360_28500,0.9599936604499817,7.0,"[675.4473876953125, 285.0333557128906, 1043.59814453125, 386.89764404296875]"
340-b1-14-d01_19380_20520,,,
340-b1-14-d01_30780_31920,,,
340-b1-14-d01_9120_10260,0.8544127941131592,6.0,"[337.6912536621094, 276.39862060546875, 590.2880249023438, 365.30364990234375]"
350-b1-14-d01_17100_18240,,,
350-b1-14-d01_29640_30780,,,
380-b1-14-d01_10260_11400,0.6132744550704956,7.0,"[421.05548095703125, 276.0943908691406, 800.0615844726562, 378.206787109375]"
380-b1-14-d01_20520_21660,,,
390-b1-14-h01_10260_11400,0.927070140838623,6.0,"[234.80926513671875, 310.1781005859375, 488.55126953125, 399.2706604003906]"
390-b1-14-h01_13680_14820,,,
390-b1-14-h01_3420_4560,0.5996814370155334,7.0,"[533.2537231445312, 318.0069580078125, 904.6870727539062, 431.03082275390625]"
390-b1-14-h01_4560_5700,,,
400-b1-14-h01_18240_19380,0.9301623702049255,7.0,"[538.024658203125, 346.1189270019531, 912.1891479492188, 464.7844543457031]"
400-b1-14-h01_22800_23940,0.2724314332008362,0.0,"[685.45068359375, 684.3803100585938, 694.5181884765625, 692.7424926757812]"
410-b1-14-h01_30780_31920,,,
410-b1-14-h01_3420_4560,0.946307897567749,7.0,"[397.8231506347656, 246.60899353027344, 775.3770751953125, 361.19964599609375]"
410-b1-14-h01_4560_5700,,,
430-b1-14-h01_21660_22800,,,
430-b1-14-h01_23940_25080,,,
430-b1-14-h01_25080_26220,,,
430-b1-14-h01_28500_29640,,,
430-b1-14-h01_6840_7980,,,
430-b1-14-h01_7980_9120,,,
440-b1-14-d01_13680_14820,,,
440-b1-14-d01_15960_17100,0.3160851001739502,0.0,"[618.9676513671875, 649.0496826171875, 626.23681640625, 655.6288452148438]"
440-b1-14-d01_18240_19380,0.8944384455680847,6.0,"[223.6643829345703, 303.74267578125, 476.77008056640625, 384.95758056640625]"
450-b1-14-d01_12540_13680,,,
450-b1-14-d01_19380_20520,0.9371237754821777,7.0,"[85.22395324707031, 220.45370483398438, 455.5793762207031, 332.75091552734375]"
450-b1-14-d01_30780_31920,,,
450-b1-14-d01_9120_10260,0.8185728192329407,6.0,"[600.9232177734375, 242.22454833984375, 850.9840087890625, 324.7673645019531]"
460-b1-14-d01_11400_12540,0.3056504726409912,0.0,"[978.7672119140625, 560.9324951171875, 986.9219970703125, 567.9243774414062]"
470-b1-14-d01_20520_21660,,,
470-b1-14-d01_2280_3420,,,
470-b1-14-d01_3420_4560,0.949906587600708,7.0,"[341.5264587402344, 241.61566162109375, 716.7490844726562, 352.9752197265625]"
480-b1-14-d01_2280_3420,,,
480-b1-14-d01_9120_10260,0.9425140619277954,6.0,"[139.24420166015625, 272.1438293457031, 395.0613098144531, 362.45733642578125]"
500-b1-14-h01_13680_14820,,,
500-b1-14-h01_22800_23940,,,
500-b1-14-h01_29640_30780,,,
510-b1-14-h01_11400_12540,,,
520-b1-14-h01_29640_30780,0.3292654752731323,0.0,"[706.8673706054688, 596.4137573242188, 714.9290771484375, 603.0502319335938]"
520-b1-14-h01_5700_6840,,,
520r1b1-14fn_20520_21660,0.4858798086643219,0.0,"[314.2916564941406, 624.00244140625, 328.3056335449219, 634.6298828125]"
520r1b1-14fn_26220_27360,,,
520r1b1-14fn_3420_4560,0.9339439272880554,7.0,"[732.5643920898438, 226.8960723876953, 1114.69873046875, 339.83544921875]"
540-b1-14-h01_10260_11400,0.9256890416145325,7.0,"[347.9509582519531, 328.4289245605469, 726.7821044921875, 432.68438720703125]"
540-b1-14-h01_12540_13680,,,
540-b1-14-h01_15960_17100,,,
560-b1-14-d01_17100_18240,0.34182968735694885,0.0,"[967.5955200195312, 622.5090942382812, 975.954833984375, 630.656005859375]"
560-b1-14-d01_6840_7980,,,
570-b1-14-d01_10260_11400,0.9420535564422607,7.0,"[434.9582824707031, 294.54052734375, 812.01025390625, 398.3961486816406]"
570-b1-14-d01_4560_5700,,,
570-b1-14-d01_5700_6840,,,
570-b1-14-d01_9120_10260,0.8467808961868286,6.0,"[613.2365112304688, 298.7848815917969, 861.7908325195312, 386.85870361328125]"
580-b1-14-d01_28500_29640,,,
590-b1-14-d01_18240_19380,0.9218799471855164,6.0,"[654.1436767578125, 325.8078308105469, 903.1192626953125, 408.4749755859375]"
590-b1-14-d01_27360_28500,0.8886759877204895,6.0,"[109.34227752685547, 349.3195495605469, 363.0981140136719, 433.0811767578125]"
600-b1-14-d01_15960_17100,,,
600-b1-14-d01_22800_23940,,,
600-b1-14-d01_6840_7980,,,
600-b1-14-d01_7980_9120,,,
610-b1-14-h01_10260_11400,0.960296630859375,7.0,"[537.8519897460938, 320.6080627441406, 912.0244140625, 421.91229248046875]"
620-b1-14-h01_0_1140,,,
620-b1-14-h01_10260_11400,0.9291604161262512,7.0,"[486.7975158691406, 286.9562683105469, 862.5888061523438, 390.5178527832031]"
620-b1-14-h01_15960_17100,,,
620-b1-14-h01_25080_26220,,,
620-b1-14-h01_9120_10260,0.9487656354904175,6.0,"[657.5921020507812, 284.6867370605469, 907.564453125, 374.74554443359375]"
630-b1-14-h01_2280_3420,0.29127785563468933,6.0,"[125.0830078125, 321.9480895996094, 380.57672119140625, 408.7137756347656]"
630-b1-14-h01_30780_31920,,,
630r1b1-14fn_10260_11400,0.9403265714645386,7.0,"[736.0054321289062, 238.05905151367188, 1120.6505126953125, 346.5074157714844]"
630r1b1-14fn_26220_27360,,,
630r1b1-14fn_29640_30780,,,
650-b1-14-h01_10260_11400,0.9001067876815796,7.0,"[438.568359375, 331.77947998046875, 813.7059936523438, 432.4533996582031]"
650-b1-14-h01_13680_14820,,,
650-b1-14-h01_22800_23940,,,
650-b1-14-h01_29640_30780,,,
650-b1-14-h01_4560_5700,,,
660-b1-14-d01_2280_3420,,,
660-b1-14-d01_26220_27360,0.9323856830596924,6.0,"[729.7546997070312, 335.0471496582031, 975.8726196289062, 417.4062194824219]"
670-b1-14-d01_18240_19380,0.9361931681632996,6.0,"[344.9894714355469, 332.58203125, 597.88037109375, 417.0198059082031]"
680-b1-14-d01_29640_30780,,,
690-b1-14-d01_26220_27360,0.9018895030021667,6.0,"[538.1444702148438, 356.7606506347656, 786.2622680664062, 440.0569763183594]"
700-b1-14-d01_20520_21660,0.3060467839241028,0.0,"[528.3246459960938, 652.4387817382812, 533.8566284179688, 658.07861328125]"
700-b1-14-d01_7980_9120,,,
700-b1-14-d01_9120_10260,0.2899676263332367,0.0,"[172.01084899902344, 646.6268920898438, 180.40345764160156, 653.3506469726562]"
710-b1-14-d01_0_1140,0.3606691062450409,0.0,"[610.3965454101562, 604.4974365234375, 622.5186157226562, 612.6159057617188]"
710-b1-14-d01_10260_11400,0.34036484360694885,0.0,"[603.286376953125, 590.50634765625, 611.4189453125, 597.113525390625]"
710-b1-14-d01_11400_12540,0.297134667634964,0.0,"[378.2124328613281, 582.1359252929688, 384.4346618652344, 588.0932006835938]"
710-b1-14-d01_13680_14820,0.292811781167984,0.0,"[718.4347534179688, 604.7850952148438, 727.4613037109375, 611.7276000976562]"
710-b1-14-d01_19380_20520,0.9272869825363159,7.0,"[395.4510498046875, 312.8479309082031, 767.5352783203125, 428.3385314941406]"
710-b1-14-d01_27360_28500,0.9056004881858826,6.0,"[79.45281982421875, 316.7421569824219, 335.291015625, 403.7697448730469]"
710-b1-14-d01_30780_31920,,,
710-b1-14-d01_9120_10260,,,
720-b1-14-h01_26220_27360,0.29056957364082336,0.0,"[1051.56689453125, 619.8286743164062, 1057.3802490234375, 625.1339721679688]"
730-b1-14-h01_12540_13680,,,
730-b1-14-h01_14820_15960,,,
730-b1-14-h01_18240_19380,0.919216513633728,6.0,"[714.2166748046875, 325.48907470703125, 962.23388671875, 408.7152099609375]"
730-b1-14-h01_22800_23940,,,
730-b1-14-h01_29640_30780,,,
730-b1-14-h01_5700_6840,,,
750-b1-14-h01_17100_18240,,,
750-b1-14-h01_25080_26220,0.34401389956474304,0.0,"[342.9557800292969, 633.0299682617188, 350.94451904296875, 640.82861328125]"
750-b1-14-h01_6840_7980,,,
750-b1-14-h01_7980_9120,,,
760-b1-14-h01_12540_13680,,,
760-b1-14-h01_14820_15960,,,
760-b1-14-h01_28500_29640,,,
760-b1-14-h01_4560_5700,,,
760-b1-14-h01_6840_7980,,,
770-b1-14-d01_20520_21660,,,
770-b1-14-d01_6840_7980,,,
780-b1-14-d01_21660_22800,,,
780-b1-14-d01_22800_23940,,,
780-b1-14-d01_26220_27360,0.4383524954319,0.0,"[202.63424682617188, 579.7200317382812, 210.3375701904297, 586.2237548828125]"
780-b1-14-d01_27360_28500,0.8713732957839966,7.0,"[217.46205139160156, 322.1072082519531, 592.3757934570312, 425.74432373046875]"
800-b1-14-d01_20520_21660,0.3628101646900177,0.0,"[877.081298828125, 633.6181030273438, 883.1137084960938, 639.0676879882812]"
810-b1-14-d01_11400_12540,,,
810-b1-14-d01_14820_15960,,,
810-b1-14-d01_2280_3420,,,
810-b1-14-d01_3420_4560,0.9336338639259338,7.0,"[142.17190551757812, 247.1997528076172, 527.8947143554688, 364.7174072265625]"
830-b1-14-d01_20520_21660,,,
840-b1-14-d01_10260_11400,0.9303069114685059,7.0,"[637.2681884765625, 365.4024658203125, 1009.7117309570312, 468.53302001953125]"
840-b1-14-d01_3420_4560,0.9532390832901001,7.0,"[733.77392578125, 350.64642333984375, 1106.9027099609375, 469.5710754394531]"
840-b1-14-d01_9120_10260,0.8806677460670471,6.0,"[820.7138671875, 369.1905822753906, 1067.1451416015625, 455.3207702636719]"
850-b1-14-d01_0_1140,,,
850-b1-14-d01_15960_17100,,,
850-b1-14-d01_18240_19380,0.9191713929176331,6.0,"[265.84527587890625, 314.5826110839844, 518.5485229492188, 396.06195068359375]"
850-b1-14-d01_23940_25080,,,
860-b1-14-d01_23940_25080,,,
860-b1-14-d01_6840_7980,0.40569552779197693,0.0,"[559.7903442382812, 680.4794311523438, 569.0048217773438, 687.3333129882812]"
870-b1-14-h01_30780_31920,,,
870-b1-14-h01_5700_6840,,,
870-b1-14-h01_9120_10260,,,
880-b1-14-d01_1140_2280,0.9188605546951294,6.0,"[853.0316772460938, 324.9505310058594, 1101.4251708984375, 413.0079345703125]"
880-b1-14-d01_23940_25080,,,
880-b1-14-d01_5700_6840,0.3729202449321747,0.0,"[604.4613647460938, 664.97265625, 611.3157958984375, 670.6929321289062]"
880-b1-14-d01_7980_9120,,,
880-b1-14-d01_9120_10260,0.8856452703475952,6.0,"[529.5791625976562, 322.7925720214844, 778.6904907226562, 408.8711242675781]"
890-b1-14-d01_4560_5700,,,
9-200-ls-34-b-01_0_1140,,,
9-200-ls-34-b-01_12540_13680,,,
9-200-ls-34-b-01_23940_25080,0.4619015157222748,0.0,"[703.4410400390625, 551.7262573242188, 711.3532104492188, 558.4473876953125]"
9-200-ls-34-b-01_30780_31920,,,
9-200-ls-34-b-01_6840_7980,,,
9-210-ls-34-b-01_25080_26220,,,
9-220-ls-34-b-01_29640_30780,,,
9-220-ls-34-b-01_30780_31920,,,
9-230-ls-34-b-01_12540_13680,0.3698783814907074,0.0,"[527.88720703125, 524.2896728515625, 537.77099609375, 533.077880859375]"
9-230-ls-34-b-01_15960_17100,,,
9-237-ls-1-11ra-0xkh_0_1140,,,
9-237-ls-1-11ra-0xkh_2280_3420,,,
9-237-ls-1-11ra-0xkh_27360_28500,,,
9-237-ls-1-11ra-0xkh_6840_7980,,,
9-238-ls-1-11ra-0xkh_0_1140,,,
9-238-ls-1-11ra-0xkh_28500_29640,0.9388520121574402,7.0,"[571.9733276367188, 280.304443359375, 951.0910034179688, 387.0201721191406]"
9-240-ls-34-b-01_14820_15960,,,
9-250-ls-34-b-01_26220_27360,0.9581713080406189,6.0,"[396.9576110839844, 293.09478759765625, 649.8486328125, 381.9830017089844]"
9-270-ls-34-b-01_1140_2280,0.9274008870124817,6.0,"[364.3281555175781, 320.7503662109375, 614.9918823242188, 410.31512451171875]"
9-270-ls-34-b-01_14820_15960,,,
9-280-ls-34-b-01_12540_13680,,,
9-280-ls-34-b-01_17100_18240,,,
9-280-ls-34-b-01_30780_31920,,,
9-280-ls-34-b-01_3420_4560,0.9447513818740845,7.0,"[583.6133422851562, 355.9923095703125, 956.9464721679688, 474.8133239746094]"
9-280-ls-34-b-01_6840_7980,,,
9-290-ls-34-b-01_1140_2280,0.9823765754699707,6.0,"[314.1283264160156, 334.06707763671875, 565.4558715820312, 424.2697448730469]"
9-300-ls-34-b-01_11400_12540,0.8964829444885254,7.0,"[46.85793685913086, 313.3630676269531, 431.94866943359375, 419.10675048828125]"
9-300-ls-34-b-01_19380_20520,0.9489679336547852,7.0,"[722.7212524414062, 260.2806091308594, 1094.74169921875, 371.2469482421875]"
9-300-ls-34-b-01_29640_30780,,,
9-330-ls-34-b-01_29640_30780,,,
9-340-ls-34-b-01_9120_10260,0.9156380295753479,6.0,"[789.2293090820312, 285.4958801269531, 1040.841064453125, 378.51953125]"
9-360-ls-34-b-01_2280_3420,0.9312347173690796,6.0,"[45.225833892822266, 295.3915100097656, 301.8945007324219, 381.2632141113281]"
9-380-ls-34-b-01_1140_2280,0.9374836087226868,6.0,"[476.3360595703125, 261.5804748535156, 725.9646606445312, 344.427490234375]"
9-380-ls-34-b-01_3420_4560,0.9589259028434753,7.0,"[126.22860717773438, 192.4635772705078, 507.8775939941406, 303.3556213378906]"
9-380-ls-r1-1-aa18_0_1140,,,
9-380-ls-r1-1-aa18_22800_23940,,,
9-380-ls-r1-1-aa18_23940_25080,,,
9-380-ls-r1-1-aa18_26220_27360,,,
9-390-ls-34-b-01_20520_21660,,,
9-390-ls-34-b-01_25080_26220,,,
9-390-ls-34-b-01_30780_31920,,,
9-390-ls-34-b-01_5700_6840,,,
9-400-ls-34-b-01_21660_22800,,,
9-410-ls-34-b-01_12540_13680,,,
9-410-ls-34-b-01_17100_18240,,,
9-410-ls-34-b-01_4560_5700,,,
9-410-ls-34-b-01_7980_9120,0.2618483603000641,0.0,"[914.7463989257812, 505.43792724609375, 920.6270141601562, 511.76336669921875]"
900-b1-14-d01_12540_13680,,,
920-b1-14-d01_0_1140,,,
920-b1-14-d01_21660_22800,,,
920-b1-14-d01_26220_27360,0.8903862833976746,6.0,"[237.89041137695312, 311.2510986328125, 490.47564697265625, 395.3608703613281]"
930-b1-14-d01_14820_15960,0.32543936371803284,0.0,"[541.8151245117188, 631.5510864257812, 550.8352661132812, 638.1676635742188]"
930-b1-14-d01_20520_21660,0.2642862796783447,0.0,"[656.8351440429688, 588.4141845703125, 663.8118896484375, 595.1423950195312]"
930-b1-14-d01_27360_28500,0.9658589959144592,7.0,"[189.7994842529297, 312.5480651855469, 564.3084716796875, 418.4854736328125]"
930-b1-14-d01_4560_5700,,,
930-b1-14-d01_5700_6840,,,
940-b1-14-h01_13680_14820,,,
940-b1-14-h01_22800_23940,,,
940-b1-14-h01_30780_31920,,,
940-b1-14-h01_3420_4560,0.9342243671417236,7.0,"[467.53179931640625, 353.451171875, 843.2279052734375, 469.11651611328125]"
950-b1-14-h01_10260_11400,0.9574424624443054,7.0,"[128.041259765625, 318.9949951171875, 512.3773803710938, 422.5748291015625]"
950-b1-14-h01_19380_20520,,,
960-b1-14-h01_20520_21660,,,
960-b1-14-h01_21660_22800,,,
960-b1-14-h01_22800_23940,0.3156105577945709,0.0,"[222.2771453857422, 595.7106323242188, 229.91845703125, 602.5797119140625]"
960-b1-14-h01_7980_9120,,,
980-b1-14-h01_28500_29640,,,
980-b1-14-h01_3420_4560,0.9354310631752014,7.0,"[164.60800170898438, 313.9455261230469, 545.5662841796875, 433.9239196777344]"
980-b1-14-h01_4560_5700,,,
990-b1-14-d01_17100_18240,0.25238120555877686,0.0,"[377.5562744140625, 635.1282348632812, 383.50347900390625, 641.1464233398438]"
990-b1-14-d01_22800_23940,,,
990-b1-14-d01_28500_29640,,,
lsn-b01-356_1140_2280,,,
lsn-b01-356_18240_19380,,,
lsn-b01-356_30780_31920,,,
lsn-b01-356_4560_5700,,,
lsn-b01-357_2280_3420,,,
lsn-b01-358_2280_3420,,,
lsn-b01-358_4560_5700,,,
lsn-b01-360_18240_19380,,,
lsn-b01-360_2280_3420,,,
lsn-b01-361_3420_4560,,,
sajteks-24_12540_13680,,,
sajteks-24_26220_27360,0.31968462467193604,0.0,"[540.2929077148438, 579.8566284179688, 548.4169311523438, 587.8218383789062]"
sod106-ls-14-g02_2280_3420,0.27909404039382935,6.0,"[149.76095581054688, 216.3162078857422, 403.28472900390625, 299.32427978515625]"
sod106-ls-14-g02_27360_28500,0.9510610699653625,7.0,"[712.9464111328125, 219.1657257080078, 1094.638671875, 327.8183288574219]"
sod106-ls-14-g02_28500_29640,,,
sod106-ls-14-g02_3420_4560,,,
sod23-ls-1-d01_10260_11400,,,
sod23-ls-1-d01_12540_13680,,,
sod24-ls-1-d01_12540_13680,0.3538784384727478,0.0,"[701.1273803710938, 636.574462890625, 710.376953125, 644.5578002929688]"
sod24-ls-1-d01_18240_19380,,,
sod24-ls-1-d01_21660_22800,,,
sod25-ls-1-d01_10260_11400,0.5572137832641602,7.0,"[750.6454467773438, 307.99853515625, 1126.2091064453125, 410.56951904296875]"
sod25-ls-1-d01_25080_26220,0.2906980514526367,0.0,"[122.21119689941406, 550.1565551757812, 129.68280029296875, 557.35986328125]"
sod25-ls-1-d01_30780_31920,,,
sod50-ls-1-1939-1se9_17100_18240,,,
sod50-ls-1-1939-1se9_18240_19380,0.3687967360019684,2.0,"[1053.7647705078125, 762.7490234375, 1081.252197265625, 772.2760620117188]"
sod53-ls-1-059komcs_13680_14820,,,
sod53-ls-1-059komcs_19380_20520,,,
sod53-ls-1-059komcs_30780_31920,,,
sod55-ls-1-059komcs_14820_15960,,,
sod55-ls-1-059komcs_27360_28500,,,
sod58-ls-1-059komcs_17100_18240,,,
sod58-ls-1-059komcs_28500_29640,,,
sod58-ls-1-059komcs_7980_9120,,,
sod59-ls-1-1939-1se9_14820_15960,,,
sod59-ls-1-1939-1se9_20520_21660,,,
sod59-ls-1-1939-1se9_4560_5700,,,
sod60-ls-1-1939-1se9_1140_2280,0.8885031342506409,6.0,"[734.91552734375, 243.1268768310547, 985.7589111328125, 324.61395263671875]"
sod60-ls-1-1939-1se9_23940_25080,,,
sod61-ls-1-1939-1se9_0_1140,,,
sod61-ls-1-1939-1se9_18240_19380,,,
sod61-ls-1-1939-1se9_4560_5700,,,
sod62-ls-1-059komcs_7980_9120,,,
sod63-ls-1-1939-1se9_9120_10260,0.8033009767532349,6.0,"[762.44873046875, 348.9066467285156, 1017.1054077148438, 438.0367431640625]"
sod64-ls-1-059komcs_11400_12540,,,
sod64-ls-1-059komcs_27360_28500,,,
sod64-ls-1-059komcs_6840_7980,,,
sod88-ls-1-059komcs_5700_6840,,,
sod88-ls-1-059komcs_7980_9120,,,
_programdata_xvu_data_firesave_scan01_0_1140,,,
_programdata_xvu_data_firesave_scan01_17100_18240,,,
_programdata_xvu_data_firesave_scan01_20520_21660,,,
_programdata_xvu_data_firesave_scan01_3420_4560,,,
