,bbox,confidence,label,text,region,region_confidence,file_path
0,"[0, 606, 0, 295]","[0.999751627445221, 0.9999436140060425, 0.9999326467514038, 0.9999383687973022, 0.9999505281448364, 0.9999741315841675, 0.9999542236328125, 0.999998927116394, 0.9999991655349731, 0.9999994039535522]",License Plate,BDR529,United States,0.9952458739280701,lp_train_387
1,"[2, 107, 0, 31]","[0.9994557499885559, 0.9999573230743408, 0.9999815225601196, 0.9999620914459229, 0.9998593330383301, 0.9999185800552368, 0.9999518394470215, 0.9999227523803711, 0.9999978542327881, 0.9999996423721313]",License Plate,51A69172,Vietnam,0.9999997615814209,lp_train_2320
2,"[3, 48, 2, 11]","[0.5716859698295593, 0.9985594153404236, 0.9811334013938904, 0.9846991896629333, 0.6349327564239502, 0.8686081767082214, 0.8478883504867554, 0.8739360570907593, 0.9968922734260559, 0.9998499155044556]",License Plate,51A06131,Vietnam,0.999966025352478,lp_train_3388
3,NA,NA,NA,NA,NA,NA,lp_train_2287
4,NA,NA,NA,NA,NA,NA,lp_train_5568
5,"[3, 104, 5, 33]","[0.9999306201934814, 0.9998970031738281, 0.9999922513961792, 0.99994957447052, 0.9998094439506531, 0.999956488609314, 0.9998434782028198, 0.9999779462814331, 0.9999806880950928, 0.9999971389770508]",License Plate,29A23950,Vietnam,1.0,lp_train_1017
6,"[5, 124, 12, 74]","[0.9972209930419922, 0.9997442364692688, 0.9997679591178894, 0.9995610117912292, 0.9999091625213623, 0.9992215633392334, 0.9996013045310974, 0.9999834299087524, 0.9999942779541016, 0.9999960660934448]",License Plate,ICULAFN,United States,0.9955359697341919,lp_train_4831
7,NA,NA,NA,NA,NA,NA,lp_train_6632
8,NA,NA,NA,NA,NA,NA,lp_train_6098
9,NA,NA,NA,NA,NA,NA,lp_train_065
10,"[0, 89, 0, 21]","[0.9841032028198242, 0.9921443462371826, 0.9951415061950684, 0.9904829263687134, 0.5223305821418762, 0.9854787588119507, 0.9925341606140137, 0.9947604537010193, 0.9905484318733215, 0.9760904312133789]",License Plate,501D104411,Ireland,0.9637794494628906,lp_train_925
11,"[1, 48, 2, 16]","[0.9997227787971497, 0.998823344707489, 0.9995076656341553, 0.9998847246170044, 0.9994574189186096, 0.9858385920524597, 0.9974344372749329, 0.9995861649513245, 0.9999889135360718, 0.9999986886978149]",License Plate,51F15585,Vietnam,1.0,lp_train_3451
12,NA,NA,NA,NA,NA,NA,lp_train_6018
13,NA,NA,NA,NA,NA,NA,lp_train_4364
14,"[3, 117, 2, 41]","[0.9999710321426392, 0.9997809529304504, 0.9999927282333374, 0.9999933242797852, 0.9998750686645508, 0.9999533891677856, 0.9999430179595947, 0.9999679327011108, 0.9999803304672241, 0.9999966621398926]",License Plate,48A05177,Vietnam,1.0,lp_train_1919
15,"[0, 104, 6, 58]","[0.9996495246887207, 0.9984796643257141, 0.9996885061264038, 0.9997418522834778, 0.999424934387207, 0.9997928738594055, 0.9987983703613281, 0.9870501756668091, 0.9991299510002136, 0.9999934434890747]",License Plate,51G22807,Vietnam,0.9999991655349731,lp_train_2578
16,"[1, 95, 0, 24]","[0.9997556805610657, 0.9999414682388306, 0.9999958276748657, 0.9999626874923706, 0.9999027252197266, 0.9999046325683594, 0.9999386072158813, 0.999921441078186, 0.9999959468841553, 0.9999984502792358]",License Plate,51A69172,Vietnam,0.9999998807907104,lp_train_1820
17,NA,NA,NA,NA,NA,NA,lp_train_6035
18,"[0, 92, 2, 23]","[0.9996664524078369, 0.9999343156814575, 0.9997572302818298, 0.999953031539917, 0.9996570348739624, 0.9998152852058411, 0.9999788999557495, 0.9998295307159424, 0.9999994039535522, 0.9999997615814209]",License Plate,51F82606,Vietnam,0.9999995231628418,lp_train_1956
19,"[10, 86, 10, 77]","[0.9994513392448425, 0.9999393224716187, 0.9983752965927124, 0.9988694787025452, 0.9998533725738525, 0.9999499320983887, 0.9998130202293396, 0.9996402263641357, 0.9998711347579956, 0.9999816417694092]",License Plate,59M160886,Vietnam,0.9999961853027344,lp_train_5390
20,"[4, 491, 18, 273]","[0.8215066194534302, 0.8275231719017029, 0.9434418082237244, 0.6954553723335266, 0.8879002332687378, 0.5540332794189453, 0.9083876013755798, 0.9829279780387878, 0.9943704009056091, 0.998443067073822]",License Plate,505ZHZ,Belgium,0.5671117901802063,lp_train_220
21,"[3, 83, 0, 19]","[0.9999563694000244, 0.9999642372131348, 0.9998902082443237, 0.9999065399169922, 0.9999634027481079, 0.9999312162399292, 0.9999783039093018, 0.9997901320457458, 0.9999215602874756, 0.9996623992919922]",License Plate,50LD04411,Vietnam,0.9999992847442627,lp_train_420
22,"[4, 75, 0, 34]","[0.9995118379592896, 0.9990000128746033, 0.9999748468399048, 0.9999555349349976, 0.9674432873725891, 0.9998587369918823, 0.9959750771522522, 0.999761164188385, 0.9999614953994751, 0.9999605417251587]",License Plate,NBEYOND,Canada,0.7107882499694824,lp_train_3964
23,"[0, 996, 0, 315]","[0.9738076329231262, 0.7761753797531128, 0.9712193608283997, 0.9952206015586853, 0.8853838443756104, 0.9302703738212585, 0.4651830494403839, 0.9882733821868896, 0.9990943670272827, 0.9997469782829285]",License Plate,BA7130M,United States,0.5275595784187317,lp_train_332
24,NA,NA,NA,NA,NA,NA,lp_train_5898
25,"[107, 1039, 73, 657]","[0.9999141693115234, 0.9991980195045471, 0.9998261332511902, 0.9998281002044678, 0.9999032020568848, 0.9997151494026184, 0.9999556541442871, 0.9999914169311523, 0.9999969005584717, 0.9999982118606567]",License Plate,HDV415A,Mexico,0.9999995231628418,lp_train_4155
26,"[2, 122, 3, 51]","[0.999893307685852, 0.9998278617858887, 0.9998711347579956, 0.9998922348022461, 0.9997376799583435, 0.9998413324356079, 0.9998769760131836, 0.999944806098938, 0.9999955892562866, 0.9999983310699463]",License Plate,51G44313,Vietnam,0.9999998807907104,lp_train_1948
27,"[0, 95, 2, 50]","[0.9999672174453735, 0.9998286962509155, 0.9999899864196777, 0.9999914169311523, 0.9998980760574341, 0.9999563694000244, 0.9999630451202393, 0.9999517202377319, 0.9999797344207764, 0.9999974966049194]",License Plate,48A05177,Vietnam,1.0,lp_train_3184
28,"[0, 242, 0, 115]","[0.9999891519546509, 0.9985572695732117, 0.9999735355377197, 0.9999041557312012, 0.9999138116836548, 0.9984610080718994, 0.9999951124191284, 0.9999998807907104, 1.0, 1.0]",License Plate,DK966,United States,0.8284439444541931,lp_train_213
29,"[3, 84, 3, 25]","[0.9999486207962036, 0.9998518228530884, 0.9999961853027344, 0.9999215602874756, 0.9999325275421143, 0.9999345541000366, 0.9999252557754517, 0.9999231100082397, 0.9999990463256836, 0.9999997615814209]",License Plate,29A51796,Vietnam,1.0,lp_train_1801
30,NA,NA,NA,NA,NA,NA,lp_train_4368
31,"[0, 184, 0, 130]","[0.9999798536300659, 0.9997970461845398, 0.9999897480010986, 0.9999072551727295, 0.9999452829360962, 0.9999309778213501, 0.9999502897262573, 0.9997252821922302, 0.9999405145645142, 0.9996675252914429]",License Plate,67C103786,Vietnam,0.9999995231628418,lp_train_7053
32,"[0, 43, 1, 11]","[0.7122034430503845, 0.5413800477981567, 0.4092040956020355, 0.13972394168376923, 0.6255163550376892, 0.38461941480636597, 0.3255902826786041, 0.3815269470214844, 0.9504408240318298, 0.9972208738327026]",License Plate,11U12074,Turkey,0.5911343693733215,lp_train_3420
33,"[1, 94, 3, 30]","[0.999517560005188, 0.9999485015869141, 0.9996470212936401, 0.9998652935028076, 0.999924898147583, 0.9998825788497925, 0.9999268054962158, 0.9998631477355957, 0.9999991655349731, 0.9999998807907104]",License Plate,51F59881,Vietnam,1.0,lp_train_1359
34,"[0, 139, 1, 40]","[0.99951171875, 0.9999719858169556, 0.9999905824661255, 0.9999641180038452, 0.9999305009841919, 0.9999581575393677, 0.9999567270278931, 0.9999847412109375, 0.999988317489624, 0.9999970197677612]",License Plate,51A89714,Vietnam,1.0,lp_train_2047
35,"[2, 110, 5, 36]","[0.9998656511306763, 0.9999687671661377, 0.9997683167457581, 0.9999822378158569, 0.9998679161071777, 0.9999243021011353, 0.9999749660491943, 0.9999837875366211, 0.9999992847442627, 0.9999996423721313]",License Plate,51F06609,Vietnam,0.9999998807907104,lp_train_2752
36,"[1, 80, 1, 20]","[0.9993425011634827, 0.9999650716781616, 0.9999340772628784, 0.9998984336853027, 0.9996090531349182, 0.9998055100440979, 0.9999011754989624, 0.9998716115951538, 0.9999960660934448, 0.9999985694885254]",License Plate,51A85325,Vietnam,0.9999978542327881,lp_train_421
37,"[1, 119, 5, 55]","[0.9984747767448425, 0.9999723434448242, 0.9999933242797852, 0.9999512434005737, 0.9999105930328369, 0.9997842907905579, 0.9999409914016724, 0.9999891519546509, 0.999976396560669, 0.9999929666519165]",License Plate,51A72110,Vietnam,0.9999997615814209,lp_train_2390
38,"[0, 88, 0, 34]","[0.9873700141906738, 0.9911227226257324, 0.9892582297325134, 0.9982460737228394, 0.9911762475967407, 0.9955939650535583, 0.9616742134094238, 0.9979453682899475, 0.9995622038841248, 0.9992502331733704]",License Plate,A06642,Norway,0.9974856376647949,lp_train_2543
39,"[0, 96, 1, 40]","[0.9999709129333496, 0.9999831914901733, 0.9999973773956299, 0.9999332427978516, 0.9999309778213501, 0.999940037727356, 0.999886155128479, 0.9998772144317627, 0.9999953508377075, 0.999998927116394]",License Plate,61A22959,Vietnam,1.0,lp_train_2225
40,"[2, 116, 0, 28]","[0.9998291730880737, 0.9999332427978516, 0.9997863173484802, 0.9999381303787231, 0.9994394183158875, 0.9998670816421509, 0.9998527765274048, 0.9998898506164551, 0.9997881054878235, 0.9999673366546631]",License Plate,51G37675,Vietnam,0.9999997615814209,lp_train_1020
41,"[2, 81, 3, 26]","[0.9999094009399414, 0.9999840259552002, 0.9999953508377075, 0.9999468326568604, 0.9999266862869263, 0.9998714923858643, 0.9999291896820068, 0.9999600648880005, 0.9999947547912598, 0.9999988079071045]",License Plate,51A77529,Vietnam,0.9999997615814209,lp_train_2661
42,"[8, 85, 7, 69]","[0.9995700716972351, 0.9998760223388672, 0.999785840511322, 0.9999442100524902, 0.9997132420539856, 0.9998990297317505, 0.9998637437820435, 0.9997026324272156, 0.9998297691345215, 0.9999606609344482]",License Plate,59T100985,Vietnam,0.9999996423721313,lp_train_5732
43,NA,NA,NA,NA,NA,NA,lp_train_4811
44,NA,NA,NA,NA,NA,NA,lp_train_4288
45,"[4, 83, 5, 61]","[0.9998123049736023, 0.9819517731666565, 0.9997102618217468, 0.9997909665107727, 0.9998737573623657, 0.9998947381973267, 0.999887228012085, 0.9999231100082397, 0.9998937845230103, 0.9999878406524658]",License Plate,51R56273,Vietnam,0.9999324083328247,lp_train_6747
46,NA,NA,NA,NA,NA,NA,lp_train_4838
47,"[2, 111, 0, 25]","[0.9998757839202881, 0.9999556541442871, 0.9996587038040161, 0.999980092048645, 0.9997945427894592, 0.99989914894104, 0.9999310970306396, 0.999505877494812, 0.9999978542327881, 0.9999994039535522]",License Plate,51F98466,Vietnam,1.0,lp_train_1096
48,"[4, 275, 19, 178]","[0.9991925358772278, 0.9999046325683594, 0.9998605251312256, 0.9946714043617249, 0.9990085959434509, 0.9914426207542419, 0.9994639754295349, 0.8026356101036072, 0.9805774688720703, 0.9998706579208374]",License Plate,69F104177,Vietnam,0.9999994039535522,lp_train_6981
49,NA,NA,NA,NA,NA,NA,lp_train_4615
50,"[4, 58, 3, 37]","[0.9998183846473694, 0.9928399324417114, 0.999402642250061, 0.9997280240058899, 0.9999537467956543, 0.9998401403427124, 0.9998331069946289, 0.9997425675392151, 0.9998444318771362, 0.9999854564666748]",License Plate,51Z30606,Vietnam,0.9859281778335571,lp_train_6162
51,NA,NA,NA,NA,NA,NA,lp_train_3724
52,NA,NA,NA,NA,NA,NA,lp_train_4720
53,"[0, 40, 2, 12]","[0.2465689480304718, 0.8911544680595398, 0.7072927355766296, 0.8514437675476074, 0.236189067363739, 0.2661527395248413, 0.6605017781257629, 0.8990610241889954, 0.995558500289917, 0.9989739656448364]",License Plate,MIF588B,Mexico,0.6046910285949707,lp_train_3777
54,NA,NA,NA,NA,NA,NA,lp_train_4424
55,"[5, 70, 4, 35]","[0.6515990495681763, 0.7747616767883301, 0.9564545154571533, 0.9456196427345276, 0.9670699834823608, 0.9585446715354919, 0.869090735912323, 0.9979214072227478, 0.9998273253440857, 0.9999117851257324]",License Plate,DM7222,Malaysia,0.6727737784385681,lp_train_4642
56,NA,NA,NA,NA,NA,NA,lp_train_4642
57,"[0, 93, 0, 28]","[0.9998708963394165, 0.9999339580535889, 0.9995265007019043, 0.999915361404419, 0.9998923540115356, 0.9999067783355713, 0.9998286962509155, 0.9998917579650879, 0.9999972581863403, 0.9999994039535522]",License Plate,51F31118,Vietnam,0.9999997615814209,lp_train_1413
58,"[8, 160, 10, 96]","[0.9999656677246094, 0.9998679161071777, 0.9999734163284302, 0.9999436140060425, 0.9999784231185913, 0.9999343156814575, 0.9999970197677612, 0.9999974966049194, 0.9999988079071045, 0.9999994039535522]",License Plate,RF03ACY,United Kingdom,0.999976396560669,lp_train_4565
59,"[3, 112, 1, 31]","[0.9998917579650879, 0.9999231100082397, 0.9995417594909668, 0.9999148845672607, 0.9999575614929199, 0.9999332427978516, 0.999777615070343, 0.9999008178710938, 0.9999799728393555, 0.9999910593032837]",License Plate,51F20754,Vietnam,0.9999998807907104,lp_train_2003
60,NA,NA,NA,NA,NA,NA,lp_train_3757
61,"[2, 105, 3, 32]","[0.9998829364776611, 0.9999525547027588, 0.9997292160987854, 0.9999548196792603, 0.9999152421951294, 0.9998317956924438, 0.999624490737915, 0.9999692440032959, 0.9999915361404419, 0.9999974966049194]",License Plate,51F69259,Vietnam,1.0,lp_train_1010
62,"[4, 102, 3, 37]","[0.9998754262924194, 0.999934196472168, 0.9994839429855347, 0.9999579191207886, 0.9995856881141663, 0.9987578392028809, 0.9998680353164673, 0.9999096393585205, 0.9999990463256836, 0.9999997615814209]",License Plate,51F15585,Vietnam,0.9999998807907104,lp_train_1941
63,NA,NA,NA,NA,NA,NA,lp_train_185
64,"[3, 106, 3, 28]","[0.9999427795410156, 0.9999806880950928, 0.9998505115509033, 0.9999254941940308, 0.9999563694000244, 0.9999308586120605, 0.9999755620956421, 0.9996217489242554, 0.9999033212661743, 0.9996249675750732]",License Plate,50LD04411,Vietnam,0.9999997615814209,lp_train_410
65,"[3, 38, 2, 11]","[0.8103851079940796, 0.829815149307251, 0.7534717321395874, 0.6079967617988586, 0.6598595380783081, 0.7935028076171875, 0.7948647737503052, 0.9983843564987183, 0.999984622001648, 0.9999901056289673]",License Plate,IA33529,Switzerland,0.6464126110076904,lp_train_3226
66,NA,NA,NA,NA,NA,NA,lp_train_6256
67,"[2, 101, 0, 25]","[0.9996728897094727, 0.9999301433563232, 0.999464213848114, 0.9999220371246338, 0.9993569254875183, 0.9998012185096741, 0.9999756813049316, 0.999879002571106, 0.9999961853027344, 0.9999991655349731]",License Plate,51F24403,Vietnam,1.0,lp_train_989
68,NA,NA,NA,NA,NA,NA,lp_train_5724
69,"[2, 94, 3, 30]","[0.9999401569366455, 0.9999434947967529, 0.999519944190979, 0.999964714050293, 0.9997827410697937, 0.9991416931152344, 0.9999167919158936, 0.9999176263809204, 0.9999969005584717, 0.9999992847442627]",License Plate,51F15585,Vietnam,0.9999997615814209,lp_train_1063
70,"[1, 112, 0, 43]","[0.9997867941856384, 0.999945878982544, 0.9997586607933044, 0.9999477863311768, 0.9998310804367065, 0.9998651742935181, 0.999925971031189, 0.9999332427978516, 0.9999983310699463, 0.9999998807907104]",License Plate,51F68784,Vietnam,1.0,lp_train_1899
71,"[1, 83, 0, 22]","[0.9999194145202637, 0.9999513626098633, 0.9999878406524658, 0.9998451471328735, 0.9998477697372437, 0.9998506307601929, 0.9998522996902466, 0.9997765421867371, 0.9999986886978149, 0.9999996423721313]",License Plate,60A35981,Vietnam,1.0,lp_train_1683
72,NA,NA,NA,NA,NA,NA,lp_train_5036
73,NA,NA,NA,NA,NA,NA,lp_train_4755
74,"[3, 97, 3, 31]","[0.9999312162399292, 0.9999462366104126, 0.9998052716255188, 0.9999562501907349, 0.9999077320098877, 0.9999004602432251, 0.9999552965164185, 0.9996500015258789, 0.9999980926513672, 0.9999992847442627]",License Plate,51G39466,Vietnam,1.0,lp_train_1544
75,"[6, 110, 1, 26]","[0.9995321035385132, 0.999956488609314, 0.999996542930603, 0.9999053478240967, 0.999896764755249, 0.9999544620513916, 0.9999524354934692, 0.9999901056289673, 0.9999809265136719, 0.9999971389770508]",License Plate,51A72110,Vietnam,0.9999992847442627,lp_train_946
76,"[1, 107, 3, 50]","[0.9998509883880615, 0.99982088804245, 0.9996663331985474, 0.999882698059082, 0.9999182224273682, 0.9998805522918701, 0.999902606010437, 0.9998646974563599, 0.9999984502792358, 0.9999996423721313]",License Plate,51F59881,Vietnam,0.9999998807907104,lp_train_3038
77,"[0, 39, 1, 11]","[0.8660935759544373, 0.3359421193599701, 0.17088784277439117, 0.23621955513954163, 0.23290592432022095, 0.2712234854698181, 0.8089852929115295, 0.43633097410202026, 0.9962731599807739, 0.9993637204170227]",License Plate,11HHMH6,Turkey,0.830736517906189,lp_train_3422
78,NA,NA,NA,NA,NA,NA,lp_train_6177
79,"[2, 108, 2, 41]","[0.9999061822891235, 0.9999357461929321, 0.999748170375824, 0.9999459981918335, 0.9999070167541504, 0.9998432397842407, 0.9998311996459961, 0.9999583959579468, 0.9999964237213135, 0.9999988079071045]",License Plate,51F61712,Vietnam,0.9999998807907104,lp_train_2521
80,"[80, 1091, 17, 533]","[0.9998347759246826, 0.9998596906661987, 0.999962568283081, 0.9998998641967773, 0.9998213648796082, 0.9998691082000732, 0.9999675750732422, 0.9999939203262329, 0.9999985694885254, 0.9999992847442627]",License Plate,HFL311A,Mexico,1.0,lp_train_4146
81,NA,NA,NA,NA,NA,NA,lp_train_3630
82,"[0, 581, 0, 136]","[0.9999797344207764, 0.99982750415802, 0.9999847412109375, 0.9998947381973267, 0.9997373223304749, 0.9995261430740356, 0.9997946619987488, 0.999847412109375, 0.9999847412109375, 0.9999971389770508]",License Plate,06CD1194,Turkey,0.9999030828475952,lp_train_4723
83,"[2, 87, 0, 22]","[0.9998431205749512, 0.9999396800994873, 0.999993085861206, 0.9999022483825684, 0.999788224697113, 0.9998642206192017, 0.9999299049377441, 0.9999459981918335, 0.9999997615814209, 1.0]",License Plate,60A35981,Vietnam,1.0,lp_train_1092
84,"[1, 75, 0, 17]","[0.999427080154419, 0.9999364614486694, 0.9996376037597656, 0.9998462200164795, 0.9992632269859314, 0.9989080429077148, 0.9997740387916565, 0.9996501207351685, 0.9999865293502808, 0.9999967813491821]",License Plate,51G49539,Vietnam,0.9999998807907104,lp_train_437
85,NA,NA,NA,NA,NA,NA,lp_train_6166
86,"[1, 48, 1, 12]","[0.6180012226104736, 0.9130704402923584, 0.7514399886131287, 0.5659869909286499, 0.3957865834236145, 0.46068015694618225, 0.3890015184879303, 0.9132524132728577, 0.9998496770858765, 0.9999233484268188]",License Plate,IC59177,Norway,0.384103000164032,lp_train_3580
87,NA,NA,NA,NA,NA,NA,lp_train_5158
88,"[1, 43, 3, 11]","[0.5477291941642761, 0.5017638206481934, 0.9961658716201782, 0.8789394497871399, 0.9573521018028259, 0.832007646560669, 0.7185227870941162, 0.978906512260437, 0.9998193383216858, 0.9999654293060303]",License Plate,11MM624,Turkey,0.26917099952697754,lp_train_3348
89,"[10, 90, 9, 76]","[0.9998643398284912, 0.9998598098754883, 0.9997316002845764, 0.9161834716796875, 0.9998064637184143, 0.9997890591621399, 0.9985686540603638, 0.9998705387115479, 0.9995347261428833, 0.9999301433563232]",License Plate,54L59913,Vietnam,0.9993211030960083,lp_train_5402
90,NA,NA,NA,NA,NA,NA,lp_train_5551
91,NA,NA,NA,NA,NA,NA,lp_train_5428
92,NA,NA,NA,NA,NA,NA,lp_train_3804
93,"[2, 96, 3, 29]","[0.998143196105957, 0.9999115467071533, 0.9995380640029907, 0.9998425245285034, 0.9996402263641357, 0.9999542236328125, 0.9998093247413635, 0.9999291896820068, 0.9999949932098389, 0.9999980926513672]",License Plate,51F22029,Vietnam,0.9999997615814209,lp_train_2088
94,"[1, 45, 0, 13]","[0.9899086952209473, 0.9921135902404785, 0.7830484509468079, 0.9914731979370117, 0.8574966192245483, 0.9893022179603577, 0.48127833008766174, 0.9441524744033813, 0.9999755620956421, 0.9999947547912598]",License Plate,51G39466,Vietnam,0.9999854564666748,lp_train_3492
95,"[0, 110, 8, 49]","[0.1950257569551468, 0.9997294545173645, 0.9999806880950928, 0.9999135732650757, 0.9999313354492188, 0.9999200105667114, 0.9998924732208252, 0.9997604489326477, 0.9999922513961792, 0.9999973773956299]",License Plate,29A51796,Vietnam,1.0,lp_train_3230
96,NA,NA,NA,NA,NA,NA,lp_train_6026
97,"[53, 1477, 50, 1004]","[0.9996919631958008, 0.999035120010376, 0.9993776679039001, 0.999692440032959, 0.9994893074035645, 0.9996740818023682, 0.9988892674446106, 0.9999622106552124, 0.9999902248382568, 0.9999918937683105]",License Plate,HFR032D,Mexico,0.9999768733978271,lp_train_4108
98,"[21, 543, 26, 294]","[0.9992746710777283, 0.7130227088928223, 0.9997939467430115, 0.9998904466629028, 0.9996517896652222, 0.9997414946556091, 0.9990013241767883, 0.9999748468399048, 0.9999911785125732, 0.9999943971633911]",License Plate,GOGR3N,United States,0.9996212720870972,lp_train_4777
99,"[4, 88, 11, 75]","[0.9968177080154419, 0.999777615070343, 0.9997996687889099, 0.9935285449028015, 0.9995730519294739, 0.9995546936988831, 0.999476969242096, 0.9998838901519775, 0.9999078512191772, 0.9999922513961792]",License Plate,59N147102,Vietnam,0.9999995231628418,lp_train_6534
100,NA,NA,NA,NA,NA,NA,lp_train_5163
101,NA,NA,NA,NA,NA,NA,lp_train_6730
102,"[0, 42, 1, 11]","[0.984147310256958, 0.9996464252471924, 0.9999246597290039, 0.41634994745254517, 0.8222423791885376, 0.9992635846138, 0.998420238494873, 0.9964587092399597, 0.999923586845398, 0.9999840259552002]",License Plate,51A16227,Vietnam,0.9994373917579651,lp_train_3409
103,NA,NA,NA,NA,NA,NA,lp_train_3980
104,NA,NA,NA,NA,NA,NA,lp_train_3980
105,NA,NA,NA,NA,NA,NA,lp_train_4451
106,NA,NA,NA,NA,NA,NA,lp_train_4451
107,"[0, 87, 3, 30]","[0.999743640422821, 0.9996906518936157, 0.9999685287475586, 0.9999523162841797, 0.9995243549346924, 0.999591052532196, 0.9998859167098999, 0.9999765157699585, 0.9999959468841553, 0.9999969005584717]",License Plate,52Y6490,Vietnam,0.9997095465660095,lp_train_1240
108,NA,NA,NA,NA,NA,NA,lp_train_5599
109,"[6, 96, 8, 45]","[0.9997076392173767, 0.9979933500289917, 0.9995425939559937, 0.9998490810394287, 0.9985781908035278, 0.9997406601905823, 0.9990881681442261, 0.9999005794525146, 0.9999971389770508, 0.999998927116394]",License Plate,51F44614,Vietnam,0.9999991655349731,lp_train_3138
110,"[0, 77, 3, 23]","[0.9988075494766235, 0.9998546838760376, 0.9995400905609131, 0.9998936653137207, 0.9996005892753601, 0.9998001456260681, 0.9998475313186646, 0.999809205532074, 0.9999983310699463, 0.9999992847442627]",License Plate,51F22261,Vietnam,0.9999996423721313,lp_train_414
111,"[0, 90, 4, 75]","[0.9998138546943665, 0.9999397993087769, 0.9999265670776367, 0.9998458623886108, 0.999853253364563, 0.9999454021453857, 0.9998408555984497, 0.9998098015785217, 0.9998750686645508, 0.9999862909317017]",License Plate,67N120886,Vietnam,0.9999951124191284,lp_train_6863
112,"[4, 49, 2, 11]","[0.606868326663971, 0.2682636082172394, 0.9560204148292542, 0.6530107855796814, 0.9537362456321716, 0.6802371144294739, 0.5058025121688843, 0.7872368097305298, 0.9998717308044434, 0.9999661445617676]",License Plate,IW39307,Georgia,0.5577448606491089,lp_train_2572
113,NA,NA,NA,NA,NA,NA,lp_train_3978
114,NA,NA,NA,NA,NA,NA,lp_train_7030
115,"[1, 59, 0, 14]","[0.9945726990699768, 0.9997637867927551, 0.9994534850120544, 0.9998263716697693, 0.9991242289543152, 0.9996418952941895, 0.9989804625511169, 0.9801903367042542, 0.9999994039535522, 0.9999997615814209]",License Plate,51G37307,Vietnam,0.9999817609786987,lp_train_3523
116,"[1, 114, 3, 33]","[0.9997667670249939, 0.9998993873596191, 0.9996067881584167, 0.999991774559021, 0.9997889399528503, 0.9999580383300781, 0.9999526739120483, 0.9999420642852783, 0.9999942779541016, 0.9999983310699463]",License Plate,51F07973,Vietnam,1.0,lp_train_1166
117,"[2, 103, 1, 31]","[0.9998675584793091, 0.9998629093170166, 0.9997537732124329, 0.9998714923858643, 0.999914288520813, 0.9998784065246582, 0.9999078512191772, 0.9999129772186279, 0.9999988079071045, 0.9999997615814209]",License Plate,51F59881,Vietnam,1.0,lp_train_1289
118,"[0, 36, 3, 11]","[0.7369315028190613, 0.9127194285392761, 0.9444411993026733, 0.9202625155448914, 0.7667858600616455, 0.3126223087310791, 0.7921884655952454, 0.9982861876487732, 0.9998059868812561, 0.9998753070831299]",License Plate,TU9995,Moldova,0.7565685510635376,lp_train_3309
119,"[0, 46, 2, 13]","[0.17893224954605103, 0.4855416417121887, 0.29366570711135864, 0.7058215737342834, 0.3588760495185852, 0.14336898922920227, 0.17794890701770782, 0.60456782579422, 0.5805096626281738, 0.6790205836296082]",License Plate,501D1E558,Vietnam,0.8074347972869873,lp_train_2703
120,"[0, 79, 2, 25]","[0.9997066855430603, 0.9999446868896484, 0.9998636245727539, 0.9999724626541138, 0.9999442100524902, 0.9999667406082153, 0.9998181462287903, 0.999489426612854, 0.9999964237213135, 0.9999985694885254]",License Plate,51G10096,Vietnam,0.9999994039535522,lp_train_474
121,NA,NA,NA,NA,NA,NA,lp_train_4259
122,NA,NA,NA,NA,NA,NA,lp_train_6093
123,NA,NA,NA,NA,NA,NA,lp_train_6641
124,NA,NA,NA,NA,NA,NA,lp_train_6741
125,"[2, 100, 0, 26]","[0.9999068975448608, 0.9999761581420898, 0.9999957084655762, 0.999962568283081, 0.999909520149231, 0.9999721050262451, 0.9999879598617554, 0.999948263168335, 0.9999970197677612, 0.9999988079071045]",License Plate,51A96141,Vietnam,0.9999995231628418,lp_train_618
126,"[12, 113, 12, 59]","[0.9998264908790588, 0.9998527765274048, 0.9997121691703796, 0.9999443292617798, 0.9999315738677979, 0.9998486042022705, 0.9999161958694458, 0.9995983242988586, 0.9999877214431763, 0.9999986886978149]",License Plate,51G39466,Vietnam,0.9999995231628418,lp_train_3013
127,"[0, 97, 1, 30]","[0.9999097585678101, 0.99986732006073, 0.9998971223831177, 0.9996436834335327, 0.99970942735672, 0.9998325109481812, 0.9993762373924255, 0.9999862909317017, 0.9999978542327881, 0.9999986886978149]",License Plate,30V3993,Vietnam,0.9999361038208008,lp_train_1511
128,NA,NA,NA,NA,NA,NA,lp_train_5043
129,NA,NA,NA,NA,NA,NA,lp_train_5043
130,"[1, 80, 6, 22]","[0.9998917579650879, 0.9999303817749023, 0.9999085664749146, 0.99982088804245, 0.9999082088470459, 0.9998327493667603, 0.9997979998588562, 0.9989041090011597, 0.9999983310699463, 0.9999996423721313]",License Plate,60A20880,Vietnam,1.0,lp_train_1302
131,"[0, 89, 0, 72]","[0.9997591376304626, 0.9996843338012695, 0.9999308586120605, 0.9999433755874634, 0.999940037727356, 0.9998990297317505, 0.9999254941940308, 0.9999279975891113, 0.9996676445007324, 0.9999632835388184]",License Plate,65H90714,Vietnam,0.9999990463256836,lp_train_6438
132,"[0, 98, 6, 55]","[0.9990880489349365, 0.9999107122421265, 0.9994571805000305, 0.9997108578681946, 0.9990535378456116, 0.9999173879623413, 0.9824475646018982, 0.9987561702728271, 0.9996453523635864, 0.9999622106552124]",License Plate,51F44614,Vietnam,1.0,lp_train_3220
133,"[1, 139, 1, 48]","[0.9998722076416016, 0.9999405145645142, 0.9998123049736023, 0.9999266862869263, 0.999871015548706, 0.9999821186065674, 0.9999314546585083, 0.9999189376831055, 0.9999767541885376, 0.9999961853027344]",License Plate,51G29034,Vietnam,1.0,lp_train_1960
134,"[6, 89, 1, 25]","[0.4564354121685028, 0.9957031607627869, 0.9870184659957886, 0.9829067587852478, 0.9885365962982178, 0.9908616542816162, 0.9970083832740784, 0.9995170831680298, 0.9999890327453613, 0.9999964237213135]",License Plate,IG49524,Spain,0.5320634841918945,lp_train_1145
135,NA,NA,NA,NA,NA,NA,lp_train_354
136,NA,NA,NA,NA,NA,NA,lp_train_5073
137,NA,NA,NA,NA,NA,NA,lp_train_5073
138,NA,NA,NA,NA,NA,NA,lp_train_240
139,"[7, 78, 9, 68]","[0.9997209906578064, 0.9998304843902588, 0.999966025352478, 0.998875081539154, 0.9905133247375488, 0.9997631907463074, 0.9997174143791199, 0.9998960494995117, 0.9999406337738037, 0.9999407529830933]",License Plate,59E119803,Vietnam,0.9999827146530151,lp_train_6549
140,NA,NA,NA,NA,NA,NA,lp_train_5843
141,"[0, 121, 0, 28]","[0.1931193768978119, 0.9159837961196899, 0.9982433319091797, 0.9995755553245544, 0.9994133710861206, 0.9995631575584412, 0.9982110261917114, 0.9994751811027527, 0.9999887943267822, 0.9999983310699463]",License Plate,21F58214,Vietnam,0.9999910593032837,lp_train_2554
142,NA,NA,NA,NA,NA,NA,lp_train_6478
143,"[2, 112, 1, 34]","[0.9999550580978394, 0.9998897314071655, 0.9999959468841553, 0.9999598264694214, 0.9999692440032959, 0.9999529123306274, 0.9999489784240723, 0.9999443292617798, 0.9999994039535522, 0.9999997615814209]",License Plate,29A51796,Vietnam,1.0,lp_train_1037
144,"[21, 1207, 110, 599]","[0.9999206066131592, 0.9996813535690308, 0.9998372793197632, 0.9996651411056519, 0.9999608993530273, 0.9999191761016846, 0.9997134804725647, 0.9999761581420898, 0.9999947547912598, 0.9999946355819702]",License Plate,HBH892B,Mexico,0.9966937303543091,lp_train_4159
145,NA,NA,NA,NA,NA,NA,lp_train_4427
146,"[4, 91, 4, 30]","[0.9994444251060486, 0.9996205568313599, 0.9999102354049683, 0.9994416832923889, 0.9995869994163513, 0.9996484518051147, 0.9984065890312195, 0.999982476234436, 0.9999983310699463, 0.9999992847442627]",License Plate,56S4698,Vietnam,0.9984976053237915,lp_train_1924
147,NA,NA,NA,NA,NA,NA,lp_train_5677
148,NA,NA,NA,NA,NA,NA,lp_train_3774
149,"[1, 98, 2, 29]","[0.8207988739013672, 0.9999101161956787, 0.9994120597839355, 0.9999022483825684, 0.9995046854019165, 0.9998062252998352, 0.9999688863754272, 0.9998559951782227, 0.9999982118606567, 0.9999994039535522]",License Plate,51F24403,Vietnam,1.0,lp_train_1250
150,"[9, 92, 8, 74]","[0.9998168349266052, 0.9998155236244202, 0.9999309778213501, 0.9949487447738647, 0.999893307685852, 0.9995577931404114, 0.9996840953826904, 0.9997606873512268, 0.9999547004699707, 0.9999736547470093]",License Plate,59L178582,Vietnam,0.9999985694885254,lp_train_6367
151,"[1, 99, 1, 52]","[0.9999428987503052, 0.9997270703315735, 0.9999809265136719, 0.9999855756759644, 0.9999818801879883, 0.999992847442627, 0.9999914169311523, 0.9999996423721313, 0.9999997615814209, 0.9999998807907104]",License Plate,HIUGLY,United States,0.9820134043693542,lp_train_4745
152,NA,NA,NA,NA,NA,NA,lp_train_5965
153,NA,NA,NA,NA,NA,NA,lp_train_6030
154,"[1, 101, 1, 38]","[0.9998002648353577, 0.9999454021453857, 0.9996176958084106, 0.9999868869781494, 0.9997066855430603, 0.9999357461929321, 0.9997360110282898, 0.9999535083770752, 0.9999074935913086, 0.9999905824661255]",License Plate,51F07973,Vietnam,0.9999998807907104,lp_train_1918
155,NA,NA,NA,NA,NA,NA,lp_train_6437
156,NA,NA,NA,NA,NA,NA,lp_train_6702
157,"[0, 107, 0, 50]","[0.99992835521698, 0.9996304512023926, 0.9984337687492371, 0.9998056292533875, 0.9963507652282715, 0.9994890689849854, 0.9838021993637085, 0.999937891960144, 0.9999749660491943, 0.9999772310256958]",License Plate,MSFTIPO,United States,0.9984915256500244,lp_train_4505
158,"[0, 86, 0, 54]","[0.9998015761375427, 0.9994397759437561, 0.9999849796295166, 0.9998786449432373, 0.9999327659606934, 0.999127209186554, 0.9998103976249695, 0.9998273849487305, 0.999930739402771, 0.9999698400497437]",License Plate,61A39534,Vietnam,1.0,lp_train_3146
159,NA,NA,NA,NA,NA,NA,lp_train_5961
160,"[0, 95, 0, 77]","[0.9987924098968506, 0.9995916485786438, 0.9999591112136841, 0.9999284744262695, 0.9998652935028076, 0.9997108578681946, 0.9999134540557861, 0.999921441078186, 0.9999603033065796, 0.9999599456787109]",License Plate,77F121626,Vietnam,0.9999963045120239,lp_train_5488
161,"[2, 88, 2, 25]","[0.9999579191207886, 0.9999736547470093, 0.9999936819076538, 0.999925971031189, 0.999864935874939, 0.9999294281005859, 0.999916672706604, 0.9999600648880005, 0.999998927116394, 0.9999998807907104]",License Plate,60A35981,Vietnam,1.0,lp_train_552
162,"[3, 90, 0, 36]","[0.9997865557670593, 0.9999374151229858, 0.9998053908348083, 0.9999830722808838, 0.9999562501907349, 0.9999555349349976, 0.9997126460075378, 0.9964035749435425, 0.9999791383743286, 0.9999978542327881]",License Plate,51G10096,Vietnam,0.9999997615814209,lp_train_3010
163,"[2, 108, 2, 29]","[0.9998432397842407, 0.9999619722366333, 0.9995755553245544, 0.9999306201934814, 0.9993923902511597, 0.999945878982544, 0.9999769926071167, 0.9999809265136719, 0.999998927116394, 0.9999995231628418]",License Plate,51G37307,Vietnam,1.0,lp_train_1579
164,NA,NA,NA,NA,NA,NA,lp_train_6091
165,NA,NA,NA,NA,NA,NA,lp_train_3004
166,NA,NA,NA,NA,NA,NA,lp_train_4847
167,NA,NA,NA,NA,NA,NA,lp_train_5100
168,"[0, 113, 0, 62]","[0.9998832941055298, 0.9998431205749512, 0.9999154806137085, 0.9999560117721558, 0.9999654293060303, 0.9998950958251953, 0.9999072551727295, 0.9999754428863525, 0.9999881982803345, 0.9999921321868896]",License Plate,NTHGLFT,United States,0.9969737529754639,lp_train_4183
169,"[9, 150, 5, 71]","[0.9998962879180908, 0.9998993873596191, 0.9997864365577698, 0.9999423027038574, 0.9999380111694336, 0.9998912811279297, 0.9998045563697815, 0.9998730421066284, 0.9999921321868896, 0.9999974966049194]",License Plate,51G51332,Vietnam,0.9999998807907104,lp_train_2323
170,"[9, 105, 1, 55]","[0.9995688796043396, 0.9998886585235596, 0.9999946355819702, 0.9999899864196777, 0.9998749494552612, 0.9999063014984131, 0.9999252557754517, 0.9998847246170044, 0.9998362064361572, 0.9999938011169434]",License Plate,86A06844,Vietnam,1.0,lp_train_2907
171,NA,NA,NA,NA,NA,NA,lp_train_6447
172,NA,NA,NA,NA,NA,NA,lp_train_017
173,"[0, 87, 4, 27]","[0.9999562501907349, 0.9995056390762329, 0.9999829530715942, 0.9999861717224121, 0.9995760321617126, 0.9998668432235718, 0.9998910427093506, 0.9961187839508057, 0.9999544620513916, 0.9999973773956299]",License Plate,48A05177,Vietnam,1.0,lp_train_1227
174,NA,NA,NA,NA,NA,NA,lp_train_3337
175,"[3, 116, 5, 36]","[0.9999228715896606, 0.9999814033508301, 0.9999927282333374, 0.9999637603759766, 0.9998319149017334, 0.999901533126831, 0.9999583959579468, 0.9999209642410278, 0.9999929666519165, 0.9999967813491821]",License Plate,51A85325,Vietnam,0.9999715089797974,lp_train_2146
176,"[3, 150, 2, 48]","[0.9993613362312317, 0.9997926354408264, 0.9995417594909668, 0.9997877478599548, 0.9991379976272583, 0.9998281002044678, 0.9998809099197388, 0.9999219179153442, 0.9999945163726807, 0.9999990463256836]",License Plate,51F44614,Vietnam,1.0,lp_train_2395
177,NA,NA,NA,NA,NA,NA,lp_train_6045
178,NA,NA,NA,NA,NA,NA,lp_train_3817
179,NA,NA,NA,NA,NA,NA,lp_train_5415
180,"[8, 87, 6, 73]","[0.9991679191589355, 0.9998356103897095, 0.999769389629364, 0.9992209672927856, 0.9995013475418091, 0.9995855689048767, 0.9998618364334106, 0.9777811169624329, 0.9998186230659485, 0.9999681711196899]",License Plate,59S153418,Vietnam,0.9999984502792358,lp_train_6563
181,"[4, 43, 2, 12]","[0.5147640109062195, 0.7743448615074158, 0.6073477268218994, 0.34284913539886475, 0.5604853630065918, 0.6344538331031799, 0.9198298454284668, 0.6433203816413879, 0.9985036849975586, 0.9996249675750732]",License Plate,61G45399,Vietnam,0.9787212610244751,lp_train_2259
182,NA,NA,NA,NA,NA,NA,lp_train_4449
183,NA,NA,NA,NA,NA,NA,lp_train_4449
184,"[1, 81, 1, 23]","[0.9995372295379639, 0.9999293088912964, 0.9996156692504883, 0.999902606010437, 0.9997660517692566, 0.99988853931427, 0.9997426867485046, 0.9998693466186523, 0.9999923706054688, 0.9999984502792358]",License Plate,51F31118,Vietnam,1.0,lp_train_485
185,"[1, 90, 0, 24]","[0.9998961687088013, 0.9997852444648743, 0.999915361404419, 0.9997174143791199, 0.999646782875061, 0.9998021721839905, 0.9989836812019348, 0.9999630451202393, 0.9999973773956299, 0.999998927116394]",License Plate,56S4698,Vietnam,0.9997994303703308,lp_train_833
186,NA,NA,NA,NA,NA,NA,lp_train_3881
187,"[7, 91, 6, 74]","[0.9986213445663452, 0.34898605942726135, 0.9999339580535889, 0.9992918968200684, 0.9995694756507874, 0.9994920492172241, 0.9997714161872864, 0.9995392560958862, 0.9998113512992859, 0.9997684359550476]",License Plate,54F168564,Vietnam,0.9999996423721313,lp_train_5201
188,NA,NA,NA,NA,NA,NA,lp_train_6049
189,NA,NA,NA,NA,NA,NA,lp_train_7043
190,NA,NA,NA,NA,NA,NA,lp_train_6118
191,"[0, 36, 0, 10]","[0.45928460359573364, 0.8928219676017761, 0.9690150022506714, 0.7957332730293274, 0.44617289304733276, 0.3216705918312073, 0.5100050568580627, 0.4960908889770508, 0.9997652173042297, 0.9999822378158569]",License Plate,61F00448,Vietnam,0.9991542100906372,lp_train_3779
192,"[3, 80, 1, 25]","[0.9884401559829712, 0.9999406337738037, 0.9997749924659729, 0.9998719692230225, 0.9993686079978943, 0.9999078512191772, 0.9999603033065796, 0.9999496936798096, 0.9999961853027344, 0.9999988079071045]",License Plate,51G37307,Vietnam,0.9999998807907104,lp_train_2746
193,"[18, 21, 29, 30]","[0.9800077080726624, 0.9898964166641235, 0.9913122057914734, 0.9890704154968262, 0.9877312779426575, 0.9866681098937988, 0.9884429574012756, 0.9939583539962769, 0.9962837100028992, 0.9965205192565918]",License Plate,,Unknown,0.9999028444290161,lp_train_6014
194,NA,NA,NA,NA,NA,NA,lp_train_5774
195,"[0, 74, 4, 27]","[0.9997995495796204, 0.9997290968894958, 0.9999159574508667, 0.9994557499885559, 0.9994950294494629, 0.9997212290763855, 0.9986415505409241, 0.9999895095825195, 0.9999988079071045, 0.9999994039535522]",License Plate,56S4698,Vietnam,0.9995564818382263,lp_train_1171
196,"[2, 91, 0, 27]","[0.9994553923606873, 0.9999760389328003, 0.9999959468841553, 0.9999946355819702, 0.9999808073043823, 0.999936580657959, 0.9999916553497314, 0.9999680519104004, 0.9999963045120239, 0.9999983310699463]",License Plate,51A01204,Vietnam,1.0,lp_train_846
197,"[0, 52, 2, 14]","[0.9802926182746887, 0.9974491000175476, 0.9817295670509338, 0.7779214382171631, 0.9992071986198425, 0.9987132549285889, 0.9992775321006775, 0.9991187453269958, 0.9999337196350098, 0.9999943971633911]",License Plate,51G51332,Vietnam,0.9999979734420776,lp_train_3634
198,"[2, 77, 4, 42]","[0.9996519088745117, 0.9997585415840149, 0.9995520710945129, 0.999951958656311, 0.999666690826416, 0.9990843534469604, 0.9997327923774719, 0.9967693090438843, 0.9999992847442627, 0.9999997615814209]",License Plate,51F15585,Vietnam,1.0,lp_train_3248
199,"[0, 60, 4, 38]","[0.9998692274093628, 0.9999417066574097, 0.9999374151229858, 0.9999477863311768, 0.9999361038208008, 0.9999423027038574, 0.999757707118988, 0.999995231628418, 0.9999988079071045, 0.9999995231628418]",License Plate,4SZW590,United States,0.9999961853027344,lp_train_3890
200,NA,NA,NA,NA,NA,NA,lp_train_3591
201,"[6, 61, 2, 25]","[0.9999114274978638, 0.9997592568397522, 0.9990925788879395, 0.9993471503257751, 0.9946594834327698, 0.9975550770759583, 0.999981164932251, 0.999996542930603, 0.9999959468841553, 0.999997615814209]",License Plate,BM351,Latvia,0.9999550580978394,lp_train_366
202,NA,NA,NA,NA,NA,NA,lp_train_4207
203,"[1, 53, 2, 11]","[0.6244636178016663, 0.4412233829498291, 0.9981120824813843, 0.9982263445854187, 0.8560460209846497, 0.6645069122314453, 0.30603674054145813, 0.4662114679813385, 0.9999308586120605, 0.9999706745147705]",License Plate,BG20633,Ukraine,0.9280853271484375,lp_train_3832
204,"[2, 82, 3, 23]","[0.9998806715011597, 0.9999628067016602, 0.9993189573287964, 0.9998316764831543, 0.9998100399971008, 0.9999734163284302, 0.9999449253082275, 0.999822199344635, 0.9999988079071045, 0.9999995231628418]",License Plate,51G51008,Vietnam,0.9999997615814209,lp_train_982
205,NA,NA,NA,NA,NA,NA,lp_train_5650
206,"[1, 117, 0, 35]","[0.7640466690063477, 0.43049004673957825, 0.24465490877628326, 0.5221408009529114, 0.2736002802848816, 0.4086358845233917, 0.5937853455543518, 0.8930425047874451, 0.9909529685974121, 0.995955228805542]",License Plate,KC_77,Greece,0.2487097829580307,lp_train_3904
207,"[2, 160, 4, 112]","[0.9997286200523376, 0.9991191029548645, 0.9997883439064026, 0.9965742826461792, 0.9996893405914307, 0.9997305274009705, 0.9999417066574097, 0.999961256980896, 0.9992585778236389, 0.9998699426651001]",License Plate,65P75647,Vietnam,1.0,lp_train_6938
208,"[8, 125, 12, 66]","[0.5908716917037964, 0.9999407529830933, 0.9999532699584961, 0.9999123811721802, 0.9996613264083862, 0.9998953342437744, 0.9997087121009827, 0.9999810457229614, 0.999995231628418, 0.9999964237213135]",License Plate,OXPAHA,United States,0.9997627139091492,lp_train_4970
209,"[0, 40, 2, 15]","[0.263582706451416, 0.24460704624652863, 0.31554627418518066, 0.7386426329612732, 0.7915300130844116, 0.7754073739051819, 0.5331737399101257, 0.7023395299911499, 0.9931509494781494, 0.998650848865509]",License Plate,11F311B,Greece,0.5976027846336365,lp_train_3391
210,"[9, 92, 0, 73]","[0.9991592168807983, 0.9982175230979919, 0.9998488426208496, 0.987217366695404, 0.999782145023346, 0.9997449517250061, 0.9998257756233215, 0.9998397827148438, 0.9991401433944702, 0.999937891960144]",License Plate,55P48426,Vietnam,0.9999997615814209,lp_train_5373
211,NA,NA,NA,NA,NA,NA,lp_train_3847
212,NA,NA,NA,NA,NA,NA,lp_train_2094
213,"[6, 110, 4, 75]","[0.9966004490852356, 0.9997445940971375, 0.9997474551200867, 0.9994181394577026, 0.9990992546081543, 0.9997395873069763, 0.9994620680809021, 0.9740911722183228, 0.9999779462814331, 0.9999953508377075]",License Plate,51G51332,Vietnam,0.9991145730018616,lp_train_3227
214,"[1, 45, 3, 14]","[0.9961351156234741, 0.3996562063694, 0.9996861219406128, 0.9982505440711975, 0.9767017364501953, 0.9985920786857605, 0.3663778603076935, 0.761381983757019, 0.9996554851531982, 0.9999899864196777]",License Plate,5DZ16311,Vietnam,0.9921274185180664,lp_train_2354
215,"[2, 41, 2, 15]","[0.993740439414978, 0.44629865884780884, 0.9680101871490479, 0.2968333661556244, 0.9258303642272949, 0.7543525695800781, 0.8982165455818176, 0.9203323125839233, 0.9972317814826965, 0.9997488856315613]",License Plate,51A22038,Vietnam,0.9996235370635986,lp_train_3687
216,"[1, 91, 0, 51]","[0.999855637550354, 0.9999281167984009, 0.9997547268867493, 0.9999750852584839, 0.999967098236084, 0.9999628067016602, 0.9998766183853149, 0.9998794794082642, 0.9999891519546509, 0.9999972581863403]",License Plate,51G10096,Vietnam,0.9999967813491821,lp_train_2280
217,NA,NA,NA,NA,NA,NA,lp_train_6075
218,"[0, 101, 4, 37]","[0.9999634027481079, 0.9999731779098511, 0.9999935626983643, 0.9999188184738159, 0.9999701976776123, 0.9999890327453613, 0.9999933242797852, 0.9999765157699585, 0.9999961853027344, 0.9999992847442627]",License Plate,61A30001,Vietnam,0.9999998807907104,lp_train_3156
219,NA,NA,NA,NA,NA,NA,lp_train_4602
220,NA,NA,NA,NA,NA,NA,lp_train_3326
221,"[0, 1114, 2, 407]","[0.9998736381530762, 0.9998107552528381, 0.9996598958969116, 0.9998118281364441, 0.999900221824646, 0.9998728036880493, 0.9998692274093628, 0.9999929666519165, 0.999997615814209, 0.9999990463256836]",License Plate,1DQU100,Australia,0.9999947547912598,lp_train_394
222,"[5, 108, 2, 36]","[0.9999818801879883, 0.9991043210029602, 0.9999217987060547, 0.9998912811279297, 0.9998152852058411, 0.9997406601905823, 0.9999486207962036, 0.9999662637710571, 0.9999988079071045, 0.9999992847442627]",License Plate,KOH2295,Greece,0.9993247985839844,lp_train_4778
223,"[0, 87, 0, 72]","[0.999914288520813, 0.9999254941940308, 0.9997841715812683, 0.999935507774353, 0.9999711513519287, 0.9999027252197266, 0.9999717473983765, 0.9999816417694092, 0.9998785257339478, 0.9999632835388184]",License Plate,93P117409,Vietnam,0.9999940395355225,lp_train_6385
224,NA,NA,NA,NA,NA,NA,lp_train_5993
225,NA,NA,NA,NA,NA,NA,lp_train_6661
226,"[2, 74, 8, 65]","[0.9995520710945129, 0.9997747540473938, 0.9993840456008911, 0.9995586276054382, 0.9998292922973633, 0.9996198415756226, 0.9998536109924316, 0.9997487664222717, 0.9998268485069275, 0.999946117401123]",License Plate,59V209048,Vietnam,0.9999997615814209,lp_train_5222
227,NA,NA,NA,NA,NA,NA,lp_train_4034
228,NA,NA,NA,NA,NA,NA,lp_train_4034
229,"[4, 419, 0, 192]","[0.9996494054794312, 0.9994266033172607, 0.9999188184738159, 0.9986742734909058, 0.9997438788414001, 0.9999068975448608, 0.9961502552032471, 0.9999905824661255, 0.9999954700469971, 0.9999970197677612]",License Plate,ANYTEXT,United States,0.9745187759399414,lp_train_244
230,"[0, 94, 5, 27]","[0.9753789305686951, 0.9980204105377197, 0.9985296726226807, 0.999283492565155, 0.9977432489395142, 0.9997847676277161, 0.9996833801269531, 0.9995660185813904, 0.9999891519546509, 0.9999983310699463]",License Plate,51F55827,Vietnam,0.9999959468841553,lp_train_861
231,"[0, 107, 0, 30]","[0.9994885921478271, 0.9999105930328369, 0.9997907280921936, 0.9999165534973145, 0.9998304843902588, 0.9999192953109741, 0.9997557997703552, 0.9998501539230347, 0.9999958276748657, 0.9999988079071045]",License Plate,51G31691,Vietnam,0.9999997615814209,lp_train_715
232,"[0, 50, 1, 16]","[0.25673994421958923, 0.9994346499443054, 0.9925933480262756, 0.9988823533058167, 0.9933214783668518, 0.9979448914527893, 0.999404788017273, 0.9996261596679688, 0.9999973773956299, 0.9999995231628418]",License Plate,11G47281,Vietnam,0.9999995231628418,lp_train_3395
233,"[2, 108, 0, 25]","[0.9997081160545349, 0.999933123588562, 0.9987847208976746, 0.9999066591262817, 0.9997392296791077, 0.9999160766601562, 0.9999700784683228, 0.9999382495880127, 0.9999992847442627, 0.9999996423721313]",License Plate,51F27809,Vietnam,0.9999998807907104,lp_train_1860
234,"[2, 79, 2, 22]","[0.9977924823760986, 0.9999433755874634, 0.9999932050704956, 0.9999350309371948, 0.9997618794441223, 0.9999337196350098, 0.9998144507408142, 0.9998743534088135, 0.9999974966049194, 0.9999985694885254]",License Plate,51A75932,Vietnam,1.0,lp_train_1035
235,NA,NA,NA,NA,NA,NA,lp_train_229
236,"[1, 90, 3, 28]","[0.9995648264884949, 0.9999338388442993, 0.9995817542076111, 0.9998171925544739, 0.9995114803314209, 0.99981290102005, 0.9997988343238831, 0.999929666519165, 0.9999710321426392, 0.999994158744812]",License Plate,51F44614,Vietnam,1.0,lp_train_1616
237,"[3, 106, 3, 34]","[0.9998981952667236, 0.9999418258666992, 0.9996944665908813, 0.9999891519546509, 0.9997109770774841, 0.9997594952583313, 0.9997676014900208, 0.9999004602432251, 0.9999958276748657, 0.9999985694885254]",License Plate,51F06532,Vietnam,0.9999998807907104,lp_train_748
238,NA,NA,NA,NA,NA,NA,lp_train_6396
239,"[0, 91, 1, 26]","[0.9999065399169922, 0.9998552799224854, 0.9992870688438416, 0.9999043941497803, 0.9998399019241333, 0.9998094439506531, 0.9995187520980835, 0.9993095397949219, 0.9999960660934448, 0.9999972581863403]",License Plate,51F16159,Vietnam,0.999996542930603,lp_train_904
240,NA,NA,NA,NA,NA,NA,lp_train_4261
241,NA,NA,NA,NA,NA,NA,lp_train_4261
242,"[1, 156, 0, 32]","[0.9996509552001953, 0.9994801878929138, 0.9999265670776367, 0.9979463219642639, 0.9999029636383057, 0.999864935874939, 0.9941897392272949, 0.9998680353164673, 0.9997460246086121, 0.9994029998779297]",License Plate,MH20EJ0364,Unknown,0.9870691299438477,lp_train_3933
243,"[9, 87, 8, 68]","[0.9998388290405273, 0.9998464584350586, 0.9994741082191467, 0.9985326528549194, 0.9997815489768982, 0.9999133348464966, 0.9998629093170166, 0.9999070167541504, 0.9997356534004211, 0.9998866319656372]",License Plate,54S55036,Vietnam,0.9999804496765137,lp_train_5949
244,"[0, 87, 8, 31]","[0.7266879081726074, 0.8155777454376221, 0.8990011215209961, 0.9289153218269348, 0.7838547229766846, 0.7959496378898621, 0.8276745080947876, 0.7897824645042419, 0.7855961918830872, 0.817539632320404]",License Plate,501D104411,Vietnam,0.5208781361579895,lp_train_3173
245,"[2, 118, 0, 38]","[0.9988106489181519, 0.9999696016311646, 0.9999957084655762, 0.9999780654907227, 0.9999294281005859, 0.9999700784683228, 0.9999889135360718, 0.9881219863891602, 0.999990701675415, 0.9999983310699463]",License Plate,51A96141,Vietnam,1.0,lp_train_2444
246,"[1, 94, 1, 26]","[0.9998403787612915, 0.9999240636825562, 0.9994882345199585, 0.9999067783355713, 0.999480664730072, 0.9991089701652527, 0.9998698234558105, 0.9998979568481445, 0.9999991655349731, 0.9999998807907104]",License Plate,51F15585,Vietnam,1.0,lp_train_3305
247,NA,NA,NA,NA,NA,NA,lp_train_4276
248,"[2, 133, 0, 46]","[0.9999113082885742, 0.9999232292175293, 0.9997027516365051, 0.9999011754989624, 0.9999396800994873, 0.9997896552085876, 0.9997981190681458, 0.9999197721481323, 0.9999767541885376, 0.9999958276748657]",License Plate,51F79512,Vietnam,1.0,lp_train_1898
249,NA,NA,NA,NA,NA,NA,lp_train_4470
250,"[3, 87, 0, 71]","[0.9999350309371948, 0.999971866607666, 0.9998836517333984, 0.9999344348907471, 0.9999719858169556, 0.9998950958251953, 0.9997164607048035, 0.9998183846473694, 0.9999202489852905, 0.9999833106994629]",License Plate,50N118689,Vietnam,0.9999998807907104,lp_train_5691
251,"[1, 109, 0, 43]","[0.9998792409896851, 0.9998918771743774, 0.9998251795768738, 0.9998879432678223, 0.9999282360076904, 0.9999721050262451, 0.9998481273651123, 0.9996730089187622, 0.9999630451202393, 0.9999922513961792]",License Plate,51F59011,Vietnam,1.0,lp_train_2706
252,"[0, 131, 0, 36]","[0.999671459197998, 0.9999370574951172, 0.999911904335022, 0.9999643564224243, 0.9999229907989502, 0.9999517202377319, 0.9999192953109741, 0.9998325109481812, 0.9997578263282776, 0.9999932050704956]",License Plate,51B21666,Vietnam,1.0,lp_train_2431
253,"[9, 89, 7, 72]","[0.8651387095451355, 0.9970890879631042, 0.9998206496238708, 0.9978218078613281, 0.7218067049980164, 0.9997888207435608, 0.9957185387611389, 0.9997442364692688, 0.9991589784622192, 0.9998937845230103]",License Plate,71H15518,Vietnam,0.9999864101409912,lp_train_6631
254,NA,NA,NA,NA,NA,NA,lp_train_6757
255,"[0, 117, 3, 39]","[0.18315421044826508, 0.9970356225967407, 0.9983574748039246, 0.998979389667511, 0.9985654950141907, 0.9984574317932129, 0.9989286065101624, 0.9995206594467163, 0.9999361038208008, 0.9999902248382568]",License Plate,52P5688,Vietnam,0.9996658563613892,lp_train_2124
256,NA,NA,NA,NA,NA,NA,lp_train_5941
257,"[11, 85, 2, 51]","[0.9985659718513489, 0.9993731379508972, 0.9994888305664062, 0.9999160766601562, 0.9996287822723389, 0.9976782202720642, 0.7886192798614502, 0.9997605681419373, 0.9999604225158691, 0.9999959468841553]",License Plate,51F16159,Vietnam,1.0,lp_train_3166
258,"[0, 110, 0, 45]","[0.995089590549469, 0.9996122717857361, 0.9988118410110474, 0.9998465776443481, 0.9990726709365845, 0.9998782873153687, 0.9999130964279175, 0.999832272529602, 0.9999971389770508, 0.9999994039535522]",License Plate,71F57493,Vietnam,0.9999996423721313,lp_train_2130
259,NA,NA,NA,NA,NA,NA,lp_train_6354
260,"[1, 35, 2, 9]","[0.4831719398498535, 0.413010835647583, 0.3218814432621002, 0.16850879788398743, 0.3665783703327179, 0.20635803043842316, 0.3202957808971405, 0.919933557510376, 0.9997723698616028, 0.9998273849487305]",License Plate,IHH1394,Netherlands,0.365494966506958,lp_train_3402
261,NA,NA,NA,NA,NA,NA,lp_train_5964
262,NA,NA,NA,NA,NA,NA,lp_train_6294
263,"[8, 147, 18, 89]","[0.9999425411224365, 0.999714195728302, 0.9962100982666016, 0.9997982382774353, 0.9999233484268188, 0.9995424747467041, 0.9998620748519897, 0.9999520778656006, 0.999988317489624, 0.9999929666519165]",License Plate,KICKSIX,United States,0.9843870997428894,lp_train_4815
264,"[0, 85, 1, 26]","[0.9971206784248352, 0.999968409538269, 0.9997058510780334, 0.9998641014099121, 0.9994648098945618, 0.9998200535774231, 0.9998611211776733, 0.999702513217926, 0.9999997615814209, 0.9999998807907104]",License Plate,51F32488,Vietnam,1.0,lp_train_1263
265,"[3, 107, 2, 30]","[0.999855637550354, 0.9999711513519287, 0.9999961853027344, 0.9999657869338989, 0.9999310970306396, 0.9999802112579346, 0.9999911785125732, 0.999925971031189, 0.9999929666519165, 0.9999979734420776]",License Plate,51A96141,Vietnam,1.0,lp_train_1753
266,"[4, 104, 11, 67]","[0.9998494386672974, 0.9997323155403137, 0.9999932050704956, 0.999988317489624, 0.9999337196350098, 0.9993220567703247, 0.999984860420227, 0.9940855503082275, 0.9999909400939941, 0.9999982118606567]",License Plate,51A96141,Vietnam,1.0,lp_train_3193
267,NA,NA,NA,NA,NA,NA,lp_train_2181
268,"[1, 95, 0, 26]","[0.999618411064148, 0.9999617338180542, 0.9998886585235596, 0.9999674558639526, 0.9999387264251709, 0.9999412298202515, 0.9999351501464844, 0.9998358488082886, 0.9999963045120239, 0.9999986886978149]",License Plate,51G21748,Vietnam,0.9999998807907104,lp_train_1464
269,"[12, 101, 11, 55]","[0.9995148181915283, 0.9999464750289917, 0.9997832179069519, 0.9999500513076782, 0.9998149275779724, 0.9997571110725403, 0.85027676820755, 0.9859824776649475, 0.9999945163726807, 0.9999977350234985]",License Plate,51F68784,Vietnam,1.0,lp_train_2595
270,NA,NA,NA,NA,NA,NA,lp_train_3421
271,NA,NA,NA,NA,NA,NA,lp_train_5131
272,NA,NA,NA,NA,NA,NA,lp_train_5021
273,"[14, 103, 13, 83]","[0.9996497631072998, 0.9997397065162659, 0.999824583530426, 0.9997959733009338, 0.9995323419570923, 0.9995519518852234, 0.9997206330299377, 0.9995850920677185, 0.9996053576469421, 0.9999366998672485]",License Plate,59S144895,Vietnam,0.9999990463256836,lp_train_5520
274,NA,NA,NA,NA,NA,NA,lp_train_6082
275,NA,NA,NA,NA,NA,NA,lp_train_3957
276,NA,NA,NA,NA,NA,NA,lp_train_2786
277,"[2, 109, 6, 54]","[0.9999240636825562, 0.9999394416809082, 0.9999918937683105, 0.9998764991760254, 0.9999723434448242, 0.9999853372573853, 0.9999868869781494, 0.9991657733917236, 0.99998939037323, 0.9999983310699463]",License Plate,61A30001,Vietnam,0.9999996423721313,lp_train_3155
278,"[1, 115, 2, 36]","[0.9997941851615906, 0.9999172687530518, 0.9996204376220703, 0.9997946619987488, 0.9991400241851807, 0.999862790107727, 0.9997723698616028, 0.999895453453064, 0.9999949932098389, 0.9999982118606567]",License Plate,51F35613,Vietnam,0.9999998807907104,lp_train_2474
279,"[1, 64, 0, 13]","[0.9852537512779236, 0.999563992023468, 0.9993810653686523, 0.9845421314239502, 0.9987188577651978, 0.9997640252113342, 0.9989088773727417, 0.9993120431900024, 0.9999951124191284, 0.9999997615814209]",License Plate,51F59011,Vietnam,0.9998053908348083,lp_train_3772
280,"[0, 40, 1, 12]","[0.8914716243743896, 0.9953349232673645, 0.8179535865783691, 0.49423766136169434, 0.7432816624641418, 0.44465014338493347, 0.5413810014724731, 0.9886110424995422, 0.9996545314788818, 0.9999555349349976]",License Plate,514FJ172,France,0.9941586256027222,lp_train_3787
281,NA,NA,NA,NA,NA,NA,lp_train_6814
282,"[2, 262, 0, 125]","[0.9997372031211853, 0.9999703168869019, 0.9999287128448486, 0.999872088432312, 0.9927858114242554, 0.999815046787262, 0.9997401833534241, 0.999922513961792, 0.9999972581863403, 0.9999983310699463]",License Plate,80211N,United States,0.9864960312843323,lp_train_4028
283,NA,NA,NA,NA,NA,NA,lp_train_038
284,"[2, 83, 2, 37]","[0.999910831451416, 0.9999371767044067, 0.9998250603675842, 0.9999544620513916, 0.9999140501022339, 0.9999758005142212, 0.9999606609344482, 0.9998562335968018, 0.9999955892562866, 0.9999984502792358]",License Plate,51G51008,Vietnam,0.9999991655349731,lp_train_3218
285,"[1, 103, 1, 31]","[0.9961915016174316, 0.9999183416366577, 0.9996192455291748, 0.9999312162399292, 0.999906063079834, 0.9998743534088135, 0.9997310042381287, 0.9998980760574341, 0.9999972581863403, 0.9999986886978149]",License Plate,51F31118,Vietnam,0.9999998807907104,lp_train_484
286,"[4, 81, 2, 23]","[0.9965167045593262, 0.9999363422393799, 0.9997201561927795, 0.9998438358306885, 0.9995101690292358, 0.9997394680976868, 0.9999798536300659, 0.9998626708984375, 0.9999961853027344, 0.999998927116394]",License Plate,51F24403,Vietnam,0.9999998807907104,lp_train_2761
287,"[2, 94, 0, 23]","[0.9997983574867249, 0.9999537467956543, 0.9997847676277161, 0.9999417066574097, 0.9998185038566589, 0.9998206496238708, 0.9999508857727051, 0.999980092048645, 0.9999980926513672, 0.9999992847442627]",License Plate,51F88270,Vietnam,0.9999946355819702,lp_train_667
288,"[3, 88, 2, 27]","[0.9973201155662537, 0.9999508857727051, 0.9997050166130066, 0.9999884366989136, 0.9998199343681335, 0.9998780488967896, 0.9999254941940308, 0.9998534917831421, 0.9999990463256836, 0.9999997615814209]",License Plate,51F06948,Vietnam,1.0,lp_train_1915
289,"[2, 109, 4, 30]","[0.9996939897537231, 0.9999169111251831, 0.9997010231018066, 0.9999032020568848, 0.9995081424713135, 0.9998301267623901, 0.9999815225601196, 0.9999427795410156, 0.9999958276748657, 0.9999992847442627]",License Plate,51F24403,Vietnam,1.0,lp_train_1447
290,NA,NA,NA,NA,NA,NA,lp_train_3850
291,"[3, 99, 5, 32]","[0.999890923500061, 0.9999672174453735, 0.9996067881584167, 0.9999302625656128, 0.9998233914375305, 0.9997994303703308, 0.9999381303787231, 0.9999746084213257, 0.9999920129776001, 0.9999963045120239]",License Plate,51G22237,Vietnam,1.0,lp_train_1305
292,NA,NA,NA,NA,NA,NA,lp_train_5845
293,NA,NA,NA,NA,NA,NA,lp_train_1391
294,"[1, 82, 5, 29]","[0.9997381567955017, 0.9826765060424805, 0.9996775388717651, 0.9999597072601318, 0.9999034404754639, 0.9998745918273926, 0.99996018409729, 0.9998008608818054, 0.9999985694885254, 0.9999992847442627]",License Plate,51F78396,Vietnam,0.9999994039535522,lp_train_712
295,NA,NA,NA,NA,NA,NA,lp_train_6629
296,"[7, 72, 9, 59]","[0.6612913608551025, 0.999681830406189, 0.9996286630630493, 0.8363903760910034, 0.9985862970352173, 0.9993059635162354, 0.9990931749343872, 0.9982016086578369, 0.9990746974945068, 0.9998767375946045]",License Plate,79N76788,Vietnam,0.9999334812164307,lp_train_6748
297,"[2, 82, 5, 25]","[0.9998056292533875, 0.9999285936355591, 0.9983698725700378, 0.9999345541000366, 0.9996055960655212, 0.9998266100883484, 0.9997939467430115, 0.9995715022087097, 0.9999991655349731, 0.9999996423721313]",License Plate,51F86988,Vietnam,0.9999994039535522,lp_train_941
298,"[0, 110, 4, 71]","[0.9998527765274048, 0.9997343420982361, 0.9995442032814026, 0.9995393753051758, 0.9996970891952515, 0.999393105506897, 0.9977965354919434, 0.9997779726982117, 0.9999831914901733, 0.9999949932098389]",License Plate,30V3993,Vietnam,0.9999209642410278,lp_train_3261
299,"[2, 79, 2, 25]","[0.9995005130767822, 0.999941349029541, 0.9998445510864258, 0.9999327659606934, 0.999895453453064, 0.9999109506607056, 0.9999600648880005, 0.9999185800552368, 0.9999977350234985, 0.9999995231628418]",License Plate,51G42971,Vietnam,0.9999998807907104,lp_train_1297
300,"[0, 36, 1, 8]","[0.7031708359718323, 0.302279531955719, 0.1706003099679947, 0.13740922510623932, 0.2570139765739441, 0.3405574560165405, 0.3981815278530121, 0.482416033744812, 0.9527305960655212, 0.9799066185951233]",License Plate,51B18922,Vietnam,0.5982973575592041,lp_train_2445
301,"[3, 150, 0, 46]","[0.9999899864196777, 0.999459445476532, 0.999947190284729, 0.9998279809951782, 0.9999518394470215, 0.9999558925628662, 0.9996258020401001, 0.9999895095825195, 0.9999977350234985, 0.9999982118606567]",License Plate,SO6827,Switzerland,0.7229993939399719,lp_train_4634
302,"[0, 91, 0, 80]","[0.9994341731071472, 0.999886155128479, 0.9999384880065918, 0.9999828338623047, 0.9999074935913086, 0.9996113181114197, 0.9995630383491516, 0.9998291730880737, 0.9998713731765747, 0.9999693632125854]",License Plate,82H108866,Vietnam,0.9999675750732422,lp_train_6790
303,"[1, 99, 3, 53]","[0.9998351335525513, 0.9999427795410156, 0.999994158744812, 0.9998946189880371, 0.9997827410697937, 0.9999488592147827, 0.9998144507408142, 0.999914288520813, 0.9999765157699585, 0.9999982118606567]",License Plate,51A55433,Vietnam,1.0,lp_train_3283
304,"[0, 411, 0, 114]","[0.9999359846115112, 0.9999680519104004, 0.9995073080062866, 0.9998797178268433, 0.9996298551559448, 0.9992173910140991, 0.999544084072113, 0.9997426867485046, 0.9997023940086365, 0.9989880919456482]",License Plate,DL2CAG0786,Unknown,0.4613083004951477,lp_train_4017
305,NA,NA,NA,NA,NA,NA,lp_train_4262
306,NA,NA,NA,NA,NA,NA,lp_train_4262
307,NA,NA,NA,NA,NA,NA,lp_train_6464
308,"[0, 86, 5, 76]","[0.9999246597290039, 0.9999545812606812, 0.9999446868896484, 0.9998921155929565, 0.9999421834945679, 0.9999034404754639, 0.9998831748962402, 0.9999841451644897, 0.9999542236328125, 0.9999818801879883]",License Plate,54T20810,Vietnam,0.9999974966049194,lp_train_6815
309,NA,NA,NA,NA,NA,NA,lp_train_6362
310,"[2, 100, 0, 25]","[0.9999144077301025, 0.9998997449874878, 0.9997873902320862, 0.9999164342880249, 0.9997250437736511, 0.9997655749320984, 0.9998160004615784, 0.999813973903656, 0.9999938011169434, 0.9999985694885254]",License Plate,51G49524,Vietnam,0.999995231628418,lp_train_594
311,NA,NA,NA,NA,NA,NA,lp_train_4194
312,"[2, 68, 5, 57]","[0.9998319149017334, 0.9999059438705444, 0.9999396800994873, 0.9998990297317505, 0.9998881816864014, 0.9998583793640137, 0.9999183416366577, 0.9997788071632385, 0.9996901750564575, 0.9999136924743652]",License Plate,59C249200,Vietnam,0.9999902248382568,lp_train_6693
313,"[75, 670, 0, 331]","[0.9996453523635864, 0.9999428987503052, 0.9999574422836304, 0.9998214840888977, 0.9997362494468689, 0.9997856020927429, 0.9532615542411804, 0.9999955892562866, 0.9999985694885254, 0.9999983310699463]",License Plate,HCY875E,Mexico,0.9999799728393555,lp_train_4102
314,"[527, 597, 286, 307]","[0.1831691563129425, 0.40474629402160645, 0.13679233193397522, 0.16485098004341125, 0.18554463982582092, 0.38684511184692383, 0.6878146529197693, 0.9837139844894409, 0.998950183391571, 0.9994217157363892]",License Plate,SVN003,Canada,0.20959866046905518,lp_train_4102
315,"[2, 98, 0, 22]","[0.9992191791534424, 0.9999427795410156, 0.9997792840003967, 0.9999868869781494, 0.9998738765716553, 0.9998960494995117, 0.9999440908432007, 0.9998377561569214, 0.9999984502792358, 0.9999994039535522]",License Plate,51F06948,Vietnam,0.9999998807907104,lp_train_1810
316,"[3, 82, 4, 25]","[0.9980460405349731, 0.9999575614929199, 0.9996814727783203, 0.9999269247055054, 0.9996997117996216, 0.9998134970664978, 0.9998733997344971, 0.9995160102844238, 0.9999995231628418, 0.9999998807907104]",License Plate,51F86988,Vietnam,0.9999997615814209,lp_train_2567
317,NA,NA,NA,NA,NA,NA,lp_train_1802
318,NA,NA,NA,NA,NA,NA,lp_train_400
319,"[4, 113, 12, 64]","[0.9999029636383057, 0.9998370409011841, 0.9997954964637756, 0.999957799911499, 0.9997225403785706, 0.9995423555374146, 0.99955815076828, 0.9999356269836426, 0.9999984502792358, 0.9999992847442627]",License Plate,51F61712,Vietnam,0.9999998807907104,lp_train_3209
320,NA,NA,NA,NA,NA,NA,lp_train_6550
321,"[0, 87, 5, 76]","[0.9997051358222961, 0.9998258948326111, 0.5827659368515015, 0.9605996012687683, 0.9997331500053406, 0.9802655577659607, 0.9999148845672607, 0.9888291954994202, 0.9996922016143799, 0.9995997548103333]",License Plate,59T231916,Vietnam,0.9999995231628418,lp_train_991
322,"[2, 146, 2, 99]","[0.9999624490737915, 0.9999418258666992, 0.9997120499610901, 0.9997134804725647, 0.9999071359634399, 0.99989914894104, 0.9999438524246216, 0.999909520149231, 0.9999102354049683, 0.9999641180038452]",License Plate,64U11777,Vietnam,0.9999998807907104,lp_train_7025
323,"[0, 101, 1, 28]","[0.9998072981834412, 0.9999632835388184, 0.9997933506965637, 0.9999614953994751, 0.9999182224273682, 0.9999313354492188, 0.9999736547470093, 0.999980092048645, 0.9999892711639404, 0.9999964237213135]",License Plate,51G21670,Vietnam,0.9999988079071045,lp_train_647
324,NA,NA,NA,NA,NA,NA,lp_train_270
325,"[4, 90, 0, 22]","[0.9997828602790833, 0.9999717473983765, 0.9999955892562866, 0.9999854564666748, 0.9999604225158691, 0.9999451637268066, 0.9999876022338867, 0.9999685287475586, 0.999925971031189, 0.9999946355819702]",License Plate,51A01204,Vietnam,1.0,lp_train_3103
326,NA,NA,NA,NA,NA,NA,lp_train_3729
327,"[3, 162, 0, 112]","[0.9999336004257202, 0.9997625946998596, 0.999233603477478, 0.9997708201408386, 0.9999517202377319, 0.9999605417251587, 0.9999676942825317, 0.9999827146530151, 0.9993740916252136, 0.999925971031189]",License Plate,67M65297,Vietnam,0.9999667406082153,lp_train_6936
328,NA,NA,NA,NA,NA,NA,lp_train_6446
329,"[10, 105, 5, 51]","[0.9999111890792847, 0.9998049139976501, 0.9999934434890747, 0.9999202489852905, 0.9999556541442871, 0.9999433755874634, 0.9997676014900208, 0.4322151839733124, 0.9999932050704956, 0.9999985694885254]",License Plate,29A51792,Vietnam,1.0,lp_train_3139
330,"[2, 98, 3, 29]","[0.9999179840087891, 0.9999688863754272, 0.9998579025268555, 0.9999716281890869, 0.99992835521698, 0.9998935461044312, 0.9999748468399048, 0.9999805688858032, 0.9999935626983643, 0.9999980926513672]",License Plate,51G21670,Vietnam,0.9999997615814209,lp_train_842
331,NA,NA,NA,NA,NA,NA,lp_train_3342
332,"[7, 132, 9, 103]","[0.9998266100883484, 0.99671471118927, 0.9982151985168457, 0.9904460906982422, 0.9751723408699036, 0.995486319065094, 0.9990442395210266, 0.999320387840271, 0.9754891991615295, 0.9998881816864014]",License Plate,95M21126,Vietnam,0.9980716109275818,lp_train_7011
333,"[2, 92, 1, 26]","[0.9998644590377808, 0.9999110698699951, 0.9995321035385132, 0.999929666519165, 0.9996534585952759, 0.9997314810752869, 0.9998158812522888, 0.9998772144317627, 0.9999947547912598, 0.9999985694885254]",License Plate,51F22261,Vietnam,0.9999973773956299,lp_train_1682
334,"[3, 121, 3, 34]","[0.9999514818191528, 0.9999210834503174, 0.9996155500411987, 0.999961256980896, 0.9999499320983887, 0.9998846054077148, 0.9997935891151428, 0.9998358488082886, 0.9999892711639404, 0.9999967813491821]",License Plate,51G51332,Vietnam,0.9999996423721313,lp_train_2238
335,"[9, 46, 1, 13]","[0.9978495836257935, 0.9994694590568542, 0.9953280687332153, 0.9914678335189819, 0.4258095324039459, 0.2610374093055725, 0.9662643074989319, 0.9996309280395508, 0.999891996383667, 0.9997771382331848]",License Plate,G07173,Netherlands,0.922234296798706,lp_train_3673
336,"[4, 239, 4, 174]","[0.9998372793197632, 0.9993513226509094, 0.9999701976776123, 0.9999566078186035, 0.9999626874923706, 0.9999406337738037, 0.9998013377189636, 0.9998407363891602, 0.9998069405555725, 0.9994338154792786]",License Plate,65B104566,Vietnam,0.9999998807907104,lp_train_6986
337,NA,NA,NA,NA,NA,NA,lp_train_4650
338,NA,NA,NA,NA,NA,NA,lp_train_4338
339,"[5, 100, 6, 87]","[0.9998231530189514, 0.9998944997787476, 0.9999419450759888, 0.9997983574867249, 0.9998775720596313, 0.9997879862785339, 0.999923825263977, 0.999879002571106, 0.9997575879096985, 0.9999808073043823]",License Plate,59B123468,Vietnam,0.9999998807907104,lp_train_5487
340,"[3, 146, 0, 45]","[0.9998534917831421, 0.9999547004699707, 0.999715268611908, 0.99997878074646, 0.9997956156730652, 0.9999082088470459, 0.9999085664749146, 0.999852180480957, 0.9999990463256836, 0.9999997615814209]",License Plate,51F98466,Vietnam,1.0,lp_train_2501
341,"[9, 83, 10, 72]","[0.9995556473731995, 0.9998495578765869, 0.9998169541358948, 0.9982761144638062, 0.9998844861984253, 0.9997724890708923, 0.9995278120040894, 0.9995649456977844, 0.9997730851173401, 0.9999483823776245]",License Plate,59N107195,Vietnam,0.9999998807907104,lp_train_5388
342,"[0, 78, 4, 29]","[0.9997878670692444, 0.9999141693115234, 0.9994423985481262, 0.9998942613601685, 0.9995229244232178, 0.9996830224990845, 0.9998874664306641, 0.9997922778129578, 0.9999984502792358, 0.9999994039535522]",License Plate,51F22261,Vietnam,0.9999947547912598,lp_train_3259
343,"[0, 106, 1, 42]","[0.9997403025627136, 0.9998723268508911, 0.999777615070343, 0.9999665021896362, 0.9996541738510132, 0.9999797344207764, 0.9998672008514404, 0.999941349029541, 0.9999964237213135, 0.9999979734420776]",License Plate,51F63034,Vietnam,1.0,lp_train_3213
344,"[3, 109, 0, 25]","[0.9998509883880615, 0.9999369382858276, 0.9994458556175232, 0.9999874830245972, 0.999828577041626, 0.9999372959136963, 0.9999263286590576, 0.9999285936355591, 0.9999887943267822, 0.9999959468841553]",License Plate,51F07973,Vietnam,0.9999997615814209,lp_train_1545
345,"[0, 43, 3, 13]","[0.3491319715976715, 0.5210948586463928, 0.6120243668556213, 0.9859647750854492, 0.9808984398841858, 0.9328148365020752, 0.9744774699211121, 0.9796929359436035, 0.9999629259109497, 0.9999847412109375]",License Plate,1F08532,Israel,0.7046782374382019,lp_train_3684
346,NA,NA,NA,NA,NA,NA,lp_train_6058
347,"[1, 105, 3, 35]","[0.9998716115951538, 0.9999788999557495, 0.9999949932098389, 0.9999932050704956, 0.9998371601104736, 0.9999294281005859, 0.999934196472168, 0.9999899864196777, 0.999991774559021, 0.9999964237213135]",License Plate,51A05227,Vietnam,1.0,lp_train_2514
348,"[19, 185, 21, 89]","[0.9999842643737793, 0.9999300241470337, 0.9996219873428345, 0.9996585845947266, 0.9996442794799805, 0.9999936819076538, 0.9999605417251587, 0.9999767541885376, 0.9999973773956299, 0.9999974966049194]",License Plate,RUBIKS,Malta,0.8281509876251221,lp_train_4865
349,"[3, 53, 4, 37]","[0.9997240900993347, 0.9999020099639893, 0.9998279809951782, 0.999170184135437, 0.9998282194137573, 0.9998855590820312, 0.9996417760848999, 0.9998642206192017, 0.9999418258666992, 0.9998986721038818]",License Plate,59D143820,Vietnam,0.9999985694885254,lp_train_6193
350,"[3, 84, 9, 71]","[0.9996495246887207, 0.9998947381973267, 0.9998682737350464, 0.992474377155304, 0.9998676776885986, 0.9997146725654602, 0.9998250603675842, 0.9998766183853149, 0.9998884201049805, 0.999975323677063]",License Plate,59F154573,Vietnam,1.0,lp_train_5531
351,"[0, 115, 6, 60]","[0.9415114521980286, 0.9967924952507019, 0.9996070265769958, 0.9999107122421265, 0.9998792409896851, 0.9998886585235596, 0.9998966455459595, 0.9998542070388794, 0.999997615814209, 0.9999992847442627]",License Plate,51F78396,Vietnam,0.9999998807907104,lp_train_2255
352,NA,NA,NA,NA,NA,NA,lp_train_3908
353,"[4, 102, 4, 27]","[0.9989444613456726, 0.9999607801437378, 0.9999951124191284, 0.9998261332511902, 0.999922513961792, 0.9999591112136841, 0.9999910593032837, 0.9999494552612305, 0.9999940395355225, 0.9999983310699463]",License Plate,51A96141,Vietnam,0.9999998807907104,lp_train_1069
354,NA,NA,NA,NA,NA,NA,lp_train_3766
355,"[2, 111, 2, 45]","[0.9999336004257202, 0.9999419450759888, 0.9998288154602051, 0.9999349117279053, 0.9999319314956665, 0.9998934268951416, 0.9998076558113098, 0.9998540878295898, 0.9999880790710449, 0.9999969005584717]",License Plate,51G51332,Vietnam,1.0,lp_train_2699
356,"[0, 99, 0, 27]","[0.999955415725708, 0.9998970031738281, 0.9998902082443237, 0.999974250793457, 0.9999781847000122, 0.9998760223388672, 0.9999874830245972, 0.9999608993530273, 0.9999977350234985, 0.9999994039535522]",License Plate,51G10209,Vietnam,0.9999998807907104,lp_train_678
357,"[48, 897, 54, 570]","[0.9996751546859741, 0.9999006986618042, 0.9997801184654236, 0.9999464750289917, 0.9998737573623657, 0.9998533725738525, 0.9998413324356079, 0.9999954700469971, 0.9999982118606567, 0.9999979734420776]",License Plate,NDB3807,Mexico,0.9999967813491821,lp_train_4140
358,NA,NA,NA,NA,NA,NA,lp_train_178
359,"[1, 107, 15, 69]","[0.9998303651809692, 0.9998815059661865, 0.9997357726097107, 0.9999843835830688, 0.9997884631156921, 0.999745786190033, 0.9996771812438965, 0.9998290538787842, 0.9999860525131226, 0.999997615814209]",License Plate,51F06532,Vietnam,1.0,lp_train_3016
360,"[1, 95, 0, 25]","[0.9999061822891235, 0.9999446868896484, 0.9996258020401001, 0.9999254941940308, 0.9999558925628662, 0.9998584985733032, 0.9998505115509033, 0.9998328685760498, 0.9999933242797852, 0.9999979734420776]",License Plate,51G20536,Vietnam,0.9999998807907104,lp_train_1085
361,NA,NA,NA,NA,NA,NA,lp_train_422
362,NA,NA,NA,NA,NA,NA,lp_train_6695
363,NA,NA,NA,NA,NA,NA,lp_train_5236
364,"[0, 41, 2, 11]","[0.4683975577354431, 0.34878283739089966, 0.7857435941696167, 0.9431567788124084, 0.4880043864250183, 0.7723551988601685, 0.6562598347663879, 0.8171119689941406, 0.9998130202293396, 0.9999542236328125]",License Plate,GCA38467,Greece,0.4795667827129364,lp_train_3140
365,"[5, 49, 2, 28]","[0.9998241066932678, 0.9998781681060791, 0.9998574256896973, 0.9989719390869141, 0.9997662901878357, 0.9992302656173706, 0.9999374151229858, 0.9993002414703369, 0.999929666519165, 0.9999649524688721]",License Plate,72C136087,Vietnam,0.9999847412109375,lp_train_5866
366,"[5, 103, 15, 41]","[0.999808132648468, 0.9999178647994995, 0.9997110962867737, 0.9998505115509033, 0.9998841285705566, 0.9998708963394165, 0.9998986721038818, 0.9997557997703552, 0.9999996423721313, 0.9999998807907104]",License Plate,51F59881,Vietnam,1.0,lp_train_3100
367,"[3, 55, 10, 38]","[0.9996463060379028, 0.99989914894104, 0.9990355968475342, 0.9993897676467896, 0.999861478805542, 0.9996380805969238, 0.9999572038650513, 0.9999843835830688, 0.9999868869781494, 0.9999915361404419]",License Plate,V3TEG,United Kingdom,0.9991655349731445,lp_train_4902
368,"[5, 52, 6, 36]","[0.9995560050010681, 0.9996912479400635, 0.9997523427009583, 0.9803535342216492, 0.9986549615859985, 0.9994027614593506, 0.9998149275779724, 0.999943733215332, 0.9999836683273315, 0.9999916553497314]",License Plate,DC51VTC,United Kingdom,0.9999940395355225,lp_train_4902
369,NA,NA,NA,NA,NA,NA,lp_train_2847
370,"[1, 52, 0, 11]","[0.26574426889419556, 0.7209556698799133, 0.6487878561019897, 0.5736901760101318, 0.5129284858703613, 0.7046326398849487, 0.4387125074863434, 0.4038359522819519, 0.9964303374290466, 0.9995922446250916]",License Plate,2118G9BH,Vietnam,0.38550466299057007,lp_train_3671
371,"[1, 99, 1, 27]","[0.9998797178268433, 0.9998514652252197, 0.9997418522834778, 0.9998621940612793, 0.9998924732208252, 0.9999817609786987, 0.9997714161872864, 0.9997453093528748, 0.999993085861206, 0.9999988079071045]",License Plate,51F59011,Vietnam,0.9999982118606567,lp_train_1083
372,"[0, 34, 2, 34]","[0.9998251795768738, 0.9998769760131836, 0.999850869178772, 0.9999159574508667, 0.999891996383667, 0.9993600249290466, 0.999563992023468, 0.9998675584793091, 0.9999592304229736, 0.9997914433479309]",License Plate,59P211120,Vietnam,1.0,lp_train_6117
373,"[2, 292, 0, 170]","[0.999946117401123, 0.9998898506164551, 0.9990718364715576, 0.9523202180862427, 0.9998818635940552, 0.9999345541000366, 0.9998281002044678, 0.9999935626983643, 0.9999992847442627, 0.999998927116394]",License Plate,K20OMY,United Kingdom,0.9960759282112122,lp_train_4585
374,"[8, 128, 6, 39]","[0.9998412132263184, 0.9998794794082642, 0.9997449517250061, 0.9999450445175171, 0.9998250603675842, 0.9998884201049805, 0.9999275207519531, 0.9998835325241089, 0.9999959468841553, 0.9999984502792358]",License Plate,51F22261,Vietnam,1.0,lp_train_2326
375,"[10, 102, 1, 57]","[0.9996185302734375, 0.9999045133590698, 0.9997439980506897, 0.9999082088470459, 0.9994485974311829, 0.999848484992981, 0.9999257326126099, 0.9999325275421143, 0.9999973773956299, 0.9999995231628418]",License Plate,51F24403,Vietnam,1.0,lp_train_3302
376,"[2, 86, 3, 28]","[0.9938749670982361, 0.9998385906219482, 0.999995231628418, 0.9999467134475708, 0.9999417066574097, 0.9999583959579468, 0.9999440908432007, 0.9999449253082275, 0.9999967813491821, 0.9999990463256836]",License Plate,29A51796,Vietnam,1.0,lp_train_1001
377,"[0, 48, 1, 11]","[0.21202971041202545, 0.8312801122665405, 0.8842361569404602, 0.9316387176513672, 0.9412622451782227, 0.7143464684486389, 0.44799476861953735, 0.886943519115448, 0.9993566870689392, 0.9999126195907593]",License Plate,FFF2221,Greece,0.9205746650695801,lp_train_3637
378,NA,NA,NA,NA,NA,NA,lp_train_3447
379,"[1, 96, 10, 46]","[0.9998226761817932, 0.9995612502098083, 0.999995231628418, 0.9999476671218872, 0.9999783039093018, 0.9998934268951416, 0.9998114705085754, 0.9999134540557861, 0.999993085861206, 0.9999969005584717]",License Plate,51A60216,Vietnam,0.9999986886978149,lp_train_3141
380,NA,NA,NA,NA,NA,NA,lp_train_5403
381,NA,NA,NA,NA,NA,NA,lp_train_4512
382,NA,NA,NA,NA,NA,NA,lp_train_4981
383,"[62, 129, 22, 45]","[0.9994423985481262, 0.9989069700241089, 0.9995083808898926, 0.9977619647979736, 0.997765064239502, 0.9995365142822266, 0.9999856948852539, 0.9999918937683105, 0.9999911785125732, 0.9999918937683105]",License Plate,BBB88,Malaysia,0.7774979472160339,lp_train_4980
384,NA,NA,NA,NA,NA,NA,lp_train_3275
385,"[8, 81, 11, 67]","[0.9999316930770874, 0.9999610185623169, 0.9999796152114868, 0.9990488886833191, 0.9997372031211853, 0.999690055847168, 0.9999728202819824, 0.9999059438705444, 0.9998818635940552, 0.999893307685852]",License Plate,60C161975,Vietnam,0.9999996423721313,lp_train_6768
386,NA,NA,NA,NA,NA,NA,lp_train_6766
387,"[2, 99, 8, 39]","[0.9997584223747253, 0.999910831451416, 0.9993941783905029, 0.9999470710754395, 0.9995946288108826, 0.9990543723106384, 0.9998162388801575, 0.9998867511749268, 0.9999996423721313, 0.9999998807907104]",License Plate,51F15585,Vietnam,1.0,lp_train_3090
388,"[1, 76, 5, 25]","[0.9997939467430115, 0.9999141693115234, 0.9996428489685059, 0.9999387264251709, 0.9998530149459839, 0.999935507774353, 0.9999287128448486, 0.9998840093612671, 0.9999991655349731, 0.9999995231628418]",License Plate,51F77836,Vietnam,1.0,lp_train_1024
389,NA,NA,NA,NA,NA,NA,lp_train_3458
390,"[4, 99, 3, 31]","[0.9999696016311646, 0.9999821186065674, 0.9999969005584717, 0.9999605417251587, 0.9999338388442993, 0.9999408721923828, 0.9998675584793091, 0.9999403953552246, 0.9999936819076538, 0.9999984502792358]",License Plate,61A22959,Vietnam,1.0,lp_train_804
391,"[0, 73, 0, 21]","[0.9999483823776245, 0.999819815158844, 0.9993489384651184, 0.9997064471244812, 0.9999284744262695, 0.9999405145645142, 0.9999068975448608, 0.9999630451202393, 0.999998927116394, 0.9999995231628418]",License Plate,MMX3001,Germany,0.9981613755226135,lp_train_4181
392,"[0, 53, 1, 12]","[0.9999521970748901, 0.9967828989028931, 0.9999502897262573, 0.999862551689148, 0.9967787861824036, 0.9998255372047424, 0.9975265860557556, 0.9995902180671692, 0.9999723434448242, 0.9999942779541016]",License Plate,40A05177,Vietnam,0.9999164342880249,lp_train_3670
393,"[7, 85, 11, 71]","[0.9971338510513306, 0.9990733861923218, 0.999574601650238, 0.9996570348739624, 0.9992528557777405, 0.9997486472129822, 0.9995057582855225, 0.9998689889907837, 0.9975576400756836, 0.999840259552002]",License Plate,43S26463,Vietnam,0.9995637536048889,lp_train_5239
394,"[2, 114, 0, 28]","[0.9999784231185913, 0.9999465942382812, 0.9998512268066406, 0.9997498393058777, 0.9998899698257446, 0.9999539852142334, 0.9999712705612183, 0.9999805688858032, 0.9999935626983643, 0.999996542930603]",License Plate,EL58ELS,United Kingdom,0.9304479360580444,lp_train_4716
395,"[0, 98, 0, 79]","[0.9999599456787109, 0.9999178647994995, 0.9999337196350098, 0.9997270703315735, 0.9999481439590454, 0.9999293088912964, 0.9999884366989136, 0.9999444484710693, 0.9996721744537354, 0.9999867677688599]",License Plate,16P96204,Vietnam,0.9999916553497314,lp_train_5634
396,"[12, 89, 8, 70]","[0.999798595905304, 0.9998217225074768, 0.9998937845230103, 0.99037766456604, 0.9998182654380798, 0.999656081199646, 0.9999086856842041, 0.9997739195823669, 0.9995942711830139, 0.9999480247497559]",License Plate,54P72138,Vietnam,0.9999998807907104,lp_train_6529
397,"[7, 176, 4, 100]","[0.9987093210220337, 0.992730438709259, 0.9240531325340271, 0.9976906776428223, 0.997678816318512, 0.9960576295852661, 0.9887211918830872, 0.9999057054519653, 0.9999755620956421, 0.9999786615371704]",License Plate,DMVCLSD,United States,0.953161358833313,lp_train_4887
398,"[0, 46, 1, 15]","[0.9014327526092529, 0.9973440766334534, 0.993862509727478, 0.9944979548454285, 0.9967419505119324, 0.9961429238319397, 0.9989476799964905, 0.9997358918190002, 0.9999798536300659, 0.9999896287918091]",License Plate,IG37307,Israel,0.6032195091247559,lp_train_2145
399,NA,NA,NA,NA,NA,NA,lp_train_6180
400,"[1, 56, 2, 39]","[0.9998015761375427, 0.9997425675392151, 0.9999229907989502, 0.9972833395004272, 0.9976825714111328, 0.9996337890625, 0.9899685978889465, 0.9994708895683289, 0.9995786547660828, 0.9999114274978638]",License Plate,59F112329,Vietnam,0.9999996423721313,lp_train_5829
401,"[0, 79, 1, 72]","[0.9999480247497559, 0.999936580657959, 0.999934196472168, 0.9995259046554565, 0.9999175071716309, 0.9995649456977844, 0.999945878982544, 0.9995583891868591, 0.9999308586120605, 0.9998366832733154]",License Plate,71B158070,Vietnam,0.9999997615814209,lp_train_5840
402,"[4, 133, 5, 88]","[0.9998897314071655, 0.9999492168426514, 0.999591052532196, 0.9999703168869019, 0.9997536540031433, 0.9999102354049683, 0.9999425411224365, 0.9999638795852661, 0.9999988079071045, 0.9999997615814209]",License Plate,51F15380,Vietnam,0.9999998807907104,lp_train_2491
403,"[7, 120, 4, 42]","[0.9999395608901978, 0.9999485015869141, 0.9997196793556213, 0.9998805522918701, 0.9998472929000854, 0.9999639987945557, 0.9998438358306885, 0.9999630451202393, 0.9999867677688599, 0.9999957084655762]",License Plate,51F22029,Vietnam,0.9999998807907104,lp_train_2928
404,"[1, 73, 0, 19]","[0.9995737671852112, 0.9999384880065918, 0.9999905824661255, 0.9999904632568359, 0.9997437596321106, 0.9998893737792969, 0.9998787641525269, 0.9999291896820068, 0.9999808073043823, 0.999991774559021]",License Plate,51A05227,Vietnam,0.9999991655349731,lp_train_1159
405,"[1, 184, 3, 99]","[0.9031950235366821, 0.9560195803642273, 0.9841534495353699, 0.810565173625946, 0.9760623574256897, 0.9936422109603882, 0.999143123626709, 0.9999409914016724, 0.9999963045120239, 0.9999947547912598]",License Plate,562,United States,0.9964841604232788,lp_train_153
406,"[12, 116, 3, 63]","[0.9998446702957153, 0.9997758269309998, 0.9985998272895813, 0.9998477697372437, 0.9998995065689087, 0.9997596144676208, 0.999721109867096, 0.9994940757751465, 0.9999215602874756, 0.9999903440475464]",License Plate,51G51332,Vietnam,0.9999958276748657,lp_train_3147
407,"[14, 97, 11, 80]","[0.9998443126678467, 0.9999384880065918, 0.9994183778762817, 0.9999046325683594, 0.999864935874939, 0.9998373985290527, 0.9998950958251953, 0.9992859959602356, 0.9999667406082153, 0.9999624490737915]",License Plate,59V145217,Vietnam,0.9999996423721313,lp_train_5656
408,"[2, 102, 0, 31]","[0.9999042749404907, 0.9999077320098877, 0.9997628331184387, 0.9999518394470215, 0.9998923540115356, 0.999907374382019, 0.9998021721839905, 0.9999493360519409, 0.9999973773956299, 0.999998927116394]",License Plate,51F61712,Vietnam,0.9999998807907104,lp_train_438
409,"[1, 91, 0, 22]","[0.9681634902954102, 0.9998676776885986, 0.9992971420288086, 0.9999183416366577, 0.9997795224189758, 0.9997496008872986, 0.9998840093612671, 0.999976396560669, 0.9999963045120239, 0.9999990463256836]",License Plate,51F88270,Vietnam,0.9999984502792358,lp_train_1232
410,"[1, 97, 1, 50]","[0.9999821186065674, 0.9998561143875122, 0.9962841868400574, 0.9999892711639404, 0.9998739957809448, 0.9998672008514404, 0.9999896287918091, 0.9999946355819702, 0.9999983310699463, 0.9999988079071045]",License Plate,ABC123,United States,0.9999339580535889,lp_train_376
411,NA,NA,NA,NA,NA,NA,lp_train_376
412,"[6, 90, 7, 42]","[0.9997506737709045, 0.9998461008071899, 0.9999427795410156, 0.9998682737350464, 0.999705970287323, 0.9993391633033752, 0.9990100860595703, 0.999640941619873, 0.9976401329040527, 0.9999781847000122]",License Plate,80376NG16,Vietnam,0.9997912049293518,lp_train_5088
413,NA,NA,NA,NA,NA,NA,lp_train_5088
414,"[0, 125, 4, 57]","[0.9998416900634766, 0.9999362230300903, 0.9996651411056519, 0.9999597072601318, 0.9998237490653992, 0.9998959302902222, 0.9999099969863892, 0.9998703002929688, 0.9999995231628418, 0.9999996423721313]",License Plate,51F68784,Vietnam,1.0,lp_train_1900
415,NA,NA,NA,NA,NA,NA,lp_train_1863
416,"[1, 74, 5, 23]","[0.9899740219116211, 0.9997263550758362, 0.9984530210494995, 0.9993813037872314, 0.9997336268424988, 0.9996756315231323, 0.999582827091217, 0.999660849571228, 0.9999990463256836, 0.9999996423721313]",License Plate,51F59881,Vietnam,0.9999998807907104,lp_train_1737
417,"[6, 117, 0, 31]","[0.9998537302017212, 0.9999061822891235, 0.999862551689148, 0.9999409914016724, 0.999854564666748, 0.9999243021011353, 0.999902606010437, 0.9998501539230347, 0.9999938011169434, 0.9999986886978149]",License Plate,51G31691,Vietnam,1.0,lp_train_478
418,"[4, 103, 1, 53]","[0.9998018145561218, 0.9998602867126465, 0.9996421337127686, 0.9998815059661865, 0.9998809099197388, 0.9998962879180908, 0.9998598098754883, 0.999767005443573, 0.9999990463256836, 0.9999996423721313]",License Plate,51F59881,Vietnam,0.9999990463256836,lp_train_3206
419,"[0, 105, 3, 68]","[0.9999614953994751, 0.9999746084213257, 0.9999934434890747, 0.9999479055404663, 0.9999426603317261, 0.9999810457229614, 0.9999902248382568, 0.9999998807907104, 1.0, 0.9999998807907104]",License Plate,FD1475,Latvia,0.9999997615814209,lp_train_4051
420,"[62, 90, 60, 74]","[0.34500792622566223, 0.5060033202171326, 0.2740177810192108, 0.7859796285629272, 0.9527214765548706, 0.2012462168931961, 0.8063668608665466, 0.9982905983924866, 0.9994187355041504, 0.99937504529953]",License Plate,WR4333,United Kingdom,0.27654942870140076,lp_train_4051
421,"[8, 83, 5, 67]","[0.9998795986175537, 0.9998679161071777, 0.9998668432235718, 0.9985061287879944, 0.9997023940086365, 0.9998505115509033, 0.9998736381530762, 0.9993487000465393, 0.9999440908432007, 0.999975323677063]",License Plate,71S55600,Vietnam,0.9960487484931946,lp_train_6605
422,"[1, 54, 0, 12]","[0.3063647449016571, 0.6524960398674011, 0.8462724685668945, 0.9396491646766663, 0.4676724970340729, 0.8290514349937439, 0.3160753548145294, 0.8735437393188477, 0.9994159936904907, 0.999860405921936]",License Plate,EI44414,Greece,0.6698078513145447,lp_train_3622
423,NA,NA,NA,NA,NA,NA,lp_train_2153
424,NA,NA,NA,NA,NA,NA,lp_train_6343
425,"[38, 145, 14, 99]","[0.9999722242355347, 0.9999104738235474, 0.9999501705169678, 0.999924898147583, 0.9998193383216858, 0.9998055100440979, 0.9991247057914734, 0.9999779462814331, 0.9999922513961792, 0.999996542930603]",License Plate,UFZ3948,United Kingdom,0.9827081561088562,lp_train_4578
426,NA,NA,NA,NA,NA,NA,lp_train_2604
427,NA,NA,NA,NA,NA,NA,lp_train_5975
428,"[4, 113, 3, 57]","[0.9999052286148071, 0.9998468160629272, 0.9996856451034546, 0.9996196031570435, 0.9993880987167358, 0.9999123811721802, 0.9998486042022705, 0.9999133348464966, 0.9999966621398926, 0.999998927116394]",License Plate,51F74776,Vietnam,1.0,lp_train_2780
429,"[4, 103, 4, 35]","[0.9999504089355469, 0.9999080896377563, 0.999747097492218, 0.999954104423523, 0.9998736381530762, 0.9998871088027954, 0.9998570680618286, 0.9999463558197021, 0.999994158744812, 0.9999980926513672]",License Plate,51F61712,Vietnam,0.9999997615814209,lp_train_662
430,"[4, 105, 7, 41]","[0.9999043941497803, 0.9999294281005859, 0.9988208413124084, 0.9999144077301025, 0.9998942613601685, 0.999948263168335, 0.9995620846748352, 0.9998831748962402, 0.9999901056289673, 0.999996542930603]",License Plate,51G48154,Vietnam,0.9999995231628418,lp_train_3328
431,"[0, 102, 2, 29]","[0.9996814727783203, 0.9999202489852905, 0.9994584918022156, 0.9999392032623291, 0.999193012714386, 0.9985197186470032, 0.9998562335968018, 0.9998915195465088, 0.9999988079071045, 0.9999997615814209]",License Plate,51F15585,Vietnam,0.9999996423721313,lp_train_2540
432,NA,NA,NA,NA,NA,NA,lp_train_4620
433,"[8, 90, 6, 76]","[0.9998565912246704, 0.9998434782028198, 0.9995570778846741, 0.9999607801437378, 0.9999221563339233, 0.999894380569458, 0.9999066591262817, 0.9975058436393738, 0.9999487400054932, 0.9999724626541138]",License Plate,59U139619,Vietnam,0.9999966621398926,lp_train_5640
434,"[0, 77, 4, 67]","[0.9998214840888977, 0.9997780919075012, 0.9997588992118835, 0.9995174407958984, 0.9999120235443115, 0.9999107122421265, 0.9999064207077026, 0.9997733235359192, 0.9999622106552124, 0.9999597072601318]",License Plate,59P117980,Vietnam,0.9999998807907104,lp_train_5739
435,"[7, 89, 9, 29]","[0.9992874264717102, 0.9999613761901855, 0.999165415763855, 0.9999169111251831, 0.9998119473457336, 0.9999173879623413, 0.9999305009841919, 0.9999521970748901, 0.9999966621398926, 0.9999991655349731]",License Plate,51G49160,Vietnam,0.9999998807907104,lp_train_2610
436,"[2, 100, 5, 36]","[0.9998493194580078, 0.9999246597290039, 0.9997677206993103, 0.9999344348907471, 0.9999048709869385, 0.999922513961792, 0.9999256134033203, 0.9998959302902222, 0.9999973773956299, 0.9999988079071045]",License Plate,51G31691,Vietnam,1.0,lp_train_1097
437,"[0, 92, 1, 113]","[0.9999656677246094, 0.9999661445617676, 0.9999679327011108, 0.9998323917388916, 0.9998499155044556, 0.9999359846115112, 0.9999309778213501, 0.9999938011169434, 0.9999974966049194, 0.9999983310699463]",License Plate,LM05SXE,United Kingdom,0.9999978542327881,lp_train_4571
438,"[4, 109, 2, 55]","[0.9998782873153687, 0.9999773502349854, 0.9999943971633911, 0.9999210834503174, 0.9998396635055542, 0.9988473653793335, 0.9998571872711182, 0.9999643564224243, 0.9999923706054688, 0.9999971389770508]",License Plate,51A77529,Vietnam,0.9999998807907104,lp_train_2798
439,"[0, 83, 3, 41]","[0.9997237324714661, 0.9998825788497925, 0.9238370060920715, 0.9997406601905823, 0.9999566078186035, 0.9999661445617676, 0.9999071359634399, 0.9998438358306885, 0.9999957084655762, 0.9999983310699463]",License Plate,51G10096,Vietnam,0.9999980926513672,lp_train_2871
440,NA,NA,NA,NA,NA,NA,lp_train_3540
441,"[1, 39, 3, 16]","[0.45737236738204956, 0.8736572861671448, 0.9386422038078308, 0.48717930912971497, 0.5995638966560364, 0.45270025730133057, 0.29701247811317444, 0.9461321234703064, 0.9993711113929749, 0.9997989535331726]",License Plate,FG334EC,France,0.6704943180084229,lp_train_2818
442,"[1, 110, 3, 33]","[0.9997708201408386, 0.9999610185623169, 0.9999963045120239, 0.9999687671661377, 0.9999315738677979, 0.9999535083770752, 0.9999681711196899, 0.9999475479125977, 0.9999910593032837, 0.999996542930603]",License Plate,51A69172,Vietnam,1.0,lp_train_1444
443,NA,NA,NA,NA,NA,NA,lp_train_5260
444,"[3, 97, 1, 28]","[0.9999160766601562, 0.9999278783798218, 0.9996901750564575, 0.9999740123748779, 0.9997497200965881, 0.999229907989502, 0.9998748302459717, 0.9998965263366699, 0.9999986886978149, 0.9999996423721313]",License Plate,51F15585,Vietnam,0.9999998807907104,lp_train_697
445,NA,NA,NA,NA,NA,NA,lp_train_1537
446,"[0, 116, 2, 31]","[0.9934176206588745, 0.9998412132263184, 0.9995777010917664, 0.9997389912605286, 0.9997431635856628, 0.9997813105583191, 0.9998123049736023, 0.9996957778930664, 0.9999933242797852, 0.9999980926513672]",License Plate,51G31691,Vietnam,0.9999918937683105,lp_train_2136
447,"[3, 49, 0, 12]","[0.7031026482582092, 0.7031300067901611, 0.5820122957229614, 0.7652673125267029, 0.9149580597877502, 0.32884836196899414, 0.7429366707801819, 0.965309739112854, 0.9998586177825928, 0.9999710321426392]",License Plate,IF22261,Greece,0.7144573330879211,lp_train_3454
448,NA,NA,NA,NA,NA,NA,lp_train_5996
449,"[2, 52, 0, 10]","[0.6069306135177612, 0.9646326899528503, 0.7992445826530457, 0.9625670313835144, 0.47718876600265503, 0.3566462993621826, 0.2866445481777191, 0.8715491890907288, 0.999762237071991, 0.9998807907104492]",License Plate,6I24476,Vietnam,0.23056551814079285,lp_train_3472
450,"[9, 94, 11, 76]","[0.99947589635849, 0.9998010993003845, 0.9904844760894775, 0.9948429465293884, 0.999847412109375, 0.9997473359107971, 0.9997146725654602, 0.9998528957366943, 0.9998088479042053, 0.9999539852142334]",License Plate,59T179742,Vietnam,0.9999996423721313,lp_train_5372
451,NA,NA,NA,NA,NA,NA,lp_train_3526
452,"[0, 315, 0, 145]","[0.9998764991760254, 0.9998587369918823, 0.9999715089797974, 0.9998036026954651, 0.9998225569725037, 0.9998873472213745, 0.9998846054077148, 0.9999967813491821, 0.9999990463256836, 0.9999995231628418]",License Plate,DNJ0955,United States,0.9999291896820068,lp_train_4494
453,NA,NA,NA,NA,NA,NA,lp_train_3677
454,"[0, 94, 0, 22]","[0.9998231530189514, 0.9998224377632141, 0.9157206416130066, 0.9991855025291443, 0.9993370175361633, 0.9999040365219116, 0.968589723110199, 0.9945857524871826, 0.9881105422973633, 0.8967465162277222]",License Plate,GJ03JL0126,Unknown,0.9959958791732788,lp_train_3918
455,"[0, 96, 0, 26]","[0.9999071359634399, 0.9999631643295288, 0.99982088804245, 0.9998849630355835, 0.9994956254959106, 0.9999157190322876, 0.9999406337738037, 0.9999582767486572, 0.999992847442627, 0.9999986886978149]",License Plate,51G47340,Vietnam,0.9999996423721313,lp_train_1718
456,"[15, 1037, 0, 554]","[0.9997585415840149, 0.9991894364356995, 0.9992766976356506, 0.999230146408081, 0.9990856647491455, 0.9998779296875, 0.999988317489624, 0.9999978542327881, 0.9999982118606567, 0.9999980926513672]",License Plate,EPKT,United States,0.9979245662689209,lp_train_4694
457,"[0, 88, 2, 27]","[0.9998366832733154, 0.999934196472168, 0.9997639060020447, 0.9999874830245972, 0.9998601675033569, 0.9999064207077026, 0.9999207258224487, 0.9997891783714294, 0.9999897480010986, 0.9999983310699463]",License Plate,51F06948,Vietnam,1.0,lp_train_1478
458,"[13, 99, 9, 79]","[0.9992333650588989, 0.9997145533561707, 0.999906063079834, 0.9688184857368469, 0.9996336698532104, 0.9997639060020447, 0.999852180480957, 0.9998525381088257, 0.9992595314979553, 0.9999843835830688]",License Plate,59E18343,Vietnam,0.9999985694885254,lp_train_5577
459,"[0, 92, 4, 32]","[0.9999322891235352, 0.9999191761016846, 0.9996851682662964, 0.9999485015869141, 0.9999455213546753, 0.9998912811279297, 0.9999469518661499, 0.999729573726654, 0.9999929666519165, 0.9999984502792358]",License Plate,51G39466,Vietnam,0.9999998807907104,lp_train_515
460,NA,NA,NA,NA,NA,NA,lp_train_6714
461,"[0, 104, 2, 55]","[0.9998698234558105, 0.9999376535415649, 0.9977542757987976, 0.9997856020927429, 0.9995087385177612, 0.9997925162315369, 0.9999336004257202, 0.9992882609367371, 0.9974244832992554, 0.9996328353881836]",License Plate,50LD04411,Vietnam,0.9999991655349731,lp_train_2725
462,"[3, 184, 0, 117]","[0.9999607801437378, 0.9999735355377197, 0.9998859167098999, 0.9996777772903442, 0.9127371311187744, 0.9998924732208252, 0.9997461438179016, 0.9999903440475464, 0.9999943971633911, 0.9999977350234985]",License Plate,MXCE02,New Zealand,0.5242222547531128,lp_train_210
463,"[7, 68, 5, 48]","[0.9997430443763733, 0.9999130964279175, 0.9998496770858765, 0.9998065829277039, 0.999848484992981, 0.9996901750564575, 0.9998010993003845, 0.9994791150093079, 0.9998915195465088, 0.9999493360519409]",License Plate,59S208082,Vietnam,0.9999991655349731,lp_train_5781
464,"[10, 91, 2, 30]","[0.9997381567955017, 0.9997623562812805, 0.9997830986976624, 0.9998538494110107, 0.9998780488967896, 0.9999631643295288, 0.9998016953468323, 0.999752938747406, 0.9999955892562866, 0.9999990463256836]",License Plate,51F59011,Vietnam,0.9999998807907104,lp_train_2650
465,NA,NA,NA,NA,NA,NA,lp_train_4238
466,NA,NA,NA,NA,NA,NA,lp_train_4529
467,"[3, 95, 2, 29]","[0.999930739402771, 0.9999399185180664, 0.9997839331626892, 0.9999513626098633, 0.99994957447052, 0.9998832941055298, 0.9999417066574097, 0.9997691512107849, 0.9999921321868896, 0.9999988079071045]",License Plate,51G39466,Vietnam,0.9999997615814209,lp_train_514
468,"[0, 86, 0, 70]","[0.9998984336853027, 0.9999209642410278, 0.9999576807022095, 0.9999657869338989, 0.9999711513519287, 0.9998043179512024, 0.9999220371246338, 0.9999769926071167, 0.9999055862426758, 0.9999443292617798]",License Plate,59B131149,Vietnam,1.0,lp_train_5987
469,"[3, 99, 1, 26]","[0.9999194145202637, 0.9999264478683472, 0.9996829032897949, 0.9998729228973389, 0.9999315738677979, 0.9999445676803589, 0.9997240900993347, 0.9999076128005981, 0.9999947547912598, 0.9999986886978149]",License Plate,51F20754,Vietnam,0.9999994039535522,lp_train_578
470,"[1, 110, 0, 30]","[0.9993823766708374, 0.9999427795410156, 0.9997033476829529, 0.9998726844787598, 0.9995311498641968, 0.9998243451118469, 0.9999009370803833, 0.9998841285705566, 0.9999992847442627, 0.9999997615814209]",License Plate,51G47281,Vietnam,0.9999998807907104,lp_train_634
471,"[1, 79, 5, 26]","[0.9996129870414734, 0.9999790191650391, 0.9999966621398926, 0.9999785423278809, 0.9999126195907593, 0.9999663829803467, 0.9999856948852539, 0.9999535083770752, 0.9999932050704956, 0.9999971389770508]",License Plate,51A96141,Vietnam,0.9999998807907104,lp_train_986
472,"[1, 115, 3, 35]","[0.9979931116104126, 0.9999631643295288, 0.9999932050704956, 0.9999303817749023, 0.9998936653137207, 0.9978405237197876, 0.9997406601905823, 0.9999798536300659, 0.9999692440032959, 0.9999909400939941]",License Plate,51A72110,Vietnam,0.9999996423721313,lp_train_2529
473,"[2, 152, 0, 67]","[0.9998766183853149, 0.9996063113212585, 0.9999561309814453, 0.9998477697372437, 0.9996194839477539, 0.9997050166130066, 0.9998170733451843, 0.9999884366989136, 0.9999978542327881, 0.9999986886978149]",License Plate,HVY5774,United States,0.997787594795227,lp_train_4503
474,"[1, 107, 0, 29]","[0.9986107349395752, 0.999969482421875, 0.9999942779541016, 0.999983549118042, 0.9998719692230225, 0.9997382760047913, 0.9998960494995117, 0.9998182654380798, 0.9999979734420776, 0.9999991655349731]",License Plate,51A16598,Vietnam,1.0,lp_train_1334
475,"[0, 102, 2, 28]","[0.9981549382209778, 0.9999418258666992, 0.999545156955719, 0.9999876022338867, 0.9996826648712158, 0.9999086856842041, 0.9998874664306641, 0.9998569488525391, 0.9999682903289795, 0.999998927116394]",License Plate,51F04877,Vietnam,1.0,lp_train_1768
476,"[2, 84, 6, 26]","[0.9998977184295654, 0.99991774559021, 0.9997568726539612, 0.9999275207519531, 0.9998853206634521, 0.9998613595962524, 0.9993402361869812, 0.999887228012085, 0.9999130964279175, 0.9999798536300659]",License Plate,51F21255,Vietnam,0.9999994039535522,lp_train_1030
477,"[0, 76, 5, 24]","[0.9962263107299805, 0.9998132586479187, 0.999832034111023, 0.999875545501709, 0.999601423740387, 0.9998958110809326, 0.9999778270721436, 0.9999626874923706, 0.9999991655349731, 0.9999996423721313]",License Plate,51G37307,Vietnam,0.9999996423721313,lp_train_442
478,NA,NA,NA,NA,NA,NA,lp_train_5831
479,NA,NA,NA,NA,NA,NA,lp_train_5966
480,"[115, 1416, 11, 1052]","[0.9917508959770203, 0.9998225569725037, 0.9993884563446045, 0.49629056453704834, 0.9998078942298889, 0.9996011853218079, 0.9987760186195374, 0.9999887943267822, 0.9999972581863403, 0.9999966621398926]",License Plate,HBP3960,Mexico,0.9999648332595825,lp_train_4097
481,"[5, 128, 0, 62]","[0.9998643398284912, 0.9999423027038574, 0.9998158812522888, 0.9999526739120483, 0.999947190284729, 0.9999070167541504, 0.9999226331710815, 0.9999561309814453, 0.9999715089797974, 0.9999953508377075]",License Plate,51G21670,Vietnam,0.9999996423721313,lp_train_1911
482,NA,NA,NA,NA,NA,NA,lp_train_5798
483,NA,NA,NA,NA,NA,NA,lp_train_3874
484,"[2, 100, 0, 29]","[0.9998340606689453, 0.9999730587005615, 0.9999945163726807, 0.9999591112136841, 0.9998387098312378, 0.9998917579650879, 0.9999407529830933, 0.9998528957366943, 0.999991774559021, 0.9999966621398926]",License Plate,51A85325,Vietnam,0.999998927116394,lp_train_2721
485,NA,NA,NA,NA,NA,NA,lp_train_5991
486,"[3, 102, 10, 68]","[0.75115966796875, 0.9979459643363953, 0.9994552731513977, 0.9999462366104126, 0.9990679621696472, 0.9988207221031189, 0.9883257150650024, 0.6000658273696899, 0.9999334812164307, 0.9999861717224121]",License Plate,61F07566,Vietnam,0.9999276399612427,lp_train_2770
487,"[0, 95, 1, 28]","[0.9998340606689453, 0.9999148845672607, 0.9996298551559448, 0.9999206066131592, 0.999866247177124, 0.9998464584350586, 0.9997027516365051, 0.9998587369918823, 0.9999997615814209, 0.9999998807907104]",License Plate,51F31118,Vietnam,0.9999998807907104,lp_train_1529
488,"[2, 109, 2, 40]","[0.9998434782028198, 0.9999855756759644, 0.9999954700469971, 0.9999654293060303, 0.9999368190765381, 0.999894380569458, 0.999927282333374, 0.9999773502349854, 0.9999949932098389, 0.9999980926513672]",License Plate,51A77529,Vietnam,1.0,lp_train_2920
489,"[1, 35, 1, 9]","[0.4519081711769104, 0.4573873281478882, 0.165704146027565, 0.19521979987621307, 0.4238455891609192, 0.4829172194004059, 0.6012530326843262, 0.5801720023155212, 0.9827215075492859, 0.9985200762748718]",License Plate,6I51011,Vietnam,0.4538806080818176,lp_train_2409
490,NA,NA,NA,NA,NA,NA,lp_train_4825
491,"[0, 87, 1, 73]","[0.9997901320457458, 0.999948263168335, 0.9995538592338562, 0.9996815919876099, 0.9998598098754883, 0.9997830986976624, 0.9998912811279297, 0.999954104423523, 0.9991565942764282, 0.999738872051239]",License Plate,52T56177,Vietnam,0.9999990463256836,lp_train_6780
492,NA,NA,NA,NA,NA,NA,lp_train_6762
493,"[9, 84, 11, 70]","[0.9998161196708679, 0.9998313188552856, 0.999854326248169, 0.9998714923858643, 0.9997085928916931, 0.9998657703399658, 0.9997815489768982, 0.9998514652252197, 0.9995244741439819, 0.9999020099639893]",License Plate,54L48348,Vietnam,0.9999988079071045,lp_train_5699
494,"[1, 127, 5, 50]","[0.9999006986618042, 0.9999380111694336, 0.9996823072433472, 0.9999295473098755, 0.9999712705612183, 0.9999278783798218, 0.9997240900993347, 0.9999454021453857, 0.9999932050704956, 0.9999966621398926]",License Plate,51F20754,Vietnam,1.0,lp_train_2141
495,NA,NA,NA,NA,NA,NA,lp_train_6455
496,"[4, 47, 2, 30]","[0.9997790455818176, 0.9998923540115356, 0.9995126724243164, 0.9994984865188599, 0.9996918439865112, 0.999884843826294, 0.9994015693664551, 0.9988848567008972, 0.9964448809623718, 0.9999171495437622]",License Plate,59Y160811,Vietnam,0.9999972581863403,lp_train_5935
497,"[0, 114, 0, 28]","[0.9957084655761719, 0.9999662637710571, 0.9999960660934448, 0.9999831914901733, 0.9998414516448975, 0.9997298121452332, 0.9998811483383179, 0.9998475313186646, 0.999997615814209, 0.9999996423721313]",License Plate,51A16598,Vietnam,0.9999994039535522,lp_train_2139
498,NA,NA,NA,NA,NA,NA,lp_train_5907
499,"[0, 74, 0, 36]","[0.9998944997787476, 0.9998354911804199, 0.9999656677246094, 0.9997109770774841, 0.9994491934776306, 0.9997459053993225, 0.9998244643211365, 0.9999788999557495, 0.9999927282333374, 0.9999948740005493]",License Plate,BKTP665,Canada,0.9999234676361084,lp_train_3982
500,NA,NA,NA,NA,NA,NA,lp_train_3642
501,"[7, 84, 13, 73]","[0.9991043210029602, 0.9998934268951416, 0.9939779043197632, 0.9921514987945557, 0.9993614554405212, 0.9997269511222839, 0.9990643858909607, 0.9970582723617554, 0.9999054670333862, 0.9999372959136963]",License Plate,59V188114,Vietnam,0.9999998807907104,lp_train_6442
502,NA,NA,NA,NA,NA,NA,lp_train_4411
503,"[3, 81, 8, 68]","[0.9996830224990845, 0.9998162388801575, 0.9999618530273438, 0.9982932209968567, 0.9996947050094604, 0.9997575879096985, 0.9993807077407837, 0.9944663643836975, 0.1798536628484726, 0.9999009370803833]",License Plate,59C139799,Vietnam,0.9999843835830688,lp_train_5544
504,NA,NA,NA,NA,NA,NA,lp_train_5762
505,NA,NA,NA,NA,NA,NA,lp_train_3375
506,"[3, 84, 1, 21]","[0.9994612336158752, 0.9998992681503296, 0.9995530247688293, 0.9999058246612549, 0.999716579914093, 0.9997801184654236, 0.9998637437820435, 0.9998490810394287, 0.9999940395355225, 0.9999985694885254]",License Plate,51F22261,Vietnam,0.9999995231628418,lp_train_1031
507,"[1, 105, 5, 74]","[0.9998965263366699, 0.999970555305481, 0.9999940395355225, 0.999966025352478, 0.9999055862426758, 0.9999439716339111, 0.9999603033065796, 0.9999755620956421, 0.9999909400939941, 0.9999986886978149]",License Plate,51A89714,Vietnam,0.9999998807907104,lp_train_2333
508,"[1, 104, 0, 28]","[0.9999630451202393, 0.999639630317688, 0.999995231628418, 0.9999901056289673, 0.9997411370277405, 0.9999252557754517, 0.9999233484268188, 0.9998993873596191, 0.9999876022338867, 0.9999984502792358]",License Plate,48A02866,Vietnam,1.0,lp_train_409
509,NA,NA,NA,NA,NA,NA,lp_train_4478
510,"[7, 100, 13, 54]","[0.39376014471054077, 0.9979890584945679, 0.9990720748901367, 0.997158408164978, 0.9993540644645691, 0.9972367286682129, 0.9990251064300537, 0.9999468326568604, 0.999984860420227, 0.9999871253967285]",License Plate,TWSMSS8,United States,0.7551108598709106,lp_train_4603
511,"[1, 114, 1, 31]","[0.9998140931129456, 0.9999301433563232, 0.9998378753662109, 0.9999244213104248, 0.9998656511306763, 0.9999322891235352, 0.9998834133148193, 0.9998642206192017, 0.9999939203262329, 0.9999985694885254]",License Plate,51G31691,Vietnam,1.0,lp_train_472
512,"[1, 109, 5, 32]","[0.9998763799667358, 0.9999785423278809, 0.9999945163726807, 0.9998792409896851, 0.9997777342796326, 0.9999104738235474, 0.9998258948326111, 0.9998332262039185, 0.9999966621398926, 0.9999994039535522]",License Plate,51A55433,Vietnam,0.9999997615814209,lp_train_3282
513,NA,NA,NA,NA,NA,NA,lp_train_5455
514,"[0, 105, 1, 27]","[0.9998434782028198, 0.9999722242355347, 0.9997532963752747, 0.9999301433563232, 0.9997318387031555, 0.9999285936355591, 0.9999741315841675, 0.9999797344207764, 0.9999992847442627, 0.9999996423721313]",License Plate,51G37307,Vietnam,1.0,lp_train_637
515,NA,NA,NA,NA,NA,NA,lp_train_5967
516,NA,NA,NA,NA,NA,NA,lp_train_5472
517,"[2, 46, 0, 11]","[0.999104917049408, 0.9914747476577759, 0.9992245435714722, 0.736022412776947, 0.9979540109634399, 0.9848624467849731, 0.9984582662582397, 0.9974470138549805, 0.9988073110580444, 0.9999775886535645]",License Plate,51F03034,Vietnam,0.9993683695793152,lp_train_3785
518,"[0, 154, 9, 115]","[0.9966795444488525, 0.9990092515945435, 0.45628491044044495, 0.9880578517913818, 0.9997507929801941, 0.9994476437568665, 0.9995563626289368, 0.9987668991088867, 0.9998134970664978, 0.9995750784873962]",License Plate,68T106653,Vietnam,0.9999970197677612,lp_train_7055
519,NA,NA,NA,NA,NA,NA,lp_train_7052
520,"[3, 78, 10, 52]","[0.9993517994880676, 0.9995531439781189, 0.9998928308486938, 0.9999604225158691, 0.9932071566581726, 0.9994620680809021, 0.9990591406822205, 0.9995636343955994, 0.9994713664054871, 0.9998575448989868]",License Plate,48A05177,Vietnam,1.0,lp_train_2613
521,NA,NA,NA,NA,NA,NA,lp_train_056
522,NA,NA,NA,NA,NA,NA,lp_train_056
523,"[1, 70, 0, 19]","[0.9998928308486938, 0.9998049139976501, 0.9997274279594421, 0.9999852180480957, 0.9999654293060303, 0.9999678134918213, 0.9998718500137329, 0.9995369911193848, 0.999996542930603, 0.9999986886978149]",License Plate,51G10096,Vietnam,0.9999997615814209,lp_train_1032
524,"[2, 80, 3, 22]","[0.9977362155914307, 0.9999370574951172, 0.9996284246444702, 0.9999468326568604, 0.9996280670166016, 0.9999784231185913, 0.999862551689148, 0.999893307685852, 0.9999991655349731, 0.9999996423721313]",License Plate,51F63034,Vietnam,1.0,lp_train_953
525,"[1, 27, 2, 10]","[0.70489901304245, 0.42811793088912964, 0.6552845239639282, 0.29238685965538025, 0.33642300963401794, 0.951607882976532, 0.9957987666130066, 0.9995589852333069, 0.999881386756897, 0.999884843826294]",License Plate,40GBD,New Zealand,0.3853897452354431,lp_train_3973
526,NA,NA,NA,NA,NA,NA,lp_train_3973
527,NA,NA,NA,NA,NA,NA,lp_train_3973
528,NA,NA,NA,NA,NA,NA,lp_train_3973
529,"[0, 116, 0, 44]","[0.9997628331184387, 0.999943733215332, 0.9998639822006226, 0.9999656677246094, 0.9997766613960266, 0.9999029636383057, 0.9999829530715942, 0.9998997449874878, 0.999998927116394, 0.9999997615814209]",License Plate,51F82606,Vietnam,0.9999997615814209,lp_train_2148
530,"[3, 79, 4, 49]","[0.9984233379364014, 0.9995079040527344, 0.9997711777687073, 0.9999829530715942, 0.9997561573982239, 0.9999463558197021, 0.9994268417358398, 0.9983829259872437, 0.9999370574951172, 0.9999871253967285]",License Plate,51F07973,Vietnam,0.9999998807907104,lp_train_2863
531,"[0, 82, 5, 73]","[0.9997333884239197, 0.9998462200164795, 0.9999380111694336, 0.9999370574951172, 0.9998190999031067, 0.9999092817306519, 0.9999003410339355, 0.9999427795410156, 0.9998472929000854, 0.9999827146530151]",License Plate,56P25963,Vietnam,0.9999992847442627,lp_train_6559
532,NA,NA,NA,NA,NA,NA,lp_train_3922
533,"[1, 98, 0, 31]","[0.9998888969421387, 0.9999585151672363, 0.9986164569854736, 0.9999326467514038, 0.9998730421066284, 0.9999678134918213, 0.9999486207962036, 0.9998735189437866, 0.9999990463256836, 0.9999996423721313]",License Plate,51G51008,Vietnam,0.9999997615814209,lp_train_3291
534,"[4, 110, 0, 27]","[0.9999167919158936, 0.9999184608459473, 0.9996316432952881, 0.9999393224716187, 0.9999344348907471, 0.9998512268066406, 0.9998317956924438, 0.9998600482940674, 0.9999951124191284, 0.9999977350234985]",License Plate,51G51332,Vietnam,0.9999988079071045,lp_train_1034
535,"[2, 86, 4, 34]","[0.999704897403717, 0.9998811483383179, 0.9999086856842041, 0.999818742275238, 0.9995680451393127, 0.9996562004089355, 0.9984917640686035, 0.9995976090431213, 0.9985806941986084, 0.9999691247940063]",License Plate,80376NG16,Vietnam,0.9999209642410278,lp_train_4559
536,"[6, 112, 0, 37]","[0.9999037981033325, 0.9999574422836304, 0.9998266100883484, 0.9999409914016724, 0.9998462200164795, 0.999903678894043, 0.9998595714569092, 0.9996706247329712, 0.999998927116394, 0.9999997615814209]",License Plate,51F86988,Vietnam,0.9999997615814209,lp_train_610
537,"[1, 114, 0, 46]","[0.9998925924301147, 0.9999805688858032, 0.9999967813491821, 0.999996542930603, 0.9998838901519775, 0.9999505281448364, 0.9999376535415649, 0.999985933303833, 0.9999797344207764, 0.9999963045120239]",License Plate,51A05227,Vietnam,0.9999998807907104,lp_train_2515
538,NA,NA,NA,NA,NA,NA,lp_train_6486
539,"[3, 108, 3, 63]","[0.998579740524292, 0.9999593496322632, 0.9998598098754883, 0.9999567270278931, 0.9998332262039185, 0.9999028444290161, 0.9998351335525513, 0.9998893737792969, 0.9999536275863647, 0.9999852180480957]",License Plate,51F88270,Vietnam,1.0,lp_train_2923
540,"[2, 133, 6, 97]","[0.9999294281005859, 0.939197838306427, 0.9999916553497314, 0.9998711347579956, 0.9999657869338989, 0.9998996257781982, 0.9999974966049194, 0.9999990463256836, 0.9999994039535522, 0.9999994039535522]",License Plate,FORDGT,United States,0.9986823201179504,lp_train_4052
541,"[0, 93, 3, 30]","[0.9999098777770996, 0.9999779462814331, 0.9999973773956299, 0.9999595880508423, 0.999984622001648, 0.9999099969863892, 0.9999451637268066, 0.9999642372131348, 0.9999876022338867, 0.999997615814209]",License Plate,51A60216,Vietnam,0.9999986886978149,lp_train_874
542,NA,NA,NA,NA,NA,NA,lp_train_6328
543,"[0, 89, 3, 29]","[0.999921441078186, 0.9998821020126343, 0.9999921321868896, 0.9999231100082397, 0.9999476671218872, 0.9999591112136841, 0.9999535083770752, 0.9998810291290283, 0.9999979734420776, 0.9999996423721313]",License Plate,29A51796,Vietnam,1.0,lp_train_877
544,"[3, 95, 1, 46]","[0.9998576641082764, 0.9999182224273682, 0.9997225403785706, 0.9999710321426392, 0.9997351765632629, 0.9999834299087524, 0.9998674392700195, 0.9998745918273926, 0.9999918937683105, 0.9999972581863403]",License Plate,51F63034,Vietnam,1.0,lp_train_2826
545,"[2, 108, 0, 27]","[0.999663233757019, 0.9999207258224487, 0.9996440410614014, 0.999963641166687, 0.9996992349624634, 0.9999895095825195, 0.9998900890350342, 0.999940037727356, 0.9999895095825195, 0.9999970197677612]",License Plate,51F63034,Vietnam,1.0,lp_train_942
546,"[0, 79, 7, 30]","[0.998927652835846, 0.9999711513519287, 0.9999927282333374, 0.9999682903289795, 0.9999034404754639, 0.9996743202209473, 0.9996211528778076, 0.9999164342880249, 0.9999604225158691, 0.999990701675415]",License Plate,51A69172,Vietnam,0.9999997615814209,lp_train_3216
547,NA,NA,NA,NA,NA,NA,lp_train_1252
548,"[7, 98, 1, 38]","[0.9999587535858154, 0.9999295473098755, 0.9999953508377075, 0.9999163150787354, 0.9998914003372192, 0.9999462366104126, 0.9998626708984375, 0.9999783039093018, 0.9999732971191406, 0.9999953508377075]",License Plate,29A23950,Vietnam,1.0,lp_train_3325
549,NA,NA,NA,NA,NA,NA,lp_train_5300
550,"[0, 96, 0, 24]","[0.7003874778747559, 0.8665120601654053, 0.9673305153846741, 0.9301906228065491, 0.9714733362197876, 0.9764596819877625, 0.9839887022972107, 0.8764148354530334, 0.9999939203262329, 0.9999973773956299]",License Plate,1F98466,Spain,0.7938228845596313,lp_train_1856
551,NA,NA,NA,NA,NA,NA,lp_train_5514
552,"[58, 931, 28, 479]","[0.9988906979560852, 0.923689603805542, 0.9995571970939636, 0.9997134804725647, 0.9996464252471924, 0.9997276663780212, 0.9999217987060547, 0.9999933242797852, 0.9999982118606567, 0.999998927116394]",License Plate,G7G939B,Mexico,0.9999988079071045,lp_train_4153
553,"[3, 109, 3, 58]","[0.9998952150344849, 0.9999819993972778, 0.9999945163726807, 0.9999747276306152, 0.999884843826294, 0.9998754262924194, 0.9999262094497681, 0.9999831914901733, 0.9999269247055054, 0.9999961853027344]",License Plate,51A45974,Vietnam,0.9999996423721313,lp_train_2118
554,NA,NA,NA,NA,NA,NA,lp_train_4192
555,NA,NA,NA,NA,NA,NA,lp_train_6096
556,"[0, 94, 7, 86]","[0.999670147895813, 0.9999485015869141, 0.9999854564666748, 0.9994598031044006, 0.9993539452552795, 0.9997604489326477, 0.9996697902679443, 0.9964694976806641, 0.9932812452316284, 0.9996907711029053]",License Plate,83C117111,Vietnam,0.9999252557754517,lp_train_5541
557,"[9, 79, 11, 70]","[0.9991307854652405, 0.9998911619186401, 0.9997965693473816, 0.9997802376747131, 0.9998972415924072, 0.9999498128890991, 0.9996234178543091, 0.9998388290405273, 0.9983652234077454, 0.9999390840530396]",License Plate,54R30018,Vietnam,0.9999998807907104,lp_train_5198
558,NA,NA,NA,NA,NA,NA,lp_train_3894
559,"[2, 193, 0, 48]","[0.9999877214431763, 0.9998712539672852, 0.9988403916358948, 0.999884843826294, 0.9996055960655212, 0.999588668346405, 0.9987095594406128, 0.9993463158607483, 0.9929186701774597, 0.5100575685501099]",License Plate,KL01CA255,Bosnia and Herzegovina,0.6549032330513,lp_train_3833
560,NA,NA,NA,NA,NA,NA,lp_train_6573
561,NA,NA,NA,NA,NA,NA,lp_train_2862
562,"[9, 133, 1, 30]","[0.9998396635055542, 0.9999291896820068, 0.9997777342796326, 0.9999663829803467, 0.9997157454490662, 0.999988317489624, 0.9999024868011475, 0.9999178647994995, 0.9999953508377075, 0.9999971389770508]",License Plate,51F63034,Vietnam,1.0,lp_train_2103
563,NA,NA,NA,NA,NA,NA,lp_train_5346
564,"[11, 94, 5, 77]","[0.9998027682304382, 0.9998918771743774, 0.9998944997787476, 0.999927282333374, 0.9999604225158691, 0.9998549222946167, 0.9999082088470459, 0.9999086856842041, 0.999915361404419, 0.999848484992981]",License Plate,59P208324,Vietnam,0.9999998807907104,lp_train_6840
565,"[0, 102, 4, 56]","[0.8363440632820129, 0.9997382760047913, 0.9993712306022644, 0.9998306035995483, 0.9998445510864258, 0.9996625185012817, 0.9995032548904419, 0.9998869895935059, 0.9999936819076538, 0.9999970197677612]",License Plate,51F16159,Vietnam,0.9999990463256836,lp_train_3118
566,NA,NA,NA,NA,NA,NA,lp_train_5026
567,"[1, 111, 3, 33]","[0.9991334080696106, 0.9999570846557617, 0.9996294975280762, 0.9999895095825195, 0.9997015595436096, 0.9999274015426636, 0.9997732043266296, 0.9999163150787354, 0.999970555305481, 0.9999879598617554]",License Plate,51F07973,Vietnam,1.0,lp_train_1295
568,"[6, 124, 4, 41]","[0.9917615652084351, 0.9994192123413086, 0.8540199995040894, 0.9940779209136963, 0.9853063821792603, 0.9510906338691711, 0.9461050033569336, 0.9990049004554749, 0.9999946355819702, 0.9999983310699463]",License Plate,81A73482,Vietnam,0.9999771118164062,lp_train_2000
569,"[14, 152, 8, 96]","[0.9999761581420898, 0.9998438358306885, 0.8089009523391724, 0.9185569882392883, 0.9999207258224487, 0.9999576807022095, 0.999904990196228, 0.9999964237213135, 0.9999973773956299, 0.9999969005584717]",License Plate,WHOOPC,United States,0.9416308403015137,lp_train_4772
570,"[4, 98, 3, 27]","[0.9999215602874756, 0.9999376535415649, 0.9996585845947266, 0.9999011754989624, 0.9998931884765625, 0.9999052286148071, 0.9998865127563477, 0.9998644590377808, 0.9999977350234985, 0.9999990463256836]",License Plate,51G31691,Vietnam,0.9999992847442627,lp_train_2697
571,"[10, 462, 1, 332]","[0.9999879598617554, 0.9999529123306274, 0.9996689558029175, 0.9997038245201111, 0.9996964931488037, 0.994187593460083, 0.9998569488525391, 0.9999964237213135, 0.9999990463256836, 0.9999995231628418]",License Plate,SL33P3R,United States,0.9131208062171936,lp_train_386
572,"[0, 152, 0, 75]","[0.9999474287033081, 0.9998866319656372, 0.9999843835830688, 0.9998694658279419, 0.9997372031211853, 0.9988479614257812, 0.9933007955551147, 0.9999606609344482, 0.9999921321868896, 0.9999961853027344]",License Plate,CV1897,United States,0.5460140705108643,lp_train_116
573,"[4, 103, 4, 57]","[0.9995495676994324, 0.9996975660324097, 0.9999897480010986, 0.9999673366546631, 0.9999781847000122, 0.9998282194137573, 0.9990955591201782, 0.9998716115951538, 0.9999620914459229, 0.9999867677688599]",License Plate,51A60216,Vietnam,0.9999998807907104,lp_train_3129
574,"[1, 49, 2, 12]","[0.7739231586456299, 0.9033036828041077, 0.6467206478118896, 0.9421047568321228, 0.8984732627868652, 0.9029794931411743, 0.3541789948940277, 0.9952043294906616, 0.9999821186065674, 0.9999892711639404]",License Plate,IE72838,Georgia,0.7519229650497437,lp_train_3751
575,"[0, 96, 0, 43]","[0.9997822642326355, 0.9998900890350342, 0.9994332194328308, 0.9997202754020691, 0.9998216032981873, 0.9997889399528503, 0.9998879432678223, 0.9997383952140808, 0.9999991655349731, 0.9999997615814209]",License Plate,51F59881,Vietnam,0.9999998807907104,lp_train_2263
576,NA,NA,NA,NA,NA,NA,lp_train_5793
577,"[4, 101, 2, 38]","[0.9998641014099121, 0.9999794960021973, 0.9999967813491821, 0.999995231628418, 0.9998891353607178, 0.999948263168335, 0.999920129776001, 0.9999880790710449, 0.9999251365661621, 0.9999947547912598]",License Plate,51A05227,Vietnam,1.0,lp_train_2360
578,NA,NA,NA,NA,NA,NA,lp_train_5779
579,"[7, 117, 2, 52]","[0.9999128580093384, 0.9999611377716064, 0.9998224377632141, 0.9999892711639404, 0.9998254179954529, 0.9999600648880005, 0.9998539686203003, 0.99993896484375, 0.9999293088912964, 0.9999905824661255]",License Plate,51F07973,Vietnam,1.0,lp_train_2740
580,"[0, 102, 3, 32]","[0.9938400387763977, 0.9998559951782227, 0.9970906972885132, 0.9998212456703186, 0.9989087581634521, 0.9962050318717957, 0.9994774460792542, 0.9997348189353943, 0.9999991655349731, 0.9999996423721313]",License Plate,51F15585,Vietnam,0.9999982118606567,lp_train_1197
581,"[2, 143, 1, 102]","[0.9999507665634155, 0.9993915557861328, 0.99988853931427, 0.9997894167900085, 0.9998879432678223, 0.9999475479125977, 0.9999568462371826, 0.9997729659080505, 0.9999048709869385, 0.9997828602790833]",License Plate,65D104180,Vietnam,0.9999992847442627,lp_train_7008
582,NA,NA,NA,NA,NA,NA,lp_train_3602
583,NA,NA,NA,NA,NA,NA,lp_train_6847
584,"[0, 67, 1, 20]","[0.9993489384651184, 0.9999676942825317, 0.9999935626983643, 0.9999430179595947, 0.9997677206993103, 0.9998700618743896, 0.9998856782913208, 0.9996838569641113, 0.9999892711639404, 0.9999960660934448]",License Plate,51A64826,Vietnam,0.9999964237213135,lp_train_1115
585,"[5, 112, 4, 34]","[0.9998632669448853, 0.9999359846115112, 0.9997588992118835, 0.9999430179595947, 0.9999504089355469, 0.999929666519165, 0.9998583793640137, 0.9999788999557495, 0.9999939203262329, 0.9999946355819702]",License Plate,51F89357,Vietnam,1.0,lp_train_2586
586,"[12, 528, 0, 218]","[0.9993093013763428, 0.999648928642273, 0.9995490908622742, 0.9999653100967407, 0.9999178647994995, 0.9998199343681335, 0.9997300505638123, 0.9999924898147583, 0.9999961853027344, 0.999997615814209]",License Plate,NNM9627,Mexico,0.9999978542327881,lp_train_4217
587,"[4, 63, 3, 20]","[0.9998760223388672, 0.9997666478157043, 0.9985252022743225, 0.9998880624771118, 0.9997699856758118, 0.9998973608016968, 0.999612033367157, 0.9998792409896851, 0.9997556805610657, 0.9995201826095581]",License Plate,93LD00103,Vietnam,0.774408221244812,lp_train_1043
588,NA,NA,NA,NA,NA,NA,lp_train_6643
589,NA,NA,NA,NA,NA,NA,lp_train_5458
590,"[3, 109, 1, 33]","[0.9999691247940063, 0.9998024106025696, 0.999991774559021, 0.9999945163726807, 0.9998804330825806, 0.9999566078186035, 0.9999537467956543, 0.9999696016311646, 0.9999743700027466, 0.9999953508377075]",License Plate,48A05177,Vietnam,1.0,lp_train_883
591,NA,NA,NA,NA,NA,NA,lp_train_5665
592,NA,NA,NA,NA,NA,NA,lp_train_6170
593,NA,NA,NA,NA,NA,NA,lp_train_5604
594,"[0, 96, 2, 34]","[0.9992122650146484, 0.9999229907989502, 0.9999947547912598, 0.9999871253967285, 0.999811589717865, 0.999937891960144, 0.9999655485153198, 0.9999092817306519, 0.9999518394470215, 0.9999942779541016]",License Plate,86A06844,Vietnam,1.0,lp_train_2289
595,"[4, 261, 13, 94]","[0.9998658895492554, 0.9997546076774597, 0.9999091625213623, 0.999842643737793, 0.9999405145645142, 0.9999850988388062, 0.9990647435188293, 0.9999274015426636, 0.9999918937683105, 0.9999932050704956]",License Plate,M22BLS,United Kingdom,0.9995301961898804,lp_train_4654
596,"[1, 51, 1, 12]","[0.3801858723163605, 0.42660078406333923, 0.6532674431800842, 0.36789676547050476, 0.8666447401046753, 0.5320382118225098, 0.6972103714942932, 0.8520984649658203, 0.9987335801124573, 0.999259889125824]",License Plate,F167322,Azerbaijan,0.20289120078086853,lp_train_3448
597,"[0, 134, 4, 50]","[0.9958099126815796, 0.9998779296875, 0.9996644258499146, 0.9999039173126221, 0.9998055100440979, 0.9998568296432495, 0.9998088479042053, 0.9998283386230469, 0.999991774559021, 0.9999988079071045]",License Plate,51G31691,Vietnam,0.9999998807907104,lp_train_2135
598,"[2, 143, 0, 90]","[0.9999066591262817, 0.9999269247055054, 0.9998160004615784, 0.9999438524246216, 0.9999537467956543, 0.9998935461044312, 0.9999450445175171, 0.999724805355072, 0.9999916553497314, 0.9999979734420776]",License Plate,51G39466,Vietnam,1.0,lp_train_2303
599,"[4, 102, 5, 32]","[0.9998530149459839, 0.9999653100967407, 0.9999946355819702, 0.9999479055404663, 0.9998886585235596, 0.9999436140060425, 0.9999668598175049, 0.9999631643295288, 0.9999761581420898, 0.9999942779541016]",License Plate,51A89714,Vietnam,0.9999997615814209,lp_train_2692
600,"[1, 104, 1, 31]","[0.9998880624771118, 0.9999450445175171, 0.9999724626541138, 0.9999446868896484, 0.9997034668922424, 0.9999125003814697, 0.9998227953910828, 0.9999196529388428, 0.9999858140945435, 0.999992847442627]",License Plate,30E00090,Vietnam,1.0,lp_train_1745
601,"[0, 94, 0, 25]","[0.9994183778762817, 0.9999407529830933, 0.9999822378158569, 0.9999417066574097, 0.9997321963310242, 0.9999308586120605, 0.9999406337738037, 0.9999549388885498, 0.9999922513961792, 0.9999990463256836]",License Plate,51A89714,Vietnam,0.9999996423721313,lp_train_1656
602,NA,NA,NA,NA,NA,NA,lp_train_077
603,NA,NA,NA,NA,NA,NA,lp_train_077
604,NA,NA,NA,NA,NA,NA,lp_train_4919
605,"[6, 82, 7, 70]","[0.9996888637542725, 0.9999150037765503, 0.9998962879180908, 0.9995707869529724, 0.9998249411582947, 0.999829888343811, 0.9999499320983887, 0.9995212554931641, 0.9999701976776123, 0.9999901056289673]",License Plate,59Y167452,Vietnam,0.9999995231628418,lp_train_5376
606,NA,NA,NA,NA,NA,NA,lp_train_3381
607,"[1, 73, 4, 22]","[0.9944072961807251, 0.9998917579650879, 0.9994687438011169, 0.9997504353523254, 0.9992440938949585, 0.9998263716697693, 0.9997594952583313, 0.9999027252197266, 0.9999904632568359, 0.9999978542327881]",License Plate,51F44614,Vietnam,1.0,lp_train_988
608,"[0, 81, 1, 25]","[0.9967239499092102, 0.9999254941940308, 0.9998132586479187, 0.999974250793457, 0.9999433755874634, 0.9999511241912842, 0.9997391104698181, 0.9989011287689209, 0.9999951124191284, 0.9999974966049194]",License Plate,51G10096,Vietnam,0.9999997615814209,lp_train_937
609,NA,NA,NA,NA,NA,NA,lp_train_2547
610,NA,NA,NA,NA,NA,NA,lp_train_1118
611,NA,NA,NA,NA,NA,NA,lp_train_6655
612,"[7, 91, 7, 28]","[0.8673688769340515, 0.9976285099983215, 0.9988619089126587, 0.998214602470398, 0.9995678067207336, 0.9994375109672546, 0.9993767142295837, 0.9959790706634521, 0.714324951171875, 0.8814662098884583]",License Plate,HR26AZ5927,Unknown,0.8556159138679504,lp_train_3994
613,"[3, 133, 2, 36]","[0.9964428544044495, 0.9999313354492188, 0.999693751335144, 0.9999876022338867, 0.999576985836029, 0.9999194145202637, 0.9998384714126587, 0.9999324083328247, 0.9999644756317139, 0.9999960660934448]",License Plate,51F07973,Vietnam,0.9999998807907104,lp_train_1967
614,"[0, 91, 3, 29]","[0.9597233533859253, 0.9998241066932678, 0.9997822642326355, 0.999893307685852, 0.999832034111023, 0.999855637550354, 0.9997889399528503, 0.9998558759689331, 0.9999879598617554, 0.9999984502792358]",License Plate,51G42971,Vietnam,0.9999918937683105,lp_train_1368
615,NA,NA,NA,NA,NA,NA,lp_train_3859
616,"[6, 157, 12, 100]","[0.999437153339386, 0.7059518098831177, 0.9986082911491394, 0.9997170567512512, 0.9988480806350708, 0.9986445307731628, 0.9997966885566711, 0.9999696016311646, 0.9999643564224243, 0.9999707937240601]",License Plate,COV1D,New Zealand,0.5554524064064026,lp_train_4727
617,NA,NA,NA,NA,NA,NA,lp_train_231
618,"[3, 341, 3, 248]","[0.9999346733093262, 0.9997469782829285, 0.9999419450759888, 0.9979419112205505, 0.9998756647109985, 0.9999135732650757, 0.9998430013656616, 0.9998903274536133, 0.9999508857727051, 0.9999576807022095]",License Plate,65B122893,Vietnam,0.9999998807907104,lp_train_6970
619,NA,NA,NA,NA,NA,NA,lp_train_5876
620,NA,NA,NA,NA,NA,NA,lp_train_6607
621,"[0, 135, 10, 99]","[0.9999525547027588, 0.9488345980644226, 0.9492754936218262, 0.9610730409622192, 0.9999135732650757, 0.9998922348022461, 0.973913848400116, 0.9999716281890869, 0.9999876022338867, 0.9999923706054688]",License Plate,STTIGRI,United States,0.9995005130767822,lp_train_145
622,NA,NA,NA,NA,NA,NA,lp_train_4050
623,NA,NA,NA,NA,NA,NA,lp_train_5112
624,NA,NA,NA,NA,NA,NA,lp_train_5241
625,NA,NA,NA,NA,NA,NA,lp_train_5409
626,"[1, 46, 1, 18]","[0.8714277744293213, 0.9995859265327454, 0.6864824295043945, 0.9990376234054565, 0.9997561573982239, 0.9996682405471802, 0.9996405839920044, 0.999987006187439, 0.9999951124191284, 0.9999959468841553]",License Plate,W668HKU,United Kingdom,0.9999986886978149,lp_train_012
627,"[1, 100, 7, 33]","[0.999461829662323, 0.9999645948410034, 0.999996542930603, 0.999944806098938, 0.9999861717224121, 0.9998958110809326, 0.9998817443847656, 0.9999300241470337, 0.9999768733978271, 0.9999938011169434]",License Plate,51A60216,Vietnam,0.9999997615814209,lp_train_887
628,"[2, 103, 4, 94]","[0.9998286962509155, 0.9999518394470215, 0.9999563694000244, 0.9999582767486572, 0.9998475313186646, 0.9998373985290527, 0.9999215602874756, 0.9998001456260681, 0.9987975358963013, 0.9999550580978394]",License Plate,59F118461,Vietnam,0.9999998807907104,lp_train_5566
629,"[4, 109, 5, 34]","[0.9999361038208008, 0.999915599822998, 0.99937504529953, 0.9999595880508423, 0.9998201727867126, 0.9999544620513916, 0.9999167919158936, 0.9998725652694702, 0.9999986886978149, 0.9999996423721313]",License Plate,51G25181,Vietnam,0.9999998807907104,lp_train_3175
630,NA,NA,NA,NA,NA,NA,lp_train_4888
631,"[2, 110, 6, 54]","[0.9999552965164185, 0.9999817609786987, 0.9999969005584717, 0.9999489784240723, 0.9999123811721802, 0.9999380111694336, 0.9998365640640259, 0.9999247789382935, 0.9999867677688599, 0.9999977350234985]",License Plate,61A22959,Vietnam,1.0,lp_train_2223
632,"[0, 154, 0, 75]","[0.9998127818107605, 0.9549487829208374, 0.9999629259109497, 0.9998512268066406, 0.9999712705612183, 0.9999065399169922, 0.9999220371246338, 0.9999924898147583, 0.999995231628418, 0.9999960660934448]",License Plate,NOSPYN,United States,0.9848612546920776,lp_train_4502
633,"[0, 94, 5, 32]","[0.9993532299995422, 0.9998725652694702, 0.999744713306427, 0.9998681545257568, 0.9999173879623413, 0.9999836683273315, 0.9997594952583313, 0.9998121857643127, 0.9999886751174927, 0.9999977350234985]",License Plate,51F59011,Vietnam,1.0,lp_train_1107
634,NA,NA,NA,NA,NA,NA,lp_train_4374
635,"[1, 73, 1, 20]","[0.9984997510910034, 0.9999620914459229, 0.9996606111526489, 0.9997957348823547, 0.998907208442688, 0.9998350143432617, 0.9998852014541626, 0.9999610185623169, 0.9999948740005493, 0.9999980926513672]",License Plate,51G47340,Vietnam,0.9999996423721313,lp_train_492
636,"[2, 93, 4, 50]","[0.9995166063308716, 0.9467041492462158, 0.9995984435081482, 0.9999275207519531, 0.9999088048934937, 0.9999676942825317, 0.9993840456008911, 0.9999788999557495, 0.9999914169311523, 0.9999954700469971]",License Plate,VODKAA,United States,0.9853272438049316,lp_train_4784
637,"[0, 81, 2, 66]","[0.9998144507408142, 0.9991136193275452, 0.999894380569458, 0.9999221563339233, 0.9998410940170288, 0.9996933937072754, 0.999727189540863, 0.9998703002929688, 0.9998760223388672, 0.9999358654022217]",License Plate,59H143564,Vietnam,0.9999998807907104,lp_train_6889
638,"[11, 95, 0, 56]","[0.9999676942825317, 0.9999802112579346, 0.9982327222824097, 0.9997633099555969, 0.9999721050262451, 0.999817430973053, 0.9999476671218872, 0.9999966621398926, 0.9999971389770508, 0.999997615814209]",License Plate,XLO790,Sweden,0.9999428987503052,lp_train_071
639,"[8, 82, 2, 48]","[0.9997770190238953, 0.9995138645172119, 0.999977707862854, 0.999980092048645, 0.9996733665466309, 0.9997956156730652, 0.9948797225952148, 0.9986898303031921, 0.999797523021698, 0.9999508857727051]",License Plate,48A05177,Vietnam,1.0,lp_train_2784
640,"[4, 105, 3, 30]","[0.9998970031738281, 0.9999722242355347, 0.999997615814209, 0.9999527931213379, 0.9999841451644897, 0.9998973608016968, 0.9999395608901978, 0.9999592304229736, 0.9999939203262329, 0.9999986886978149]",License Plate,51A60216,Vietnam,0.9999994039535522,lp_train_872
641,"[0, 83, 2, 26]","[0.9998873472213745, 0.9998718500137329, 0.999251663684845, 0.9998998641967773, 0.9997408986091614, 0.9997623562812805, 0.9998248219490051, 0.6392587423324585, 0.9999970197677612, 0.9999986886978149]",License Plate,51F22261,Vietnam,0.9999992847442627,lp_train_1510
642,NA,NA,NA,NA,NA,NA,lp_train_4534
643,"[1, 106, 0, 26]","[0.9998538494110107, 0.9998917579650879, 0.999514102935791, 0.9999376535415649, 0.9998931884765625, 0.9998962879180908, 0.9996728897094727, 0.9998219609260559, 0.9999340772628784, 0.9999822378158569]",License Plate,51F21255,Vietnam,0.9999996423721313,lp_train_1089
644,"[5, 117, 12, 94]","[0.9997618794441223, 0.9998675584793091, 0.9996349811553955, 0.9999241828918457, 0.9999593496322632, 0.9999181032180786, 0.9998784065246582, 0.9998776912689209, 0.99982088804245, 0.9999462366104126]",License Plate,59U150906,Vietnam,0.9999921321868896,lp_train_2932
645,NA,NA,NA,NA,NA,NA,lp_train_6297
646,NA,NA,NA,NA,NA,NA,lp_train_4300
647,"[4, 117, 2, 35]","[0.9998952150344849, 0.9999169111251831, 0.9995494484901428, 0.9999456405639648, 0.999945878982544, 0.9998751878738403, 0.9999324083328247, 0.9998331069946289, 0.9999799728393555, 0.9999977350234985]",License Plate,51G39466,Vietnam,1.0,lp_train_436
648,"[0, 80, 1, 23]","[0.7864271998405457, 0.9990130662918091, 0.9992352724075317, 0.9991365075111389, 0.9983559250831604, 0.9993775486946106, 0.9994252920150757, 0.9997875094413757, 0.9999904632568359, 0.9999967813491821]",License Plate,IF44614,Spain,0.9457119703292847,lp_train_1668
649,"[2, 111, 0, 37]","[0.9999161958694458, 0.9999351501464844, 0.9996521472930908, 0.999966025352478, 0.9996753931045532, 0.9992710947990417, 0.9998989105224609, 0.9999088048934937, 0.9999990463256836, 0.9999997615814209]",License Plate,51F15585,Vietnam,0.9999998807907104,lp_train_2539
650,NA,NA,NA,NA,NA,NA,lp_train_6140
651,NA,NA,NA,NA,NA,NA,lp_train_5045
652,"[1, 89, 3, 79]","[0.9997534155845642, 0.9997820258140564, 0.9999456405639648, 0.9999926090240479, 0.9999696016311646, 0.9999219179153442, 0.9999581575393677, 0.9999295473098755, 0.9999771118164062, 0.999962329864502]",License Plate,85D105960,Vietnam,0.9998202919960022,lp_train_5395
653,"[0, 96, 0, 28]","[0.998588502407074, 0.9999158382415771, 0.9995591044425964, 0.999903678894043, 0.9998575448989868, 0.9999123811721802, 0.999765932559967, 0.9999165534973145, 0.999991774559021, 0.9999982118606567]",License Plate,51F31118,Vietnam,0.9999998807907104,lp_train_1608
654,NA,NA,NA,NA,NA,NA,lp_train_175
655,"[2, 106, 5, 33]","[0.9998719692230225, 0.9999626874923706, 0.9998133778572083, 0.9999369382858276, 0.9998356103897095, 0.9997789263725281, 0.9999656677246094, 0.9999815225601196, 0.9999995231628418, 0.9999997615814209]",License Plate,51F88270,Vietnam,0.9999998807907104,lp_train_3029
656,NA,NA,NA,NA,NA,NA,lp_train_5069
657,NA,NA,NA,NA,NA,NA,lp_train_5069
658,"[0, 121, 6, 41]","[0.9998181462287903, 0.9999451637268066, 0.9998267292976379, 0.9999693632125854, 0.9997692704200745, 0.9998971223831177, 0.9999696016311646, 0.9999713897705078, 0.999997615814209, 0.9999994039535522]",License Plate,51F06609,Vietnam,1.0,lp_train_2106
659,"[3, 44, 3, 10]","[0.9673957824707031, 0.7861166000366211, 0.37576621770858765, 0.8578980565071106, 0.6538270115852356, 0.9485023617744446, 0.6014212369918823, 0.5120401978492737, 0.9997323155403137, 0.99988853931427]",License Plate,11PNH97,Turkey,0.9863167405128479,lp_train_3355
660,NA,NA,NA,NA,NA,NA,lp_train_6239
661,NA,NA,NA,NA,NA,NA,lp_train_4431
662,NA,NA,NA,NA,NA,NA,lp_train_5916
663,"[0, 59, 1, 13]","[0.9284908771514893, 0.9886021018028259, 0.9971805810928345, 0.99921715259552, 0.9985730648040771, 0.9983021020889282, 0.9960331320762634, 0.9968956708908081, 0.9978479146957397, 0.9999810457229614]",License Plate,51F59011,Vietnam,0.9999773502349854,lp_train_3460
664,"[12, 263, 32, 202]","[0.9999955892562866, 0.9999778270721436, 0.9999792575836182, 0.9999842643737793, 0.9999957084655762, 0.9999971389770508, 0.9999978542327881, 0.9999992847442627, 0.9999992847442627, 0.999998927116394]",License Plate,UWU,United States,0.9633004069328308,lp_train_4994
665,"[0, 47, 1, 13]","[0.3271753489971161, 0.3987985849380493, 0.4160570204257965, 0.5371274352073669, 0.7497801780700684, 0.4531649947166443, 0.32555970549583435, 0.8970723748207092, 0.9995390176773071, 0.9998806715011597]",License Plate,11311IH,Croatia,0.30999818444252014,lp_train_3561
666,"[2, 84, 2, 25]","[0.99983811378479, 0.9999779462814331, 0.999996542930603, 0.9999926090240479, 0.9999115467071533, 0.999924898147583, 0.9999428987503052, 0.9999871253967285, 0.9999923706054688, 0.9999974966049194]",License Plate,51A05227,Vietnam,1.0,lp_train_508
667,"[1, 86, 2, 71]","[0.9998506307601929, 0.9998724460601807, 0.9989150762557983, 0.9997804760932922, 0.9996280670166016, 0.9972587823867798, 0.9996974468231201, 0.9999505281448364, 0.9996452331542969, 0.9999837875366211]",License Plate,51M21719,Vietnam,0.9999874830245972,lp_train_6439
668,NA,NA,NA,NA,NA,NA,lp_train_6492
669,"[0, 99, 1, 28]","[0.986956000328064, 0.9998719692230225, 0.9994218349456787, 0.9998437166213989, 0.9994680285453796, 0.999772846698761, 0.9999767541885376, 0.9998611211776733, 0.9999992847442627, 0.9999997615814209]",License Plate,51F24403,Vietnam,1.0,lp_train_1585
670,"[14, 373, 0, 83]","[0.9998754262924194, 0.9961315393447876, 0.9962077140808105, 0.9996922016143799, 0.9998290538787842, 0.9952837824821472, 0.9998030066490173, 0.999983549118042, 0.9999991655349731, 0.9999991655349731]",License Plate,J98257,New Zealand,0.7145928740501404,lp_train_3966
671,"[0, 91, 1, 23]","[0.9942126870155334, 0.9998574256896973, 0.9990215301513672, 0.9998593330383301, 0.9992942810058594, 0.9997768998146057, 0.9999663829803467, 0.9997926354408264, 0.9999996423721313, 0.9999998807907104]",License Plate,51F24403,Vietnam,1.0,lp_train_1506
672,NA,NA,NA,NA,NA,NA,lp_train_5969
673,NA,NA,NA,NA,NA,NA,lp_train_3972
674,"[94, 1153, 27, 542]","[0.9998533725738525, 0.9999082088470459, 0.9999212026596069, 0.999764621257782, 0.9997467398643494, 0.9999415874481201, 0.9998946189880371, 0.9999696016311646, 0.9999890327453613, 0.9999902248382568]",License Plate,HAK856B,Mexico,0.9999885559082031,lp_train_4147
675,NA,NA,NA,NA,NA,NA,lp_train_3891
676,"[3, 84, 12, 70]","[0.9995423555374146, 0.999846339225769, 0.9993802309036255, 0.9941956400871277, 0.9997472167015076, 0.9999270439147949, 0.9998396635055542, 0.9975368976593018, 0.8917050361633301, 0.9998360872268677]",License Plate,59T160811,Vietnam,0.9999996423721313,lp_train_6346
677,"[2, 130, 4, 46]","[0.9998399019241333, 0.9999345541000366, 0.999776303768158, 0.999950647354126, 0.9997825026512146, 0.9999483823776245, 0.9999064207077026, 0.9998869895935059, 0.999998927116394, 0.9999997615814209]",License Plate,51G25181,Vietnam,0.9999998807907104,lp_train_2022
678,NA,NA,NA,NA,NA,NA,lp_train_6094
679,"[1, 105, 0, 30]","[0.9986681938171387, 0.9999275207519531, 0.9994915723800659, 0.9998471736907959, 0.9995563626289368, 0.9998644590377808, 0.9998747110366821, 0.999920129776001, 0.9999760389328003, 0.9999923706054688]",License Plate,51F44614,Vietnam,1.0,lp_train_1729
680,"[0, 94, 2, 78]","[0.9998173117637634, 0.9998829364776611, 0.9999338388442993, 0.9999415874481201, 0.9999806880950928, 0.9999485015869141, 0.9999135732650757, 0.9998698234558105, 0.9998804330825806, 0.9999425411224365]",License Plate,59D106399,Vietnam,0.9999984502792358,lp_train_5590
681,"[0, 98, 6, 56]","[0.9997957348823547, 0.9998793601989746, 0.9998223185539246, 0.9999287128448486, 0.9995508790016174, 0.9998952150344849, 0.9995334148406982, 0.9998296499252319, 0.9999048709869385, 0.9999953508377075]",License Plate,51F64619,Vietnam,1.0,lp_train_3005
682,NA,NA,NA,NA,NA,NA,lp_train_4372
683,NA,NA,NA,NA,NA,NA,lp_train_6114
684,NA,NA,NA,NA,NA,NA,lp_train_4038
685,NA,NA,NA,NA,NA,NA,lp_train_6220
686,"[1, 94, 0, 25]","[0.9998989105224609, 0.9998761415481567, 0.9995993971824646, 0.9997976422309875, 0.9994267225265503, 0.9998528957366943, 0.9998829364776611, 0.999795138835907, 0.9999951124191284, 0.9999979734420776]",License Plate,51F74776,Vietnam,0.9999998807907104,lp_train_1407
687,NA,NA,NA,NA,NA,NA,lp_train_4849
688,"[31, 105, 28, 49]","[0.37313395738601685, 0.6607598662376404, 0.6922069787979126, 0.7587971091270447, 0.8185539245605469, 0.8905103206634521, 0.9296198487281799, 0.9731185436248779, 0.990369975566864, 0.9930828809738159]",License Plate,,Unknown,0.7860229015350342,lp_train_4849
689,NA,NA,NA,NA,NA,NA,lp_train_2735
690,NA,NA,NA,NA,NA,NA,lp_train_6723
691,NA,NA,NA,NA,NA,NA,lp_train_3601
692,NA,NA,NA,NA,NA,NA,lp_train_6421
693,"[7, 77, 7, 62]","[0.9997294545173645, 0.9999387264251709, 0.9905771017074585, 0.9967875480651855, 0.9998902082443237, 0.9998579025268555, 0.9999786615371704, 0.9982037544250488, 0.9999288320541382, 0.9999446868896484]",License Plate,59M175012,Vietnam,0.9999964237213135,lp_train_5660
694,NA,NA,NA,NA,NA,NA,lp_train_6827
695,"[1, 52, 1, 18]","[0.9540866017341614, 0.9991955161094666, 0.9999533891677856, 0.9999141693115234, 0.9992579817771912, 0.9981812238693237, 0.999887228012085, 0.9999781847000122, 0.9999951124191284, 0.9999980926513672]",License Plate,5ZY6490,Brazil,0.9507495760917664,lp_train_2912
696,NA,NA,NA,NA,NA,NA,lp_train_124
697,NA,NA,NA,NA,NA,NA,lp_train_124
698,"[5, 81, 10, 66]","[0.9976304769515991, 0.9997972846031189, 0.9998689889907837, 0.980243444442749, 0.9997527003288269, 0.9999418258666992, 0.9998238682746887, 0.9977231621742249, 0.999817430973053, 0.9999475479125977]",License Plate,59F170424,Vietnam,0.9999997615814209,lp_train_6719
699,"[6, 111, 8, 53]","[0.9998781681060791, 0.9998053908348083, 0.9999479055404663, 0.9998874664306641, 0.9996596574783325, 0.9997918009757996, 0.9994970560073853, 0.9999816417694092, 0.9999958276748657, 0.9999985694885254]",License Plate,30N4616,Vietnam,0.9997827410697937,lp_train_2596
700,"[10, 95, 15, 69]","[0.9510837197303772, 0.6381368637084961, 0.2124277800321579, 0.9235808849334717, 0.9748576283454895, 0.9262334108352661, 0.6831230521202087, 0.9969968795776367, 0.9994584918022156, 0.9995740056037903]",License Plate,4AA3022,United States,0.9995198249816895,lp_train_4884
701,"[9, 115, 9, 64]","[0.7297165393829346, 0.8591797351837158, 0.2599317729473114, 0.9193404316902161, 0.9364275336265564, 0.8961281180381775, 0.6314505338668823, 0.997498095035553, 0.9987348914146423, 0.9987927675247192]",License Plate,4A33022,United States,0.9951241612434387,lp_train_4884
702,"[7, 63, 12, 40]","[0.7472475171089172, 0.18873760104179382, 0.5726779103279114, 0.45407697558403015, 0.4928728938102722, 0.8786064982414246, 0.7633385062217712, 0.9893407225608826, 0.9953418970108032, 0.9958015084266663]",License Plate,4A3322,United States,0.9609904885292053,lp_train_4884
703,"[3, 91, 5, 32]","[0.9995560050010681, 0.9999504089355469, 0.9999954700469971, 0.9999557733535767, 0.9998821020126343, 0.999955415725708, 0.9999514818191528, 0.9999599456787109, 0.9999934434890747, 0.9999986886978149]",License Plate,51A89714,Vietnam,0.9999992847442627,lp_train_1378
704,"[1, 98, 2, 28]","[0.9998071789741516, 0.9999793767929077, 0.9999969005584717, 0.9999951124191284, 0.9998968839645386, 0.9999189376831055, 0.9999308586120605, 0.9999877214431763, 0.9999784231185913, 0.9999932050704956]",License Plate,51A05227,Vietnam,1.0,lp_train_429
705,"[2, 106, 7, 39]","[0.9998210072517395, 0.9998776912689209, 0.9997197985649109, 0.9999579191207886, 0.9999864101409912, 0.9999929666519165, 0.9999948740005493, 0.9999961853027344, 0.9999974966049194, 0.9999983310699463]",License Plate,V12,Estonia,0.9725807309150696,lp_train_4729
706,"[2, 77, 0, 22]","[0.9998338222503662, 0.9998544454574585, 0.9990715980529785, 0.9998828172683716, 0.9997188448905945, 0.9997192025184631, 0.9946951270103455, 0.9998729228973389, 0.999049723148346, 0.9998981952667236]",License Plate,60LD4379,Vietnam,0.9772769212722778,lp_train_1799
707,"[7, 41, 7, 25]","[0.5763190388679504, 0.800206184387207, 0.7497038841247559, 0.8474395871162415, 0.9834970235824585, 0.9454382658004761, 0.93548184633255, 0.9998247027397156, 0.9999667406082153, 0.999988317489624]",License Plate,CZ70ZEV,United Kingdom,0.9998760223388672,lp_train_4645
708,"[4, 96, 6, 53]","[0.9998424053192139, 0.9999376535415649, 0.9995786547660828, 0.9999762773513794, 0.9995787739753723, 0.9992377758026123, 0.9998288154602051, 0.998938262462616, 0.9999971389770508, 0.9999992847442627]",License Plate,51F15585,Vietnam,1.0,lp_train_3306
709,NA,NA,NA,NA,NA,NA,lp_train_5196
710,NA,NA,NA,NA,NA,NA,lp_train_3346
711,"[2, 130, 1, 65]","[0.9999823570251465, 0.9518678784370422, 0.9999799728393555, 0.9994483590126038, 0.6330388188362122, 0.5972071290016174, 0.9989421963691711, 0.9999904632568359, 0.9999984502792358, 0.9999990463256836]",License Plate,LOLNOOB,United States,0.9765474200248718,lp_train_4599
712,"[2, 98, 0, 24]","[0.9997730851173401, 0.9998432397842407, 0.9998959302902222, 0.999901294708252, 0.9992963075637817, 0.9993663430213928, 0.9999477863311768, 0.9999555349349976, 0.9999971389770508, 0.9999984502792358]",License Plate,52Y6490,Vietnam,0.9999127388000488,lp_train_1872
713,NA,NA,NA,NA,NA,NA,lp_train_014
714,NA,NA,NA,NA,NA,NA,lp_train_014
715,"[0, 134, 0, 28]","[0.8891029357910156, 0.999626636505127, 0.9993250370025635, 0.9999834299087524, 0.9995728135108948, 0.9999033212661743, 0.9998825788497925, 0.99992835521698, 0.9999836683273315, 0.9999980926513672]",License Plate,51F07973,Vietnam,0.9999995231628418,lp_train_2520
716,"[2, 94, 5, 27]","[0.9996640682220459, 0.999945878982544, 0.9997155070304871, 0.9999885559082031, 0.9997889399528503, 0.9998296499252319, 0.9998694658279419, 0.9998646974563599, 0.9999990463256836, 0.9999996423721313]",License Plate,51F06948,Vietnam,1.0,lp_train_1638
717,"[5, 119, 5, 50]","[0.994520366191864, 0.9994951486587524, 0.9998908042907715, 0.9998792409896851, 0.9998977184295654, 0.9999431371688843, 0.9999794960021973, 0.9999990463256836, 0.9999995231628418, 0.9999997615814209]",License Plate,NSX764,Sweden,0.9998142123222351,lp_train_083
718,"[4, 79, 12, 69]","[0.9975582361221313, 0.9997910857200623, 0.9970009922981262, 0.9379881620407104, 0.9989708662033081, 0.9994199275970459, 0.9998223185539246, 0.9989277720451355, 0.9998654127120972, 0.9998778104782104]",License Plate,59S155483,Vietnam,0.9999984502792358,lp_train_6671
719,"[32, 958, 51, 508]","[0.9999076128005981, 0.9999637603759766, 0.9999394416809082, 0.9994348883628845, 0.9999706745147705, 0.999225378036499, 0.9998348951339722, 0.9999117851257324, 0.9999635219573975, 0.9999853372573853]",License Plate,VANDAMN,United States,0.9314594268798828,lp_train_4749
720,"[0, 40, 0, 11]","[0.15718010067939758, 0.3973231911659241, 0.8299965858459473, 0.939143180847168, 0.8393562436103821, 0.8966296911239624, 0.9641340374946594, 0.9904480576515198, 0.9995181560516357, 0.9998985528945923]",License Plate,EF44814,Switzerland,0.4474121034145355,lp_train_3623
721,"[0, 107, 0, 30]","[0.9852423071861267, 0.9999632835388184, 0.9999954700469971, 0.9999899864196777, 0.9998661279678345, 0.9999369382858276, 0.9998999834060669, 0.999840497970581, 0.9999657869338989, 0.9999889135360718]",License Plate,60A03868,Vietnam,1.0,lp_train_821
722,NA,NA,NA,NA,NA,NA,lp_train_1732
723,"[2, 134, 7, 53]","[0.9998257756233215, 0.9999282360076904, 0.9997575879096985, 0.9998830556869507, 0.9999326467514038, 0.9998595714569092, 0.9998855590820312, 0.999935507774353, 0.9999983310699463, 0.9999996423721313]",License Plate,51F59881,Vietnam,1.0,lp_train_2029
724,NA,NA,NA,NA,NA,NA,lp_train_5689
725,NA,NA,NA,NA,NA,NA,lp_train_5598
726,"[4, 100, 2, 26]","[0.9986987113952637, 0.9999834299087524, 0.9999949932098389, 0.999931812286377, 0.9999088048934937, 0.9994296431541443, 0.999929666519165, 0.9999617338180542, 0.9999969005584717, 0.9999986886978149]",License Plate,51A77529,Vietnam,0.9999998807907104,lp_train_2084
727,"[1, 94, 2, 38]","[0.9998301267623901, 0.9999651908874512, 0.9999947547912598, 0.9999595880508423, 0.9997867941856384, 0.9999339580535889, 0.9999693632125854, 0.9999730587005615, 0.9999988079071045, 0.9999994039535522]",License Plate,51A65474,Vietnam,0.9999997615814209,lp_train_2563
728,"[3, 143, 0, 100]","[0.9998365640640259, 0.999860405921936, 0.9995927214622498, 0.9956249594688416, 0.9998249411582947, 0.9998663663864136, 0.9998196959495544, 0.9996041655540466, 0.9998233914375305, 0.9998873472213745]",License Plate,83N11231,Vietnam,0.9999959468841553,lp_train_7004
729,"[0, 81, 2, 69]","[0.9988405108451843, 0.9999188184738159, 0.9998308420181274, 0.9999799728393555, 0.9999220371246338, 0.9997597336769104, 0.9995193481445312, 0.9998703002929688, 0.9998437166213989, 0.9999213218688965]",License Plate,82H108866,Vietnam,0.9999902248382568,lp_train_6761
730,NA,NA,NA,NA,NA,NA,lp_train_2362
731,NA,NA,NA,NA,NA,NA,lp_train_3645
732,"[10, 94, 6, 35]","[0.9999425411224365, 0.9998807907104492, 0.9999967813491821, 0.9999427795410156, 0.9999630451202393, 0.9999346733093262, 0.9999293088912964, 0.9999481439590454, 0.9999977350234985, 0.9999996423721313]",License Plate,29A51796,Vietnam,1.0,lp_train_3231
733,NA,NA,NA,NA,NA,NA,lp_train_4297
734,NA,NA,NA,NA,NA,NA,lp_train_4278
735,"[8, 117, 0, 42]","[0.9999055862426758, 0.9998674392700195, 0.9998043179512024, 0.999884843826294, 0.9999237060546875, 0.9999747276306152, 0.9998283386230469, 0.9997971653938293, 0.999984860420227, 0.9999973773956299]",License Plate,51F59011,Vietnam,1.0,lp_train_3153
736,"[1, 92, 1, 26]","[0.9997226595878601, 0.9999213218688965, 0.9997178912162781, 0.9997305274009705, 0.9996539354324341, 0.9998786449432373, 0.9999045133590698, 0.9998279809951782, 0.9998887777328491, 0.999962568283081]",License Plate,60LD00584,Vietnam,0.9999971389770508,lp_train_957
737,"[3, 90, 8, 77]","[0.9998507499694824, 0.9998424053192139, 0.9975812435150146, 0.998088538646698, 0.9997451901435852, 0.9997977614402771, 0.9994277358055115, 0.9998053908348083, 0.9999340772628784, 0.9999871253967285]",License Plate,59U148850,Vietnam,1.0,lp_train_5405
738,"[1, 89, 1, 25]","[0.9999250173568726, 0.9998735189437866, 0.9999725818634033, 0.9998409748077393, 0.9999592304229736, 0.9999210834503174, 0.9997112154960632, 0.9999628067016602, 0.9999963045120239, 0.9999967813491821]",License Plate,56N7186,Vietnam,0.9999992847442627,lp_train_1527
739,"[9, 80, 10, 69]","[0.9999228715896606, 0.9999039173126221, 0.9999464750289917, 0.9997977614402771, 0.9999324083328247, 0.9998880624771118, 0.9997782111167908, 0.999953031539917, 0.9997192025184631, 0.9999513626098633]",License Plate,64K47483,Vietnam,0.9999920129776001,lp_train_6527
740,NA,NA,NA,NA,NA,NA,lp_train_5023
741,"[2, 79, 4, 23]","[0.9999126195907593, 0.9999462366104126, 0.9998171925544739, 0.9999167919158936, 0.9997255206108093, 0.999828577041626, 0.9997848868370056, 0.9997945427894592, 0.9999732971191406, 0.9999904632568359]",License Plate,30E00090,Vietnam,0.9999994039535522,lp_train_978
742,"[0, 85, 3, 29]","[0.999919056892395, 0.9998661279678345, 0.9996267557144165, 0.9999315738677979, 0.9998459815979004, 0.9998480081558228, 0.9997701048851013, 0.9999381303787231, 0.9999970197677612, 0.9999985694885254]",License Plate,51F61712,Vietnam,0.9999998807907104,lp_train_860
743,"[15, 95, 0, 25]","[0.9912149906158447, 0.9944577217102051, 0.9903934597969055, 0.9956696033477783, 0.972293496131897, 0.9923957586288452, 0.9464308023452759, 0.9977684020996094, 0.9997298121452332, 0.9996787309646606]",License Plate,G01177,Spain,0.6792300939559937,lp_train_945
744,"[5, 79, 7, 71]","[0.9997668862342834, 0.9999313354492188, 0.9996352195739746, 0.9999595880508423, 0.9996731281280518, 0.9997207522392273, 0.689889669418335, 0.9996559619903564, 0.9999731779098511, 0.9999345541000366]",License Plate,59T156750,Vietnam,1.0,lp_train_6537
745,"[4, 82, 2, 24]","[0.9987201690673828, 0.9999361038208008, 0.9999938011169434, 0.9999592304229736, 0.9999154806137085, 0.9999608993530273, 0.9999624490737915, 0.9988239407539368, 0.9999955892562866, 0.9999984502792358]",License Plate,51A96141,Vietnam,0.9999998807907104,lp_train_1754
746,"[1, 52, 1, 11]","[0.20641210675239563, 0.8932543396949768, 0.5523640513420105, 0.34589704871177673, 0.4562382400035858, 0.7445175647735596, 0.2788825035095215, 0.8497784733772278, 0.9991864562034607, 0.9996155500411987]",License Plate,BFU86DB,Romania,0.38945791125297546,lp_train_2945
747,"[3, 123, 4, 39]","[0.9999213218688965, 0.9999779462814331, 0.9999963045120239, 0.9999558925628662, 0.9999077320098877, 0.9999221563339233, 0.9999488592147827, 0.9999707937240601, 0.9999939203262329, 0.9999988079071045]",License Plate,51A77529,Vietnam,0.9999998807907104,lp_train_2021
748,"[1, 117, 0, 28]","[0.999800980091095, 0.9999345541000366, 0.9998769760131836, 0.9998261332511902, 0.9998435974121094, 0.9990480542182922, 0.9936000108718872, 0.9996670484542847, 0.9994920492172241, 0.9999680519104004]",License Plate,41501NG08,Vietnam,0.999963641166687,lp_train_4318
749,NA,NA,NA,NA,NA,NA,lp_train_5132
750,"[0, 92, 0, 25]","[0.999213695526123, 0.9999467134475708, 0.9999927282333374, 0.9999399185180664, 0.9999749660491943, 0.9998434782028198, 0.9998619556427002, 0.9998830556869507, 0.999981164932251, 0.9999955892562866]",License Plate,51A60216,Vietnam,0.9999943971633911,lp_train_1672
751,"[26, 101, 1, 25]","[0.9996510744094849, 0.9990628361701965, 0.9998353719711304, 0.9995712637901306, 0.9992687106132507, 0.9995263814926147, 0.9987081289291382, 0.9998906850814819, 0.9999799728393555, 0.9999198913574219]",License Plate,F88270,Norway,0.6300774812698364,lp_train_758
752,NA,NA,NA,NA,NA,NA,lp_train_3393
753,"[1, 90, 0, 45]","[0.9986590147018433, 0.9999585151672363, 0.9998714923858643, 0.99994957447052, 0.9998593330383301, 0.9999220371246338, 0.999852180480957, 0.9999339580535889, 0.9999598264694214, 0.9999896287918091]",License Plate,51F88270,Vietnam,1.0,lp_train_2948
754,"[12, 92, 10, 78]","[0.9998192191123962, 0.9998623132705688, 0.9996405839920044, 0.9998308420181274, 0.9999603033065796, 0.9998351335525513, 0.9999349117279053, 0.9998815059661865, 0.9999657869338989, 0.999964714050293]",License Plate,59T131340,Vietnam,0.9999996423721313,lp_train_5374
755,NA,NA,NA,NA,NA,NA,lp_train_6497
756,"[10, 87, 10, 75]","[0.9997963309288025, 0.9999327659606934, 0.9998270869255066, 0.9998577833175659, 0.9992939233779907, 0.9998658895492554, 0.9998961687088013, 0.9998138546943665, 0.9997454285621643, 0.9999682903289795]",License Plate,59H119466,Vietnam,0.9999990463256836,lp_train_6751
757,"[1, 151, 5, 110]","[0.9590817093849182, 0.9998014569282532, 0.999812662601471, 0.9993107318878174, 0.9998064637184143, 0.9998026490211487, 0.9998871088027954, 0.9972338080406189, 0.999874472618103, 0.999891996383667]",License Plate,83P154417,Vietnam,0.999997615814209,lp_train_6931
758,"[8, 95, 6, 79]","[0.9995856881141663, 0.9999263286590576, 0.9998918771743774, 0.9997978806495667, 0.9997281432151794, 0.9997376799583435, 0.999854326248169, 0.9997631907463074, 0.9996637105941772, 0.9998934268951416]",License Plate,59S245275,Vietnam,0.9999988079071045,lp_train_5451
759,"[0, 148, 0, 40]","[0.21688291430473328, 0.996684730052948, 0.9997674822807312, 0.9995635151863098, 0.9997254014015198, 0.9990181922912598, 0.9950300455093384, 0.999574601650238, 0.9992600083351135, 0.9999446868896484]",License Plate,31501NG08,Vietnam,0.9981308579444885,lp_train_4229
760,"[0, 95, 2, 28]","[0.9998997449874878, 0.9998303651809692, 0.9999897480010986, 0.9999829530715942, 0.9996108412742615, 0.9995331764221191, 0.9998846054077148, 0.9998950958251953, 0.999998927116394, 0.9999997615814209]",License Plate,62A05516,Vietnam,1.0,lp_train_1523
761,"[4, 51, 3, 33]","[0.9998102784156799, 0.999848484992981, 0.9998146891593933, 0.9984554052352905, 0.9983158111572266, 0.998715877532959, 0.9998477697372437, 0.9984180927276611, 0.9992651343345642, 0.9998829364776611]",License Plate,94H41831,Vietnam,0.9999227523803711,lp_train_6318
762,NA,NA,NA,NA,NA,NA,lp_train_5177
763,NA,NA,NA,NA,NA,NA,lp_train_5919
764,NA,NA,NA,NA,NA,NA,lp_train_6116
765,"[6, 106, 6, 34]","[0.999909520149231, 0.9999762773513794, 0.9999904632568359, 0.9998881816864014, 0.9998476505279541, 0.9999254941940308, 0.9998421669006348, 0.9999233484268188, 0.9999979734420776, 0.9999995231628418]",License Plate,51A55433,Vietnam,1.0,lp_train_1053
766,"[1, 92, 1, 39]","[0.9998914003372192, 0.9999265670776367, 0.9997546076774597, 0.9999231100082397, 0.9997798800468445, 0.9998555183410645, 0.9998912811279297, 0.999901294708252, 0.999997615814209, 0.9999991655349731]",License Plate,51F22261,Vietnam,1.0,lp_train_3101
767,"[0, 106, 1, 34]","[0.9997735619544983, 0.9999457597732544, 0.9998093247413635, 0.9999207258224487, 0.9999345541000366, 0.9998248219490051, 0.9997839331626892, 0.9998607635498047, 0.9999949932098389, 0.9999979734420776]",License Plate,51G51332,Vietnam,1.0,lp_train_961
768,NA,NA,NA,NA,NA,NA,lp_train_4365
769,NA,NA,NA,NA,NA,NA,lp_train_4356
770,NA,NA,NA,NA,NA,NA,lp_train_4614
771,NA,NA,NA,NA,NA,NA,lp_train_3563
772,"[7, 120, 3, 59]","[0.9999464750289917, 0.9996675252914429, 0.9990488886833191, 0.9998915195465088, 0.9994415640830994, 0.9997944235801697, 0.9997749924659729, 0.9999713897705078, 0.9999951124191284, 0.9999978542327881]",License Plate,BSMART2,United States,0.9953709244728088,lp_train_3983
773,"[3, 85, 2, 52]","[0.9982299208641052, 0.9997053742408752, 0.9998584985733032, 0.9997897744178772, 0.9993255138397217, 0.9993658661842346, 0.9257292151451111, 0.9993370175361633, 0.9998527765274048, 0.9999387264251709]",License Plate,CAL253DU,Brazil,0.7978610992431641,lp_train_4719
774,"[0, 107, 0, 28]","[0.9998120665550232, 0.9999455213546753, 0.999786913394928, 0.999911904335022, 0.9998342990875244, 0.9999041557312012, 0.9998064637184143, 0.999862551689148, 0.9999979734420776, 0.9999994039535522]",License Plate,51G31691,Vietnam,1.0,lp_train_2113
775,NA,NA,NA,NA,NA,NA,lp_train_5041
776,"[4, 106, 4, 34]","[0.9998377561569214, 0.9999350309371948, 0.9997668862342834, 0.999987006187439, 0.9997031092643738, 0.9999502897262573, 0.9999003410339355, 0.9999566078186035, 0.9999808073043823, 0.9999926090240479]",License Plate,51F07973,Vietnam,1.0,lp_train_3015
777,NA,NA,NA,NA,NA,NA,lp_train_3852
778,"[4, 55, 4, 27]","[0.9141994118690491, 0.9988778233528137, 0.9989429116249084, 0.9964436888694763, 0.9897946715354919, 0.5451751351356506, 0.9985049962997437, 0.9994404911994934, 0.9999068975448608, 0.999817430973053]",License Plate,8726P8,New Zealand,0.9640979766845703,lp_train_4883
779,"[1, 55, 1, 25]","[0.9898937344551086, 0.996711015701294, 0.9973793029785156, 0.9950372576713562, 0.9936975836753845, 0.5456385016441345, 0.997769832611084, 0.999683141708374, 0.9999241828918457, 0.9998377561569214]",License Plate,8726P8,New Zealand,0.9543640613555908,lp_train_4883
780,NA,NA,NA,NA,NA,NA,lp_train_5002
781,"[4, 103, 6, 57]","[0.9996588230133057, 0.9998658895492554, 0.9977195858955383, 0.9997875094413757, 0.9997416138648987, 0.99993896484375, 0.9998387098312378, 0.9998370409011841, 0.9999865293502808, 0.9999961853027344]",License Plate,51G42971,Vietnam,0.9999406337738037,lp_train_2821
782,"[0, 46, 2, 13]","[0.5570449829101562, 0.9229879975318909, 0.9295479655265808, 0.8750525116920471, 0.43492886424064636, 0.8220663070678711, 0.5764559507369995, 0.6371594667434692, 0.9988846182823181, 0.9997232556343079]",License Plate,1A45572,Vietnam,0.41681885719299316,lp_train_3071
783,NA,NA,NA,NA,NA,NA,lp_train_901
784,"[8, 101, 13, 85]","[0.999747097492218, 0.9999465942382812, 0.9999827146530151, 0.9998119473457336, 0.9999746084213257, 0.999868631362915, 0.9998741149902344, 0.9998432397842407, 0.9993094205856323, 0.9999600648880005]",License Plate,59C106231,Vietnam,0.999997615814209,lp_train_5323
785,"[3, 91, 2, 26]","[0.9998847246170044, 0.9998753070831299, 0.9997170567512512, 0.999911904335022, 0.9998939037322998, 0.9998624324798584, 0.9998799562454224, 0.9998832941055298, 0.9999971389770508, 0.999998927116394]",License Plate,51G31691,Vietnam,0.9999983310699463,lp_train_1011
786,NA,NA,NA,NA,NA,NA,lp_train_3968
787,"[0, 100, 0, 32]","[0.9998530149459839, 0.9998971223831177, 0.9997937083244324, 0.9999345541000366, 0.9999282360076904, 0.9999408721923828, 0.9997616410255432, 0.999887228012085, 0.9999881982803345, 0.999997615814209]",License Plate,51G48154,Vietnam,0.9999997615814209,lp_train_1783
788,"[3, 80, 8, 69]","[0.9998083710670471, 0.9996495246887207, 0.9999521970748901, 0.9968221187591553, 0.9995717406272888, 0.996912956237793, 0.9998931884765625, 0.9996210336685181, 0.9999028444290161, 0.999968409538269]",License Plate,59G161590,Vietnam,0.9999978542327881,lp_train_5682
789,NA,NA,NA,NA,NA,NA,lp_train_1418
790,"[2, 122, 0, 25]","[0.9987776875495911, 0.9999055862426758, 0.999444305896759, 0.9997931122779846, 0.9993517994880676, 0.9998261332511902, 0.9998449087142944, 0.9998910427093506, 0.9999054670333862, 0.9999942779541016]",License Plate,51F44614,Vietnam,1.0,lp_train_2533
791,NA,NA,NA,NA,NA,NA,lp_train_3663
792,NA,NA,NA,NA,NA,NA,lp_train_4339
793,NA,NA,NA,NA,NA,NA,lp_train_4029
794,NA,NA,NA,NA,NA,NA,lp_train_5281
795,"[3, 113, 3, 34]","[0.999862790107727, 0.9999507665634155, 0.999742329120636, 0.9998670816421509, 0.9997848868370056, 0.999950647354126, 0.9998695850372314, 0.9999563694000244, 0.9999948740005493, 0.9999972581863403]",License Plate,51F22029,Vietnam,0.9999998807907104,lp_train_504
796,NA,NA,NA,NA,NA,NA,lp_train_6885
797,"[6, 111, 2, 37]","[0.9998526573181152, 0.9999277591705322, 0.9997535347938538, 0.9999552965164185, 0.9999537467956543, 0.9998480081558228, 0.9999048709869385, 0.9998327493667603, 0.9999558925628662, 0.9999945163726807]",License Plate,51G51936,Vietnam,0.9999996423721313,lp_train_3318
798,NA,NA,NA,NA,NA,NA,lp_train_6300
799,"[11, 134, 19, 75]","[0.9998915195465088, 0.999022364616394, 0.9991264939308167, 0.9995243549346924, 0.9998750686645508, 0.9998182654380798, 0.9999914169311523, 0.9999966621398926, 0.9999974966049194, 0.9999974966049194]",License Plate,168AL,Australia,0.9872023463249207,lp_train_4935
800,NA,NA,NA,NA,NA,NA,lp_train_4037
801,"[5, 59, 2, 17]","[0.9992232322692871, 0.9997983574867249, 0.9998883008956909, 0.9997404217720032, 0.9970617890357971, 0.9969907999038696, 0.9971181154251099, 0.9976716637611389, 0.9970036149024963, 0.9998941421508789]",License Plate,80376NG16,Vietnam,0.9987505674362183,lp_train_4231
802,NA,NA,NA,NA,NA,NA,lp_train_4231
803,NA,NA,NA,NA,NA,NA,lp_train_3942
804,"[1, 41, 1, 10]","[0.3406849205493927, 0.3374144434928894, 0.27168816328048706, 0.7652900218963623, 0.7250383496284485, 0.4656180441379547, 0.4300908148288727, 0.4378221333026886, 0.9901464581489563, 0.9973284006118774]",License Plate,TB81292,Albania,0.23667055368423462,lp_train_3353
805,NA,NA,NA,NA,NA,NA,lp_train_6707
806,NA,NA,NA,NA,NA,NA,lp_train_5053
807,"[4, 66, 5, 53]","[0.9987768530845642, 0.9656106233596802, 0.9991138577461243, 0.9997918009757996, 0.99974125623703, 0.9997005462646484, 0.999980092048645, 0.9996792078018188, 0.9998924732208252, 0.9999549388885498]",License Plate,59P186084,Vietnam,1.0,lp_train_6800
808,"[1, 99, 6, 31]","[0.9998372793197632, 0.9999847412109375, 0.9999971389770508, 0.9999809265136719, 0.999872088432312, 0.9997798800468445, 0.999901294708252, 0.9998358488082886, 0.9999985694885254, 0.9999997615814209]",License Plate,51A16598,Vietnam,0.999998927116394,lp_train_2865
809,"[0, 97, 7, 62]","[0.9998399019241333, 0.9999102354049683, 0.999990701675415, 0.9999631643295288, 0.9999213218688965, 0.999893069267273, 0.9999504089355469, 0.9999219179153442, 0.9999982118606567, 0.9999996423721313]",License Plate,51A69172,Vietnam,0.9999998807907104,lp_train_2827
810,NA,NA,NA,NA,NA,NA,lp_train_6248
811,"[0, 71, 0, 19]","[0.9992208480834961, 0.9998694658279419, 0.9994843006134033, 0.999981164932251, 0.9999673366546631, 0.9999551773071289, 0.9998140931129456, 0.9998719692230225, 0.9999911785125732, 0.9999967813491821]",License Plate,51G10096,Vietnam,0.9999998807907104,lp_train_1797
812,NA,NA,NA,NA,NA,NA,lp_train_5054
813,"[1, 68, 2, 31]","[0.9999366998672485, 0.999661922454834, 0.9999523162841797, 0.9997922778129578, 0.9999203681945801, 0.9999427795410156, 0.9999270439147949, 0.9999985694885254, 0.9999995231628418, 0.9999995231628418]",License Plate,HF3461,Latvia,0.9999829530715942,lp_train_4067
814,"[0, 78, 2, 63]","[0.9997027516365051, 0.9999158382415771, 0.9998464584350586, 0.9997830986976624, 0.999768078327179, 0.9997499585151672, 0.9998757839202881, 0.9998289346694946, 0.9999001026153564, 0.999953031539917]",License Plate,59S236623,Vietnam,0.9999992847442627,lp_train_5206
815,NA,NA,NA,NA,NA,NA,lp_train_6214
816,"[0, 43, 2, 10]","[0.19223013520240784, 0.9668363928794861, 0.3435065448284149, 0.302677720785141, 0.8422755599021912, 0.9361796975135803, 0.3733093738555908, 0.8299232721328735, 0.9943238496780396, 0.9994732737541199]",License Plate,K1FG1712,Vietnam,0.954594612121582,lp_train_3704
817,"[1, 82, 4, 25]","[0.9998970031738281, 0.9998979568481445, 0.9999966621398926, 0.999930739402771, 0.9999629259109497, 0.9999375343322754, 0.999911904335022, 0.9999328851699829, 0.9999982118606567, 0.9999995231628418]",License Plate,29A51796,Vietnam,1.0,lp_train_1038
818,"[5, 89, 11, 74]","[0.9998654127120972, 0.9998243451118469, 0.9997813105583191, 0.9995648264884949, 0.9996322393417358, 0.9999237060546875, 0.9998918771743774, 0.9998188614845276, 0.999933123588562, 0.9999896287918091]",License Plate,54F44078,Vietnam,0.9999908208847046,lp_train_5381
819,"[0, 98, 2, 32]","[0.9999357461929321, 0.9999480247497559, 0.9998106360435486, 0.9999004602432251, 0.9997785687446594, 0.9998334646224976, 0.999871015548706, 0.9999302625656128, 0.9999916553497314, 0.9999979734420776]",License Plate,51G49539,Vietnam,1.0,lp_train_401
820,NA,NA,NA,NA,NA,NA,lp_train_4174
821,"[2, 101, 1, 29]","[0.9998645782470703, 0.9999251365661621, 0.9997902512550354, 0.9999254941940308, 0.9997772574424744, 0.9997654557228088, 0.999848484992981, 0.999901294708252, 0.9999911785125732, 0.9999977350234985]",License Plate,51G49539,Vietnam,1.0,lp_train_576
822,NA,NA,NA,NA,NA,NA,lp_train_4264
823,"[1, 94, 4, 38]","[0.9998739957809448, 0.9995443224906921, 0.9997934699058533, 0.9999611377716064, 0.9999047517776489, 0.9999275207519531, 0.9999654293060303, 0.9998698234558105, 0.9999974966049194, 0.999998927116394]",License Plate,51F78396,Vietnam,1.0,lp_train_1453
824,"[1, 89, 3, 75]","[0.9997250437736511, 0.9999041557312012, 0.9998393058776855, 0.99979168176651, 0.9998406171798706, 0.9996830224990845, 0.9997157454490662, 0.999765932559967, 0.9999486207962036, 0.9999758005142212]",License Plate,59S195382,Vietnam,0.9999973773956299,lp_train_6564
825,NA,NA,NA,NA,NA,NA,lp_train_6945
826,"[0, 87, 6, 84]","[0.9983118772506714, 0.9998705387115479, 0.9999274015426636, 0.9996849298477173, 0.9996094107627869, 0.9999275207519531, 0.9998974800109863, 0.99998939037323, 0.9999929666519165, 0.9999949932098389]",License Plate,V8PTRL,New Zealand,0.7751948237419128,lp_train_4204
827,NA,NA,NA,NA,NA,NA,lp_train_5475
828,NA,NA,NA,NA,NA,NA,lp_train_6217
829,"[2, 37, 2, 14]","[0.9942334294319153, 0.7735499143600464, 0.20091557502746582, 0.8502106666564941, 0.5917844772338867, 0.5435799956321716, 0.6831950545310974, 0.8785730004310608, 0.9828622937202454, 0.9989257454872131]",License Plate,51RU284,Turkey,0.47392013669013977,lp_train_1433
830,NA,NA,NA,NA,NA,NA,lp_train_203
831,NA,NA,NA,NA,NA,NA,lp_train_203
832,"[6, 70, 6, 60]","[0.9998658895492554, 0.9940857887268066, 0.9928681254386902, 0.9991334080696106, 0.9998579025268555, 0.9997343420982361, 0.9997919201850891, 0.9999107122421265, 0.9996446371078491, 0.999968409538269]",License Plate,51U83423,Vietnam,0.9999918937683105,lp_train_6592
833,"[1, 105, 3, 30]","[0.9998321533203125, 0.9999606609344482, 0.99978107213974, 0.9999603033065796, 0.9997835755348206, 0.9998704195022583, 0.9999786615371704, 0.9998818635940552, 0.9999996423721313, 0.9999998807907104]",License Plate,51F82606,Vietnam,0.9999992847442627,lp_train_587
834,"[0, 37, 2, 12]","[0.6322116851806641, 0.9526649117469788, 0.7282097339630127, 0.3064161241054535, 0.3657810688018799, 0.2846708595752716, 0.2739786207675934, 0.7014161348342896, 0.9976791739463806, 0.9990819692611694]",License Plate,IF49D81,Brazil,0.27077317237854004,lp_train_3586
835,"[0, 84, 1, 69]","[0.9998352527618408, 0.9999403953552246, 0.9999055862426758, 0.9998794794082642, 0.9999080896377563, 0.9992146492004395, 0.9999599456787109, 0.9999356269836426, 0.9999116659164429, 0.9999703168869019]",License Plate,59N231428,Vietnam,0.9999997615814209,lp_train_5719
836,NA,NA,NA,NA,NA,NA,lp_train_3497
837,NA,NA,NA,NA,NA,NA,lp_train_1264
838,NA,NA,NA,NA,NA,NA,lp_train_6988
839,NA,NA,NA,NA,NA,NA,lp_train_6273
840,NA,NA,NA,NA,NA,NA,lp_train_4794
841,"[0, 82, 9, 33]","[0.9664495587348938, 0.9999638795852661, 0.9999947547912598, 0.9999202489852905, 0.9998874664306641, 0.9999610185623169, 0.9980261921882629, 0.9999661445617676, 0.999988317489624, 0.9999963045120239]",License Plate,51A72110,Vietnam,0.9999992847442627,lp_train_2629
842,"[0, 46, 2, 10]","[0.402148574590683, 0.4409628212451935, 0.3119502365589142, 0.45481303334236145, 0.9540385603904724, 0.8642014265060425, 0.4049420952796936, 0.7207216024398804, 0.9998366832733154, 0.9999146461486816]",License Plate,B1B8270,Turkey,0.9221343994140625,lp_train_3504
843,NA,NA,NA,NA,NA,NA,lp_train_1272
844,NA,NA,NA,NA,NA,NA,lp_train_239
845,NA,NA,NA,NA,NA,NA,lp_train_3639
846,"[5, 89, 11, 78]","[0.9998544454574585, 0.9999057054519653, 0.999751627445221, 0.9997721314430237, 0.9999474287033081, 0.9998030066490173, 0.9999603033065796, 0.9998137354850769, 0.9997965693473816, 0.9999517202377319]",License Plate,70P15900,Vietnam,0.9999997615814209,lp_train_5379
847,"[0, 110, 0, 39]","[0.255790114402771, 0.9990058541297913, 0.9962975382804871, 0.9998202919960022, 0.999092698097229, 0.9997286200523376, 0.9995324611663818, 0.9812948703765869, 0.9999959468841553, 0.9999996423721313]",License Plate,11F27809,Vietnam,0.9999991655349731,lp_train_2559
848,"[2, 90, 20, 76]","[0.1484396606683731, 0.968332827091217, 0.9986621141433716, 0.9984099864959717, 0.9996515512466431, 0.9996970891952515, 0.9991146922111511, 0.9999676942825317, 0.9999897480010986, 0.9999949932098389]",License Plate,SE05FLR,United Kingdom,0.997000515460968,lp_train_062
849,"[0, 141, 6, 35]","[0.9950981736183167, 0.9999529123306274, 0.999994158744812, 0.999942421913147, 0.9998979568481445, 0.9995599389076233, 0.9998815059661865, 0.9999033212661743, 0.9999895095825195, 0.9999979734420776]",License Plate,51A11122,Vietnam,0.9999995231628418,lp_train_2237
850,"[0, 114, 0, 55]","[0.9999501705169678, 0.9999650716781616, 0.9999682903289795, 0.9999079704284668, 0.9999884366989136, 0.9998941421508789, 0.9999788999557495, 0.99997878074646, 0.9999896287918091, 0.9999927282333374]",License Plate,MYSPACE,United States,0.9936580061912537,lp_train_4696
851,"[0, 87, 4, 77]","[0.9999037981033325, 0.9999209642410278, 0.9999282360076904, 0.9999656677246094, 0.9999172687530518, 0.9999758005142212, 0.9999151229858398, 0.9999256134033203, 0.9999572038650513, 0.9999967813491821]",License Plate,39F15014,Vietnam,0.9999998807907104,lp_train_5404
852,"[12, 88, 8, 72]","[0.9999269247055054, 0.9994277358055115, 0.9999076128005981, 0.9982503056526184, 0.9999192953109741, 0.9998528957366943, 0.9997877478599548, 0.9997863173484802, 0.9998162388801575, 0.9996474981307983]",License Plate,60B849928,Vietnam,0.9999991655349731,lp_train_6704
853,"[0, 77, 0, 42]","[0.9993752837181091, 0.9998569488525391, 0.9999452829360962, 0.9999830722808838, 0.999924898147583, 0.9998984336853027, 0.9999227523803711, 0.999708354473114, 0.9998573064804077, 0.9999841451644897]",License Plate,51A01204,Vietnam,0.9999998807907104,lp_train_2714
854,NA,NA,NA,NA,NA,NA,lp_train_3679
855,"[1, 96, 5, 44]","[0.9999090433120728, 0.9997636675834656, 0.9994581341743469, 0.999916672706604, 0.9998144507408142, 0.9998680353164673, 0.9996212720870972, 0.9999359846115112, 0.9999957084655762, 0.9999973773956299]",License Plate,51F16159,Vietnam,0.9999994039535522,lp_train_3053
856,NA,NA,NA,NA,NA,NA,lp_train_092
857,"[3, 98, 6, 34]","[0.9999233484268188, 0.9999343156814575, 0.9991693496704102, 0.9999369382858276, 0.9999337196350098, 0.9998561143875122, 0.9999097585678101, 0.9997842907905579, 0.999961256980896, 0.9999967813491821]",License Plate,51G39466,Vietnam,0.9999997615814209,lp_train_2814
858,NA,NA,NA,NA,NA,NA,lp_train_4739
859,NA,NA,NA,NA,NA,NA,lp_train_3376
860,NA,NA,NA,NA,NA,NA,lp_train_2671
861,NA,NA,NA,NA,NA,NA,lp_train_1946
862,"[27, 100, 0, 29]","[0.13361801207065582, 0.7675013542175293, 0.9692109227180481, 0.9706277847290039, 0.7653071880340576, 0.7657583951950073, 0.9757103323936462, 0.9924790859222412, 0.9970967769622803, 0.994929313659668]",License Plate,L06642,Norway,0.9979934692382812,lp_train_1080
863,"[0, 364, 0, 135]","[0.9991999268531799, 0.9986907839775085, 0.9993347525596619, 0.9979041814804077, 0.9946272969245911, 0.9994632601737976, 0.999778687953949, 0.9999899864196777, 0.9999942779541016, 0.9999936819076538]",License Plate,284FH8,United States,0.971164345741272,lp_train_274
864,NA,NA,NA,NA,NA,NA,lp_train_5497
865,NA,NA,NA,NA,NA,NA,lp_train_6285
866,"[1, 92, 0, 27]","[0.98785001039505, 0.9999111890792847, 0.999990701675415, 0.9999487400054932, 0.9998745918273926, 0.9999159574508667, 0.9998705387115479, 0.9998260140419006, 0.9999740123748779, 0.9999895095825195]",License Plate,51A69172,Vietnam,0.9999998807907104,lp_train_1238
867,"[2, 95, 4, 49]","[0.9997169375419617, 0.9988723397254944, 0.9987615346908569, 0.41881680488586426, 0.9999003410339355, 0.9999711513519287, 0.9999955892562866, 0.999998927116394, 0.9999992847442627, 0.9999995231628418]",License Plate,UIDD,United States,0.9961896538734436,lp_train_4821
868,"[0, 77, 4, 27]","[0.9993770718574524, 0.9999574422836304, 0.999796450138092, 0.9999699592590332, 0.9996504783630371, 0.9998776912689209, 0.9999701976776123, 0.9998905658721924, 0.9999992847442627, 0.9999997615814209]",License Plate,51F82606,Vietnam,1.0,lp_train_1213
869,"[6, 105, 0, 35]","[0.9998175501823425, 0.9999730587005615, 0.9999954700469971, 0.999993085861206, 0.9999629259109497, 0.9999426603317261, 0.9999914169311523, 0.9999828338623047, 0.9999921321868896, 0.9999982118606567]",License Plate,51A01204,Vietnam,1.0,lp_train_2092
870,NA,NA,NA,NA,NA,NA,lp_train_5512
871,"[9, 94, 13, 55]","[0.4933743476867676, 0.999487042427063, 0.9997773766517639, 0.9995560050010681, 0.9998658895492554, 0.9981399774551392, 0.9980733394622803, 0.9999490976333618, 0.999998927116394, 0.9999991655349731]",License Plate,IF59011,Spain,0.3541807532310486,lp_train_2980
872,NA,NA,NA,NA,NA,NA,lp_train_6913
873,"[5, 107, 14, 81]","[0.9997023940086365, 0.9998677968978882, 0.9750960469245911, 0.9975298047065735, 0.9995054006576538, 0.9997003078460693, 0.9998303651809692, 0.984131395816803, 0.7083610892295837, 0.998526930809021]",License Plate,50LD04411,Vietnam,0.9999977350234985,lp_train_2913
874,"[8, 91, 6, 76]","[0.9998445510864258, 0.8630214333534241, 0.9999071359634399, 0.9995996356010437, 0.9999139308929443, 0.9998028874397278, 0.9998244643211365, 0.9988773465156555, 0.998816967010498, 0.9999102354049683]",License Plate,50K201224,Vietnam,0.9999918937683105,lp_train_6772
875,NA,NA,NA,NA,NA,NA,lp_train_6775
876,"[9, 80, 10, 65]","[0.5799855589866638, 0.9998594522476196, 0.9998711347579956, 0.9994338154792786, 0.9998550415039062, 0.9998124241828918, 0.9999337196350098, 0.9996827840805054, 0.9998512268066406, 0.9999592304229736]",License Plate,18N25941,Vietnam,0.99998939037323,lp_train_5744
877,NA,NA,NA,NA,NA,NA,lp_train_6038
878,NA,NA,NA,NA,NA,NA,lp_train_3647
879,"[0, 64, 5, 56]","[0.9996904134750366, 0.9998482465744019, 0.9989243149757385, 0.9997701048851013, 0.45298030972480774, 0.723326563835144, 0.9993995428085327, 0.9994696974754333, 0.9984669089317322, 0.9999748468399048]",License Plate,59V2GU884,Vietnam,0.9987175464630127,lp_train_5893
880,"[0, 190, 10, 97]","[0.3761238753795624, 0.9996342658996582, 0.9991887211799622, 0.999366819858551, 0.9986263513565063, 0.9993263483047485, 0.9976581335067749, 0.9997459053993225, 0.9970345497131348, 0.9910569190979004]",License Plate,AA05MG190,Indonesia,0.3443133533000946,lp_train_3854
881,NA,NA,NA,NA,NA,NA,lp_train_6851
882,NA,NA,NA,NA,NA,NA,lp_train_1855
883,"[3, 56, 3, 30]","[0.9998459815979004, 0.999763548374176, 0.9997166991233826, 0.9989857077598572, 0.9993588328361511, 0.9999363422393799, 0.9998346567153931, 0.9998352527618408, 0.999648928642273, 0.999976396560669]",License Plate,59H140639,Vietnam,0.999997615814209,lp_train_6163
884,"[3, 108, 9, 38]","[0.9999488592147827, 0.9999477863311768, 0.9997863173484802, 0.9998935461044312, 0.9996341466903687, 0.9998553991317749, 0.9999464750289917, 0.9998699426651001, 0.9999994039535522, 0.9999997615814209]",License Plate,51F24476,Vietnam,0.9999994039535522,lp_train_2991
885,"[1, 98, 3, 30]","[0.9998898506164551, 0.9999322891235352, 0.9996100068092346, 0.9999408721923828, 0.9996992349624634, 0.9996647834777832, 0.9998261332511902, 0.9998512268066406, 0.9999878406524658, 0.9999958276748657]",License Plate,52Z9755,Vietnam,0.9997232556343079,lp_train_682
886,NA,NA,NA,NA,NA,NA,lp_train_120
887,"[79, 1160, 53, 589]","[0.9991969466209412, 0.9990399479866028, 0.9998841285705566, 0.9998050332069397, 0.9999638795852661, 0.9998733997344971, 0.9999549388885498, 0.9999504089355469, 0.9999939203262329, 0.999993085861206]",License Plate,HF6308C,Mexico,0.9999992847442627,lp_train_4112
888,NA,NA,NA,NA,NA,NA,lp_train_3873
889,"[0, 197, 0, 103]","[0.9998940229415894, 0.9998764991760254, 0.9999285936355591, 0.6057924032211304, 0.99996018409729, 0.9999438524246216, 0.9999744892120361, 0.9999827146530151, 0.9999949932098389, 0.9999972581863403]",License Plate,4LGOL1A,United States,0.9778633117675781,lp_train_392
890,"[2, 249, 12, 201]","[0.9999010562896729, 0.9987607002258301, 0.9998681545257568, 0.9999229907989502, 0.9999305009841919, 0.999900221824646, 0.9998608827590942, 0.999891996383667, 0.9990975856781006, 0.9997658133506775]",License Plate,65P18611,Vietnam,1.0,lp_train_6971
891,NA,NA,NA,NA,NA,NA,lp_train_182
892,"[2, 96, 2, 27]","[0.998816967010498, 0.999932050704956, 0.9997493624687195, 0.999977707862854, 0.9997302889823914, 0.9999082088470459, 0.999828577041626, 0.9998912811279297, 0.9999140501022339, 0.9999725818634033]",License Plate,51F04275,Vietnam,1.0,lp_train_1695
893,"[4, 115, 2, 31]","[0.9998674392700195, 0.9999604225158691, 0.9998459815979004, 0.9999635219573975, 0.9999339580535889, 0.999927282333374, 0.9999610185623169, 0.999972939491272, 0.9999641180038452, 0.9999904632568359]",License Plate,51G21670,Vietnam,0.9999998807907104,lp_train_733
894,"[13, 113, 13, 45]","[0.9999542236328125, 0.9999712705612183, 0.9998759031295776, 0.9999687671661377, 0.9999682903289795, 0.9999208450317383, 0.9999284744262695, 0.9998972415924072, 0.9999979734420776, 0.9999992847442627]",License Plate,51G21748,Vietnam,0.9999988079071045,lp_train_3008
895,NA,NA,NA,NA,NA,NA,lp_train_4649
896,NA,NA,NA,NA,NA,NA,lp_train_5835
897,"[2, 100, 1, 87]","[0.9997795224189758, 0.9999315738677979, 0.9999111890792847, 0.9995846152305603, 0.9998931884765625, 0.9997718930244446, 0.9996201992034912, 0.9998459815979004, 0.9999445676803589, 0.9999892711639404]",License Plate,59N187173,Vietnam,0.9999984502792358,lp_train_5716
898,"[2, 95, 1, 83]","[0.9999234676361084, 0.999900221824646, 0.9999809265136719, 0.9999263286590576, 0.9999134540557861, 0.9998589754104614, 0.9986819624900818, 0.9999207258224487, 0.9999662637710571, 0.9999455213546753]",License Plate,59L194176,Vietnam,0.9999887943267822,lp_train_6470
899,NA,NA,NA,NA,NA,NA,lp_train_5127
900,"[2, 105, 3, 32]","[0.8745201230049133, 0.9992141723632812, 0.9999758005142212, 0.9998921155929565, 0.9999346733093262, 0.9999293088912964, 0.9999169111251831, 0.9998409748077393, 0.9999978542327881, 0.9999997615814209]",License Plate,49A51796,Vietnam,0.9999998807907104,lp_train_885
901,"[3, 109, 5, 52]","[0.9996525049209595, 0.9999731779098511, 0.9999889135360718, 0.9999933242797852, 0.9999779462814331, 0.9999330043792725, 0.9999867677688599, 0.9999706745147705, 0.9999886751174927, 0.9999986886978149]",License Plate,51A01204,Vietnam,1.0,lp_train_2711
902,"[0, 80, 3, 27]","[0.9998971223831177, 0.9999315738677979, 0.9993240833282471, 0.9999072551727295, 0.999786913394928, 0.9999626874923706, 0.9998831748962402, 0.9999485015869141, 0.9999910593032837, 0.9999966621398926]",License Plate,51F73029,Vietnam,1.0,lp_train_1424
903,"[6, 128, 5, 57]","[0.5855879187583923, 0.9984220266342163, 0.9984375834465027, 0.9993640780448914, 0.9994540810585022, 0.9990936517715454, 0.9990058541297913, 0.9999697208404541, 0.9999873638153076, 0.9999929666519165]",License Plate,SF7533,New Zealand,0.5943120121955872,lp_train_002
904,NA,NA,NA,NA,NA,NA,lp_train_5399
905,NA,NA,NA,NA,NA,NA,lp_train_6231
906,"[8, 91, 11, 72]","[0.999765932559967, 0.999864935874939, 0.9987974166870117, 0.9998050332069397, 0.9998133778572083, 0.9997668862342834, 0.9997221827507019, 0.9997455477714539, 0.9997280240058899, 0.999987006187439]",License Plate,59T146685,Vietnam,1.0,lp_train_6797
907,NA,NA,NA,NA,NA,NA,lp_train_6551
908,"[3, 101, 10, 66]","[0.9997712969779968, 0.9998993873596191, 0.9995916485786438, 0.9991810917854309, 0.9995323419570923, 0.9998414516448975, 0.9998109936714172, 0.999897837638855, 0.9999988079071045, 0.9999996423721313]",License Plate,51F15380,Vietnam,0.9999988079071045,lp_train_3239
909,NA,NA,NA,NA,NA,NA,lp_train_4018
910,NA,NA,NA,NA,NA,NA,lp_train_5306
911,NA,NA,NA,NA,NA,NA,lp_train_6745
912,"[4, 118, 0, 34]","[0.9999337196350098, 0.9999209642410278, 0.9997629523277283, 0.9999457597732544, 0.9999430179595947, 0.9999022483825684, 0.9997879862785339, 0.9998670816421509, 0.9999926090240479, 0.9999978542327881]",License Plate,51G51332,Vietnam,1.0,lp_train_797
913,"[1, 99, 0, 25]","[0.999782383441925, 0.9998273253440857, 0.9999948740005493, 0.9999297857284546, 0.999962568283081, 0.9999667406082153, 0.9999496936798096, 0.9999245405197144, 0.9999918937683105, 0.9999980926513672]",License Plate,29A51796,Vietnam,1.0,lp_train_876
914,"[1, 44, 1, 12]","[0.23817436397075653, 0.6147326827049255, 0.24970607459545135, 0.3962763249874115, 0.6254000067710876, 0.47614428400993347, 0.4627087414264679, 0.6456621885299683, 0.9785839915275574, 0.995322048664093]",License Plate,BF04277,Switzerland,0.4222404956817627,lp_train_3648
915,"[2, 48, 0, 15]","[0.953475296497345, 0.9993102550506592, 0.9928695559501648, 0.8479926586151123, 0.9739331603050232, 0.5428234338760376, 0.999413013458252, 0.9996302127838135, 0.9999051094055176, 0.9999943971633911]",License Plate,61A89714,Vietnam,0.9999576807022095,lp_train_2224
916,"[3, 133, 1, 35]","[0.9999616146087646, 0.9999871253967285, 0.999995231628418, 0.9999408721923828, 0.9999463558197021, 0.9999569654464722, 0.9999485015869141, 0.9999603033065796, 0.9999957084655762, 0.9999994039535522]",License Plate,60A20880,Vietnam,1.0,lp_train_2044
917,NA,NA,NA,NA,NA,NA,lp_train_4528
918,"[3, 114, 3, 45]","[0.999884843826294, 0.9959975481033325, 0.9999595880508423, 0.999954342842102, 0.9993546605110168, 0.9996930360794067, 0.9999582767486572, 0.9999643564224243, 0.9999945163726807, 0.9999958276748657]",License Plate,52Y6490,Vietnam,0.9997027516365051,lp_train_1893
919,"[2, 63, 3, 19]","[0.9391568303108215, 0.9978693723678589, 0.8684893846511841, 0.9982068538665771, 0.9980972409248352, 0.997260570526123, 0.9963980913162231, 0.9977644681930542, 0.9945310950279236, 0.9999076128005981]",License Plate,30NG37614,Vietnam,0.9150946140289307,lp_train_4224
920,"[1, 28, 2, 10]","[0.23522385954856873, 0.7432976365089417, 0.5794347524642944, 0.6762840151786804, 0.45320481061935425, 0.5241163969039917, 0.9408791065216064, 0.9963726997375488, 0.9993976354598999, 0.9995372295379639]",License Plate,44247,Qatar,0.22192582488059998,lp_train_4224
921,NA,NA,NA,NA,NA,NA,lp_train_5038
922,NA,NA,NA,NA,NA,NA,lp_train_3761
923,"[0, 120, 0, 37]","[0.9967548251152039, 0.9723359942436218, 0.6218127012252808, 0.8255401849746704, 0.957726776599884, 0.973660409450531, 0.9949507713317871, 0.9992870688438416, 0.9997655749320984, 0.9998986721038818]",License Plate,80NC,Finland,0.3453060984611511,lp_train_4415
924,"[0, 92, 2, 78]","[0.9993209838867188, 0.9998675584793091, 0.9998699426651001, 0.9696976542472839, 0.9998212456703186, 0.9993957281112671, 0.9997531771659851, 0.9996435642242432, 0.9999300241470337, 0.9999583959579468]",License Plate,59S178384,Vietnam,0.9999806880950928,lp_train_5641
925,NA,NA,NA,NA,NA,NA,lp_train_5042
926,"[5, 429, 10, 113]","[0.9999879598617554, 0.9999728202819824, 0.9999585151672363, 0.9999840259552002, 0.9999732971191406, 0.999966025352478, 0.9999990463256836, 0.9999997615814209, 0.9999998807907104, 0.9999997615814209]",License Plate,CCC444,Sweden,0.9985476136207581,lp_train_389
927,"[1, 38, 3, 12]","[0.8745114207267761, 0.9688500761985779, 0.24085506796836853, 0.9154804944992065, 0.922177791595459, 0.42126721143722534, 0.6128696799278259, 0.9703589081764221, 0.9991426467895508, 0.9999476671218872]",License Plate,51481392,Vietnam,0.998556911945343,lp_train_3725
928,NA,NA,NA,NA,NA,NA,lp_train_6182
929,NA,NA,NA,NA,NA,NA,lp_train_6019
930,"[1, 45, 0, 11]","[0.2726702392101288, 0.29517054557800293, 0.37880074977874756, 0.6025516390800476, 0.2332167625427246, 0.18482184410095215, 0.3682197630405426, 0.6996044516563416, 0.9569042325019836, 0.9970861077308655]",License Plate,21440399,Vietnam,0.4091287851333618,lp_train_3469
931,NA,NA,NA,NA,NA,NA,lp_train_3513
932,"[0, 316, 0, 87]","[0.9998000264167786, 0.9999197721481323, 0.9998263716697693, 0.9998134970664978, 0.9999604225158691, 0.9996600151062012, 0.9903036952018738, 0.999502420425415, 0.9999970197677612, 0.9999986886978149]",License Plate,B735TH61,Italy,0.44246748089790344,lp_train_066
933,"[0, 84, 3, 30]","[0.9999417066574097, 0.9999169111251831, 0.9997585415840149, 0.999943733215332, 0.9998692274093628, 0.9998596906661987, 0.9997912049293518, 0.9999501705169678, 0.9999978542327881, 0.9999994039535522]",License Plate,51F61712,Vietnam,1.0,lp_train_1367
934,NA,NA,NA,NA,NA,NA,lp_train_6113
935,NA,NA,NA,NA,NA,NA,lp_train_2345
936,"[0, 83, 2, 75]","[0.9998475313186646, 0.999634861946106, 0.9999592304229736, 0.999825656414032, 0.9998051524162292, 0.9998108744621277, 0.99985671043396, 0.9997350573539734, 0.9999167919158936, 0.9999850988388062]",License Plate,78H92348,Vietnam,0.9998881816864014,lp_train_6871
937,"[0, 149, 4, 78]","[0.9999891519546509, 0.9999796152114868, 0.9995531439781189, 0.9999499320983887, 0.9999347925186157, 0.9998568296432495, 0.9999669790267944, 0.9999963045120239, 0.9999982118606567, 0.999998927116394]",License Plate,RUISLP,United States,0.6325310468673706,lp_train_4955
938,NA,NA,NA,NA,NA,NA,lp_train_4435
939,NA,NA,NA,NA,NA,NA,lp_train_6142
940,"[0, 35, 0, 11]","[0.4139613211154938, 0.8954783082008362, 0.11783328652381897, 0.49423760175704956, 0.8772664070129395, 0.21367408335208893, 0.5151672959327698, 0.8663937449455261, 0.9861660003662109, 0.999871015548706]",License Plate,61222778,Vietnam,0.94716876745224,lp_train_1369
941,"[0, 93, 4, 81]","[0.9997624754905701, 0.9997650980949402, 0.9997637867927551, 0.985106348991394, 0.9997689127922058, 0.9996969699859619, 0.9991177916526794, 0.9995037317276001, 0.9999904632568359, 0.9999957084655762]",License Plate,53S62722,Turkey,0.6871427297592163,lp_train_5425
942,"[2, 82, 2, 24]","[0.9998199343681335, 0.9999189376831055, 0.9923338890075684, 0.9996280670166016, 0.9989662170410156, 0.9998156428337097, 0.9992145299911499, 0.9970459342002869, 0.9992376565933228, 0.9998774528503418]",License Plate,60LD00584,Vietnam,1.0,lp_train_1352
943,"[3, 76, 9, 65]","[0.9993337988853455, 0.9999237060546875, 0.9998433589935303, 0.9998553991317749, 0.9999338388442993, 0.9998950958251953, 0.9999810457229614, 0.9997275471687317, 0.9990021586418152, 0.9999351501464844]",License Plate,59N272061,Vietnam,0.9999996423721313,lp_train_6393
944,NA,NA,NA,NA,NA,NA,lp_train_5723
945,"[0, 83, 1, 70]","[0.9998853206634521, 0.999890923500061, 0.9999707937240601, 0.9998607635498047, 0.9999533891677856, 0.9998806715011597, 0.9999150037765503, 0.9999370574951172, 0.9998631477355957, 0.9999734163284302]",License Plate,59L204775,Vietnam,0.9999997615814209,lp_train_5229
946,"[0, 106, 1, 31]","[0.999790608882904, 0.9999639987945557, 0.9999945163726807, 0.9999724626541138, 0.9999505281448364, 0.9999078512191772, 0.9999361038208008, 0.999946117401123, 0.9999575614929199, 0.9999850988388062]",License Plate,51A69172,Vietnam,1.0,lp_train_1748
947,"[1, 121, 0, 45]","[0.9950752854347229, 0.9999779462814331, 0.9999955892562866, 0.9999947547912598, 0.9999704360961914, 0.9999396800994873, 0.9999921321868896, 0.9999630451202393, 0.9999821186065674, 0.9999969005584717]",License Plate,51A01204,Vietnam,1.0,lp_train_2164
948,"[5, 112, 5, 34]","[0.999941349029541, 0.9999521970748901, 0.9999969005584717, 0.9999819993972778, 0.9999380111694336, 0.999984622001648, 0.9999887943267822, 0.9999231100082397, 0.9999741315841675, 0.9999951124191284]",License Plate,51A96141,Vietnam,1.0,lp_train_875
949,"[4, 547, 0, 225]","[0.35077276825904846, 0.999897837638855, 0.9999722242355347, 0.9994274377822876, 0.9998495578765869, 0.9997283816337585, 0.9999393224716187, 0.999988317489624, 0.9999977350234985, 0.9999973773956299]",License Plate,ABT064D,Mexico,0.9999728202819824,lp_train_277
950,"[1, 567, 0, 247]","[0.4175420105457306, 0.9996901750564575, 0.9999536275863647, 0.9994762539863586, 0.9998992681503296, 0.9997667670249939, 0.999809205532074, 0.999968409538269, 0.9999959468841553, 0.9999933242797852]",License Plate,UBT064D,Mexico,0.9999942779541016,lp_train_277
951,"[3, 735, 1, 357]","[0.9998946189880371, 0.9999935626983643, 0.9999979734420776, 0.9999403953552246, 0.9999017715454102, 0.9999784231185913, 0.9999816417694092, 0.9999933242797852, 0.9999978542327881, 0.9999985694885254]",License Plate,GWU2019,United States,0.9977765679359436,lp_train_4177
952,"[7, 69, 5, 54]","[0.9998200535774231, 0.9998761415481567, 0.9998892545700073, 0.9997888207435608, 0.9999504089355469, 0.9998834133148193, 0.9998791217803955, 0.9998445510864258, 0.9998992681503296, 0.9998971223831177]",License Plate,59L205442,Vietnam,1.0,lp_train_5701
953,"[0, 41, 3, 16]","[0.5601292252540588, 0.5370047688484192, 0.628983199596405, 0.938296914100647, 0.7936089038848877, 0.971526563167572, 0.706457257270813, 0.4710341691970825, 0.9996904134750366, 0.9999181032180786]",License Plate,TDK34981,Mexico,0.5653480291366577,lp_train_3537
954,NA,NA,NA,NA,NA,NA,lp_train_4681
955,NA,NA,NA,NA,NA,NA,lp_train_3769
956,NA,NA,NA,NA,NA,NA,lp_train_3625
957,"[3, 774, 19, 304]","[0.999634861946106, 0.9978362917900085, 0.8058547377586365, 0.9991676807403564, 0.9962546825408936, 0.9964447617530823, 0.9943670630455017, 0.9893760681152344, 0.9944410920143127, 0.9999966621398926]",License Plate,GJ07BR13,Switzerland,0.9329202175140381,lp_train_4796
958,"[2, 94, 1, 79]","[0.9998754262924194, 0.9980974793434143, 0.9998650550842285, 0.9998348951339722, 0.9999309778213501, 0.9998158812522888, 0.9999504089355469, 0.999832034111023, 0.999946117401123, 0.9999963045120239]",License Plate,51R32161,Vietnam,1.0,lp_train_5703
959,"[0, 85, 3, 71]","[0.9998546838760376, 0.9998377561569214, 0.9999274015426636, 0.9972432851791382, 0.9998911619186401, 0.9998389482498169, 0.9998089671134949, 0.9999262094497681, 0.9998326301574707, 0.999947190284729]",License Plate,59D143391,Vietnam,0.9999964237213135,lp_train_6526
960,"[85, 1031, 30, 563]","[0.9997005462646484, 0.9999312162399292, 0.9999322891235352, 0.9998548030853271, 0.9998645782470703, 0.9999524354934692, 0.9998904466629028, 0.9999929666519165, 0.9999957084655762, 0.9999964237213135]",License Plate,HDC846D,Mexico,0.9999831914901733,lp_train_4138
961,NA,NA,NA,NA,NA,NA,lp_train_4682
962,"[9, 83, 6, 67]","[0.999785840511322, 0.9998059868812561, 0.9998956918716431, 0.9998015761375427, 0.9999290704727173, 0.9998737573623657, 0.9999477863311768, 0.9998044371604919, 0.9999226331710815, 0.9995098114013672]",License Plate,63B957926,Vietnam,0.9999997615814209,lp_train_6395
963,"[5, 147, 3, 32]","[0.9996354579925537, 0.9999566078186035, 0.9997705817222595, 0.9999734163284302, 0.9997449517250061, 0.9999896287918091, 0.9998794794082642, 0.9999353885650635, 0.9999839067459106, 0.9999964237213135]",License Plate,51F63034,Vietnam,1.0,lp_train_1925
964,NA,NA,NA,NA,NA,NA,lp_train_3896
965,"[2, 92, 1, 24]","[0.9998949766159058, 0.9999037981033325, 0.9999736547470093, 0.9998841285705566, 0.999966025352478, 0.9999014139175415, 0.9997854828834534, 0.9998575448989868, 0.999990701675415, 0.9999933242797852]",License Plate,56N7186,Vietnam,0.9999994039535522,lp_train_721
966,"[2, 103, 0, 28]","[0.9999574422836304, 0.9999654293060303, 0.9997368454933167, 0.9999419450759888, 0.9996875524520874, 0.999957799911499, 0.9999866485595703, 0.9999786615371704, 0.9999973773956299, 0.9999992847442627]",License Plate,51G37307,Vietnam,1.0,lp_train_867
967,"[4, 109, 0, 23]","[0.999886155128479, 0.9999669790267944, 0.999995231628418, 0.9999629259109497, 0.999896764755249, 0.9999551773071289, 0.9999884366989136, 0.9995608925819397, 0.9999959468841553, 0.9999986886978149]",License Plate,51A96141,Vietnam,1.0,lp_train_951
968,"[0, 96, 1, 36]","[0.9708729386329651, 0.9999761581420898, 0.9999938011169434, 0.999988317489624, 0.9998723268508911, 0.9999293088912964, 0.9999294281005859, 0.9999748468399048, 0.9999403953552246, 0.999984860420227]",License Plate,51A05227,Vietnam,1.0,lp_train_2885
969,"[2, 100, 0, 28]","[0.9998880624771118, 0.9999276399612427, 0.9990418553352356, 0.9999080896377563, 0.9996353387832642, 0.9999346733093262, 0.9999774694442749, 0.9999716281890869, 0.9999986886978149, 0.9999995231628418]",License Plate,51G37307,Vietnam,0.9999998807907104,lp_train_1715
970,NA,NA,NA,NA,NA,NA,lp_train_5864
971,NA,NA,NA,NA,NA,NA,lp_train_3979
972,NA,NA,NA,NA,NA,NA,lp_train_5090
973,"[6, 82, 25, 71]","[0.9972245693206787, 0.999906063079834, 0.999992847442627, 0.9998846054077148, 0.9998681545257568, 0.9999411106109619, 0.9999305009841919, 0.9973860383033752, 0.9999947547912598, 0.9999986886978149]",License Plate,51A72078,Vietnam,0.9999998807907104,lp_train_2797
974,"[2, 49, 2, 14]","[0.9575175046920776, 0.9010888934135437, 0.5898966193199158, 0.9985632300376892, 0.9896112680435181, 0.687410295009613, 0.43299800157546997, 0.8426553010940552, 0.999768078327179, 0.9999866485595703]",License Plate,51821866,Vietnam,0.9988996982574463,lp_train_3666
975,"[1, 130, 4, 40]","[0.9998239874839783, 0.9999606609344482, 0.9998058676719666, 0.999947190284729, 0.9998509883880615, 0.9998444318771362, 0.9998722076416016, 0.9999707937240601, 0.9999961853027344, 0.999998927116394]",License Plate,51F88270,Vietnam,0.9999992847442627,lp_train_2218
976,NA,NA,NA,NA,NA,NA,lp_train_1375
977,"[1, 47, 1, 14]","[0.9689632058143616, 0.5829014182090759, 0.8344043493270874, 0.7705696821212769, 0.9693635106086731, 0.9894204139709473, 0.9613609910011292, 0.9976958632469177, 0.999966025352478, 0.9999843835830688]",License Plate,1FOE532,Azerbaijan,0.9315609931945801,lp_train_3358
978,"[2, 99, 1, 28]","[0.999967098236084, 0.9999725818634033, 0.999995231628418, 0.9999232292175293, 0.9998887777328491, 0.9998431205749512, 0.999934196472168, 0.9999637603759766, 0.9999964237213135, 0.999998927116394]",License Plate,61A39534,Vietnam,1.0,lp_train_892
979,NA,NA,NA,NA,NA,NA,lp_train_3929
980,"[1, 82, 2, 68]","[0.999869704246521, 0.9999150037765503, 0.9999151229858398, 0.9999798536300659, 0.9999514818191528, 0.9999510049819946, 0.9999306201934814, 0.9999287128448486, 0.9999862909317017, 0.9999392032623291]",License Plate,59T105297,Vietnam,0.9999997615814209,lp_train_6588
981,"[0, 78, 1, 27]","[0.9990851879119873, 0.999983549118042, 0.9999947547912598, 0.9999544620513916, 0.9998987913131714, 0.999981164932251, 0.9999456405639648, 0.9999088048934937, 0.9999929666519165, 0.9999986886978149]",License Plate,51A72078,Vietnam,0.9999998807907104,lp_train_2660
982,NA,NA,NA,NA,NA,NA,lp_train_6322
983,"[0, 82, 1, 68]","[0.999813973903656, 0.9999336004257202, 0.9999269247055054, 0.9999573230743408, 0.9998624324798584, 0.999869704246521, 0.9999656677246094, 0.9999024868011475, 0.9999858140945435, 0.9999746084213257]",License Plate,59N153782,Vietnam,0.999998927116394,lp_train_5540
984,"[0, 114, 0, 52]","[0.9951633214950562, 0.9999574422836304, 0.9999948740005493, 0.9999948740005493, 0.9999731779098511, 0.9999359846115112, 0.9999878406524658, 0.9999533891677856, 0.9997697472572327, 0.9999773502349854]",License Plate,51A01204,Vietnam,1.0,lp_train_2002
985,"[1, 104, 2, 28]","[0.9999147653579712, 0.9999425411224365, 0.999672532081604, 0.9999662637710571, 0.9999097585678101, 0.9998413324356079, 0.9997555613517761, 0.9999643564224243, 0.9999973773956299, 0.9999978542327881]",License Plate,51F16159,Vietnam,0.9999997615814209,lp_train_864
986,"[0, 107, 0, 31]","[0.9999030828475952, 0.9997475743293762, 0.9999707937240601, 0.999958872795105, 0.9993828535079956, 0.9996435642242432, 0.9999723434448242, 0.9999841451644897, 0.999996542930603, 0.9999977350234985]",License Plate,52Y6490,Vietnam,0.9998495578765869,lp_train_1175
987,"[2, 88, 0, 72]","[0.9998403787612915, 0.9999101161956787, 0.9995118379592896, 0.9999575614929199, 0.9997019171714783, 0.999893069267273, 0.9999517202377319, 0.9994975328445435, 0.9999182224273682, 0.9999219179153442]",License Plate,59V159716,Vietnam,0.999993085861206,lp_train_6432
988,"[2, 89, 0, 47]","[0.999896764755249, 0.9996637105941772, 0.9997989535331726, 0.9999433755874634, 0.9993528723716736, 0.9999210834503174, 0.9997186064720154, 0.9999128580093384, 0.999998927116394, 0.9999997615814209]",License Plate,51F61712,Vietnam,1.0,lp_train_2673
989,"[2, 86, 3, 51]","[0.9999791383743286, 0.9999443292617798, 0.9586569666862488, 0.995699405670166, 0.880909264087677, 0.9998112320899963, 0.9999769926071167, 0.999998927116394, 0.9999995231628418, 0.9999995231628418]",License Plate,P2000D,United States,0.994761049747467,lp_train_093
990,"[4, 93, 0, 30]","[0.9999241828918457, 0.9999845027923584, 0.9997240900993347, 0.9999922513961792, 0.999981164932251, 0.9999886751174927, 0.9999196529388428, 0.9999591112136841, 0.9999939203262329, 0.9999980926513672]",License Plate,51D10039,Vietnam,0.9999998807907104,lp_train_3126
991,"[2, 121, 0, 60]","[0.9999442100524902, 0.9997139573097229, 0.9999749660491943, 0.9999856948852539, 0.9999791383743286, 0.9999951124191284, 0.9999889135360718, 0.9999995231628418, 0.9999997615814209, 0.9999997615814209]",License Plate,HIUGLY,United States,0.9805777072906494,lp_train_4627
992,"[3, 99, 4, 32]","[0.9999542236328125, 0.9999595880508423, 0.999691367149353, 0.9999498128890991, 0.9997720122337341, 0.9999401569366455, 0.9999935626983643, 0.9999722242355347, 0.9999985694885254, 0.9999994039535522]",License Plate,51G37307,Vietnam,0.9999967813491821,lp_train_522
993,"[8, 246, 4, 187]","[0.999957799911499, 0.9999562501907349, 0.9998773336410522, 0.9999492168426514, 0.9999314546585083, 0.9999501705169678, 0.9996626377105713, 0.9998188614845276, 0.9994994401931763, 0.9999494552612305]",License Plate,69K27633,Vietnam,0.9999971389770508,lp_train_6972
994,"[2, 241, 2, 108]","[0.9998070597648621, 0.999541163444519, 0.551461398601532, 0.9937165379524231, 0.9962559938430786, 0.966225802898407, 0.9420205354690552, 0.8530288338661194, 0.9577688574790955, 0.9990113973617554]",License Plate,LBCLB8779,Slovenia,0.7943143844604492,lp_train_266
995,"[46, 204, 29, 101]","[0.999817430973053, 0.9999508857727051, 0.9998989105224609, 0.9993195533752441, 0.9993164539337158, 0.9994634985923767, 0.9997742772102356, 0.9999637603759766, 0.9999971389770508, 0.9999978542327881]",License Plate,NEY8936,Czech Republic,0.8347111940383911,lp_train_266
996,"[10, 133, 2, 53]","[0.9998966455459595, 0.9999128580093384, 0.999832034111023, 0.9996236562728882, 0.9991111159324646, 0.9995282888412476, 0.9994860887527466, 0.9999885559082031, 0.9999978542327881, 0.9999978542327881]",License Plate,NEY8928,Brazil,0.52460116147995,lp_train_266
997,NA,NA,NA,NA,NA,NA,lp_train_1896
998,NA,NA,NA,NA,NA,NA,lp_train_6072
999,"[8, 78, 7, 55]","[0.9997660517692566, 0.9998979568481445, 0.9989293217658997, 0.9994606375694275, 0.9997301697731018, 0.9997614026069641, 0.9998992681503296, 0.9997065663337708, 0.9999128580093384, 0.9999812841415405]",License Plate,59V107473,Vietnam,0.9999998807907104,lp_train_6408
1000,"[4, 83, 2, 35]","[0.971290647983551, 0.999944806098938, 0.9997093081474304, 0.9998382329940796, 0.9993528723716736, 0.9997803568840027, 0.9999539852142334, 0.9999006986618042, 0.9999958276748657, 0.9999998807907104]",License Plate,51F24403,Vietnam,1.0,lp_train_3202
1001,"[78, 1545, 9, 931]","[0.9997203946113586, 0.9981043338775635, 0.9998650550842285, 0.9994899034500122, 0.9997465014457703, 0.9998225569725037, 0.9999129772186279, 0.9999842643737793, 0.9999960660934448, 0.9999966621398926]",License Plate,HES093B,Mexico,0.9999961853027344,lp_train_4130
1002,"[15, 159, 1, 113]","[0.9999078512191772, 0.9998661279678345, 0.9998866319656372, 0.9997617602348328, 0.9999527931213379, 0.9999237060546875, 0.999825656414032, 0.9999059438705444, 0.9985989928245544, 0.9998925924301147]",License Plate,64H60496,Vietnam,0.9999998807907104,lp_train_6901
1003,"[0, 85, 5, 32]","[0.9827714562416077, 0.9999208450317383, 0.9999860525131226, 0.999987006187439, 0.999966025352478, 0.9998745918273926, 0.9999768733978271, 0.9998856782913208, 0.999994158744812, 0.9999980926513672]",License Plate,51A01204,Vietnam,0.9999997615814209,lp_train_2005
1004,"[1, 48, 2, 15]","[0.9996236562728882, 0.9987583160400391, 0.9994762539863586, 0.9995854496955872, 0.9994215965270996, 0.9326441287994385, 0.9867774844169617, 0.9934321641921997, 0.999734103679657, 0.9999974966049194]",License Plate,51F59011,Vietnam,0.9999998807907104,lp_train_3640
1005,NA,NA,NA,NA,NA,NA,lp_train_6665
1006,NA,NA,NA,NA,NA,NA,lp_train_5101
1007,"[9, 92, 2, 85]","[0.999872088432312, 0.9997157454490662, 0.9998904466629028, 0.999970555305481, 0.9942586421966553, 0.9998395442962646, 0.9998032450675964, 0.9995911717414856, 0.9999533891677856, 0.9999032020568848]",License Plate,68LA00776,Vietnam,0.9999641180038452,lp_train_5422
1008,"[0, 94, 0, 28]","[0.9996114373207092, 0.9991938471794128, 0.999866247177124, 0.9999285936355591, 0.9997610449790955, 0.999554455280304, 0.999717652797699, 0.999981164932251, 0.9999933242797852, 0.9999971389770508]",License Plate,50Z0618,Vietnam,0.9994717240333557,lp_train_1859
1009,NA,NA,NA,NA,NA,NA,lp_train_3706
1010,"[2, 88, 0, 26]","[0.9998501539230347, 0.9999731779098511, 0.9999940395355225, 0.9999934434890747, 0.9998917579650879, 0.9999524354934692, 0.9999372959136963, 0.9999847412109375, 0.9999876022338867, 0.9999959468841553]",License Plate,51A05227,Vietnam,1.0,lp_train_710
1011,"[2, 100, 8, 39]","[0.9999037981033325, 0.9999159574508667, 0.9996519088745117, 0.9999120235443115, 0.9998949766159058, 0.9998432397842407, 0.9998899698257446, 0.9998669624328613, 0.9999953508377075, 0.9999978542327881]",License Plate,51G31691,Vietnam,0.9999990463256836,lp_train_2838
1012,"[2, 79, 2, 20]","[0.9990691542625427, 0.9996331930160522, 0.9990573525428772, 0.9999384880065918, 0.9995939135551453, 0.9999747276306152, 0.9998894929885864, 0.9999227523803711, 0.9999901056289673, 0.9999961853027344]",License Plate,51F63034,Vietnam,1.0,lp_train_979
1013,"[70, 903, 33, 502]","[0.9999250173568726, 0.9995002746582031, 0.9999634027481079, 0.999897837638855, 0.9999384880065918, 0.9997100234031677, 0.9999738931655884, 0.9999936819076538, 0.9999972581863403, 0.999997615814209]",License Plate,HFY623A,Mexico,0.9999980926513672,lp_train_4133
1014,"[1, 97, 1, 28]","[0.993274450302124, 0.99981290102005, 0.9985499978065491, 0.9999074935913086, 0.9993853569030762, 0.9983305335044861, 0.9992326498031616, 0.9988669157028198, 0.9999994039535522, 0.9999998807907104]",License Plate,51F15585,Vietnam,0.9999995231628418,lp_train_1208
1015,"[3, 106, 0, 26]","[0.9995119571685791, 0.9998975992202759, 0.999314546585083, 0.9998666048049927, 0.999624490737915, 0.999826967716217, 0.9998676776885986, 0.9999266862869263, 0.9999496936798096, 0.9999874830245972]",License Plate,51F44614,Vietnam,1.0,lp_train_1755
1016,NA,NA,NA,NA,NA,NA,lp_train_6191
1017,"[0, 49, 1, 13]","[0.6338062882423401, 0.9993560910224915, 0.9996658563613892, 0.9935733675956726, 0.9978139400482178, 0.999150276184082, 0.9968644976615906, 0.9936848282814026, 0.9961750507354736, 0.9998794794082642]",License Plate,51A05227,Vietnam,0.9999935626983643,lp_train_1399
1018,"[7, 87, 9, 75]","[0.9998010993003845, 0.9998595714569092, 0.9999599456787109, 0.9998171925544739, 0.9998630285263062, 0.9999328851699829, 0.9999643564224243, 0.9967718720436096, 0.999956488609314, 0.9999244213104248]",License Plate,59F162919,Vietnam,0.9999996423721313,lp_train_6690
1019,"[26, 398, 22, 279]","[0.9999865293502808, 0.9999520778656006, 0.9997264742851257, 0.9999380111694336, 0.9998036026954651, 0.9997257590293884, 0.9999517202377319, 0.9999985694885254, 0.9999991655349731, 0.9999991655349731]",License Plate,CB7R605,United States,0.999997615814209,lp_train_4773
1020,"[0, 47, 0, 14]","[0.9218495488166809, 0.9942308664321899, 0.9978280663490295, 0.9996644258499146, 0.998075008392334, 0.9982602000236511, 0.8596678376197815, 0.9798554182052612, 0.9999775886535645, 0.9999947547912598]",License Plate,51F49142,Vietnam,0.9999603033065796,lp_train_3551
1021,"[15, 146, 2, 95]","[0.9993316531181335, 0.996021568775177, 0.99470454454422, 0.917198657989502, 0.999516487121582, 0.9996291399002075, 0.999538779258728, 0.9992420673370361, 0.9997180104255676, 0.999817430973053]",License Plate,67L68286,Vietnam,0.9998192191123962,lp_train_7017
1022,"[0, 98, 0, 28]","[0.9999185800552368, 0.9999490976333618, 0.99960857629776, 0.999920129776001, 0.999666690826416, 0.9997541308403015, 0.9998644590377808, 0.9997604489326477, 0.9999963045120239, 0.9999988079071045]",License Plate,51G49524,Vietnam,0.9999867677688599,lp_train_1144
1023,NA,NA,NA,NA,NA,NA,lp_train_6506
1024,"[0, 122, 0, 31]","[0.9988077878952026, 0.9999302625656128, 0.9996362924575806, 0.9999872446060181, 0.9996094107627869, 0.9999240636825562, 0.9996739625930786, 0.9999157190322876, 0.9999808073043823, 0.9999938011169434]",License Plate,51F07973,Vietnam,1.0,lp_train_2519
1025,NA,NA,NA,NA,NA,NA,lp_train_4718
1026,NA,NA,NA,NA,NA,NA,lp_train_4334
1027,"[2, 54, 2, 32]","[0.9999009370803833, 0.9999223947525024, 0.9999339580535889, 0.9999632835388184, 0.9998235106468201, 0.9998818635940552, 0.9998642206192017, 0.9995409250259399, 0.9987727999687195, 0.9999696016311646]",License Plate,76G112000,Vietnam,0.9991672039031982,lp_train_5857
1028,"[1, 96, 3, 26]","[0.9998724460601807, 0.9999384880065918, 0.9994780421257019, 0.9999440908432007, 0.9994348883628845, 0.9998295307159424, 0.9999821186065674, 0.9999063014984131, 0.9999996423721313, 0.9999998807907104]",License Plate,51F24403,Vietnam,1.0,lp_train_3144
1029,"[0, 85, 1, 70]","[0.9998624324798584, 0.9999164342880249, 0.9999488592147827, 0.9999315738677979, 0.9998555183410645, 0.9998985528945923, 0.9998871088027954, 0.9999871253967285, 0.9998384714126587, 0.9999610185623169]",License Plate,54L42110,Vietnam,0.9999936819076538,lp_train_6539
1030,NA,NA,NA,NA,NA,NA,lp_train_4683
1031,"[0, 41, 1, 15]","[0.9982863068580627, 0.9857680201530457, 0.9082373976707458, 0.4085077941417694, 0.5257638692855835, 0.9897207617759705, 0.9263355135917664, 0.9983108043670654, 0.9992438554763794, 0.9999665021896362]",License Plate,50ZC518,Vietnam,0.8948512077331543,lp_train_3830
1032,"[1, 56, 0, 18]","[0.9975945353507996, 0.9825124740600586, 0.9327697157859802, 0.9808123111724854, 0.9852344393730164, 0.9307449460029602, 0.8289846777915955, 0.5081018209457397, 0.9989073276519775, 0.9998756647109985]",License Plate,AP11AM09,Belarus,0.4222199618816376,lp_train_3951
1033,"[3, 161, 1, 114]","[0.9998544454574585, 0.9996496438980103, 0.9998705387115479, 0.9998286962509155, 0.9999703168869019, 0.9994646906852722, 0.9998794794082642, 0.9999412298202515, 0.9997974038124084, 0.999991774559021]",License Plate,65H69154,Vietnam,0.9999954700469971,lp_train_7013
1034,NA,NA,NA,NA,NA,NA,lp_train_3750
1035,"[3, 77, 9, 67]","[0.9980873465538025, 0.9997028708457947, 0.9973874688148499, 0.9845319390296936, 0.9997647404670715, 0.9988982677459717, 0.9997319579124451, 0.9903860092163086, 0.9997219443321228, 0.999723494052887]",License Plate,59S131386,Vietnam,0.9999995231628418,lp_train_5303
1036,NA,NA,NA,NA,NA,NA,lp_train_4417
1037,"[4, 114, 0, 33]","[0.9999035596847534, 0.9999189376831055, 0.9997150301933289, 0.9999384880065918, 0.999911904335022, 0.9999253749847412, 0.9996542930603027, 0.9998739957809448, 0.9998776912689209, 0.9999711513519287]",License Plate,51F21255,Vietnam,0.9999995231628418,lp_train_1008
1038,"[0, 96, 0, 26]","[0.9386217594146729, 0.9998171925544739, 0.9992778897285461, 0.9998856782913208, 0.9998319149017334, 0.9996097683906555, 0.9999146461486816, 0.9999330043792725, 0.999914288520813, 0.9999794960021973]",License Plate,51G21670,Vietnam,0.9999995231628418,lp_train_1219
1039,"[1, 93, 1, 77]","[0.9998698234558105, 0.9999518394470215, 0.999893307685852, 0.999963641166687, 0.9999748468399048, 0.9998148083686829, 0.9999562501907349, 0.9999352693557739, 0.9999189376831055, 0.9999430179595947]",License Plate,59N101425,Vietnam,1.0,lp_train_6698
1040,NA,NA,NA,NA,NA,NA,lp_train_5726
1041,NA,NA,NA,NA,NA,NA,lp_train_6043
1042,"[26, 83, 2, 49]","[0.8020649552345276, 0.5422888994216919, 0.9715312719345093, 0.9105769991874695, 0.8632672429084778, 0.9806013107299805, 0.9979410767555237, 0.9995861649513245, 0.9998311996459961, 0.9999209642410278]",License Plate,D0533,United Kingdom,0.39043596386909485,lp_train_3191
1043,"[1, 45, 3, 14]","[0.9869688153266907, 0.998815655708313, 0.9456887245178223, 0.889187753200531, 0.41994962096214294, 0.9272815585136414, 0.9717929363250732, 0.9949951171875, 0.9996397495269775, 0.9999704360961914]",License Plate,51G53322,Vietnam,0.9998785257339478,lp_train_3635
1044,NA,NA,NA,NA,NA,NA,lp_train_4428
1045,NA,NA,NA,NA,NA,NA,lp_train_6063
1046,NA,NA,NA,NA,NA,NA,lp_train_4221
1047,"[3, 111, 0, 28]","[0.9998680353164673, 0.999984622001648, 0.9999908208847046, 0.9999197721481323, 0.9998606443405151, 0.9997602105140686, 0.9998793601989746, 0.9999161958694458, 0.9999932050704956, 0.9999986886978149]",License Plate,51A77529,Vietnam,0.9999996423721313,lp_train_638
1048,"[2, 76, 0, 18]","[0.9979514479637146, 0.9999047517776489, 0.9994974136352539, 0.9999796152114868, 0.9995470643043518, 0.999792754650116, 0.9998000264167786, 0.9998114705085754, 0.9999889135360718, 0.9999964237213135]",License Plate,51F04275,Vietnam,1.0,lp_train_1203
1049,NA,NA,NA,NA,NA,NA,lp_train_5476
1050,NA,NA,NA,NA,NA,NA,lp_train_1517
1051,NA,NA,NA,NA,NA,NA,lp_train_5912
1052,"[1, 48, 0, 12]","[0.6275349855422974, 0.9779730439186096, 0.9862807989120483, 0.8654557466506958, 0.9977508187294006, 0.5808185338973999, 0.9828498959541321, 0.996232807636261, 0.9971031546592712, 0.9999791383743286]",License Plate,60A03968,Vietnam,0.999997615814209,lp_train_3009
1053,NA,NA,NA,NA,NA,NA,lp_train_157
1054,"[61, 876, 17, 467]","[0.9995338916778564, 0.9999727010726929, 0.9999010562896729, 0.9998829364776611, 0.9998236298561096, 0.9996563196182251, 0.992958664894104, 0.999988317489624, 0.9999904632568359, 0.9999935626983643]",License Plate,HER889C,Mexico,0.999998927116394,lp_train_4109
1055,NA,NA,NA,NA,NA,NA,lp_train_5756
1056,"[1, 79, 4, 25]","[0.9996778964996338, 0.999884843826294, 0.9993977546691895, 0.9999010562896729, 0.9996755123138428, 0.9997957348823547, 0.9999321699142456, 0.9997884631156921, 0.9999979734420776, 0.9999994039535522]",License Plate,51F22261,Vietnam,1.0,lp_train_1796
1057,"[10, 103, 3, 38]","[0.9999470710754395, 0.9999371767044067, 0.9997124075889587, 0.9999536275863647, 0.9998441934585571, 0.9997376799583435, 0.9998332262039185, 0.999947190284729, 0.9999980926513672, 0.9999995231628418]",License Plate,51F61712,Vietnam,0.9999998807907104,lp_train_3280
1058,NA,NA,NA,NA,NA,NA,lp_train_041
1059,"[1, 36, 3, 11]","[0.4856554865837097, 0.3406298756599426, 0.5703989267349243, 0.2754482328891754, 0.9055788516998291, 0.11218158900737762, 0.26526182889938354, 0.9878204464912415, 0.9988038539886475, 0.9991644620895386]",License Plate,TE024LL,France,0.6032114028930664,lp_train_3753
1060,NA,NA,NA,NA,NA,NA,lp_train_3507
1061,NA,NA,NA,NA,NA,NA,lp_train_3651
1062,"[0, 113, 0, 33]","[0.9983822107315063, 0.9999698400497437, 0.9999943971633911, 0.9999480247497559, 0.9999779462814331, 0.9999698400497437, 0.9996567964553833, 0.9998683929443359, 0.9999774694442749, 0.9999949932098389]",License Plate,60A21418,Vietnam,1.0,lp_train_2086
1063,NA,NA,NA,NA,NA,NA,lp_train_6178
1064,NA,NA,NA,NA,NA,NA,lp_train_4355
1065,"[4, 112, 0, 28]","[0.9999068975448608, 0.9997535347938538, 0.9997826218605042, 0.9999315738677979, 0.9999066591262817, 0.9999158382415771, 0.9998888969421387, 0.9997852444648743, 0.9999971389770508, 0.999998927116394]",License Plate,51G31691,Vietnam,0.9999998807907104,lp_train_571
1066,"[1, 95, 0, 26]","[0.996166467666626, 0.9999369382858276, 0.9994799494743347, 0.999981164932251, 0.9998306035995483, 0.9998652935028076, 0.9998679161071777, 0.9998592138290405, 0.9999908208847046, 0.9999977350234985]",License Plate,51F06948,Vietnam,1.0,lp_train_1162
1067,NA,NA,NA,NA,NA,NA,lp_train_4321
1068,"[4, 38, 2, 15]","[0.9864985942840576, 0.9956673383712769, 0.5395042300224304, 0.9793866276741028, 0.9403802156448364, 0.8877571225166321, 0.9919952154159546, 0.9998472929000854, 0.9999721050262451, 0.9999735355377197]",License Plate,F5B211,Belgium,0.445732444524765,lp_train_3461
1069,NA,NA,NA,NA,NA,NA,lp_train_4421
1070,NA,NA,NA,NA,NA,NA,lp_train_5003
1071,"[4, 110, 6, 43]","[0.9999797344207764, 0.9999779462814331, 0.9999912977218628, 0.9999392032623291, 0.9998657703399658, 0.999922513961792, 0.9999303817749023, 0.999962568283081, 0.9999997615814209, 1.0]",License Plate,60A35981,Vietnam,1.0,lp_train_2410
1072,"[1, 105, 2, 36]","[0.9996315240859985, 0.9999322891235352, 0.9997848868370056, 0.9999821186065674, 0.9996387958526611, 0.9998522996902466, 0.9998119473457336, 0.9999085664749146, 0.9999557733535767, 0.9999954700469971]",License Plate,51F04275,Vietnam,1.0,lp_train_2125
1073,"[17, 764, 0, 459]","[0.9988049268722534, 0.8217712640762329, 0.996178388595581, 0.9868220090866089, 0.9982649683952332, 0.9995481371879578, 0.9999687671661377, 0.9999978542327881, 0.999998927116394, 0.9999988079071045]",License Plate,2H6,United States,0.9990758895874023,lp_train_341
1074,NA,NA,NA,NA,NA,NA,lp_train_5548
1075,NA,NA,NA,NA,NA,NA,lp_train_5663
1076,"[1, 80, 1, 34]","[0.9989626407623291, 0.9993917942047119, 0.9998655319213867, 0.9989124536514282, 0.9997952580451965, 0.9988358616828918, 0.9983766078948975, 0.999546229839325, 0.9999185800552368, 0.9999836683273315]",License Plate,3SAM123,United States,0.8844567537307739,lp_train_4517
1077,"[1, 83, 2, 71]","[0.9999173879623413, 0.9998798370361328, 0.999972939491272, 0.9998717308044434, 0.9998701810836792, 0.999832034111023, 0.9999855756759644, 0.9999303817749023, 0.9997683167457581, 0.9999866485595703]",License Plate,16F26303,Vietnam,0.9999867677688599,lp_train_5248
1078,"[1, 47, 3, 12]","[0.7395278215408325, 0.993625283241272, 0.7729086875915527, 0.9904503226280212, 0.37993839383125305, 0.4453929662704468, 0.7936896085739136, 0.9732760787010193, 0.9999501705169678, 0.9999921321868896]",License Plate,61A88214,Vietnam,0.9975364208221436,lp_train_3614
1079,NA,NA,NA,NA,NA,NA,lp_train_3456
1080,"[1, 99, 6, 41]","[0.9996676445007324, 0.9999086856842041, 0.9996598958969116, 0.9998551607131958, 0.9998927116394043, 0.9998730421066284, 0.9999067783355713, 0.9998053908348083, 0.9999997615814209, 1.0]",License Plate,51F59881,Vietnam,1.0,lp_train_2204
1081,NA,NA,NA,NA,NA,NA,lp_train_3389
1082,NA,NA,NA,NA,NA,NA,lp_train_169
1083,"[8, 81, 6, 70]","[0.9997259974479675, 0.99988853931427, 0.9999579191207886, 0.9998434782028198, 0.999896764755249, 0.9997822642326355, 0.9998936653137207, 0.999869704246521, 0.9985960125923157, 0.9998394250869751]",License Plate,52P20878,Vietnam,0.9999994039535522,lp_train_5200
1084,"[11, 361, 26, 231]","[0.9991932511329651, 0.9998875856399536, 0.9997543692588806, 0.9999551773071289, 0.9997026324272156, 0.999725878238678, 0.9999936819076538, 0.9999984502792358, 0.9999992847442627, 0.9999996423721313]",License Plate,IRF766,United States,0.9786120653152466,lp_train_4953
1085,"[1, 92, 13, 55]","[0.9702324271202087, 0.9999525547027588, 0.9997188448905945, 0.9998358488082886, 0.9997461438179016, 0.9998111128807068, 0.9998674392700195, 0.9999094009399414, 0.9999805688858032, 0.9999897480010986]",License Plate,ORINNIE,Canada,0.5400664806365967,lp_train_4026
1086,NA,NA,NA,NA,NA,NA,lp_train_3819
1087,"[25, 93, 3, 28]","[0.35126617550849915, 0.949667751789093, 0.8005983829498291, 0.9877127408981323, 0.9337125420570374, 0.9528247117996216, 0.9555482268333435, 0.999618649482727, 0.9999613761901855, 0.9998865127563477]",License Plate,M55936,Norway,0.9992165565490723,lp_train_1694
1088,"[1, 42, 3, 18]","[0.9994986057281494, 0.8450804948806763, 0.9976863861083984, 0.9957414865493774, 0.9932453036308289, 0.998001754283905, 0.9995878338813782, 0.9999889135360718, 0.9999940395355225, 0.9999947547912598]",License Plate,BM5442,Vietnam,0.9444004893302917,lp_train_4285
1089,"[0, 40, 3, 16]","[0.7771145701408386, 0.562572181224823, 0.233434796333313, 0.6418028473854065, 0.41719546914100647, 0.8177781701087952, 0.7362300753593445, 0.8497766256332397, 0.9046536087989807, 0.9954622387886047]",License Plate,11E13332,Vietnam,0.9903006553649902,lp_train_3084
1090,"[1, 102, 1, 29]","[0.9998700618743896, 0.9999243021011353, 0.9996447563171387, 0.9999183416366577, 0.9999545812606812, 0.9999114274978638, 0.9996839761734009, 0.9998958110809326, 0.9999889135360718, 0.9999955892562866]",License Plate,51F20754,Vietnam,1.0,lp_train_403
1091,"[1, 105, 0, 24]","[0.45309603214263916, 0.9989244341850281, 0.9984676241874695, 0.9995455145835876, 0.9980261921882629, 0.9992948770523071, 0.9996836185455322, 0.9857264757156372, 0.9999268054962158, 0.999993085861206]",License Plate,71G31691,Vietnam,0.9999995231628418,lp_train_1333
1092,"[8, 111, 4, 54]","[0.9999185800552368, 0.9999399185180664, 0.9918630123138428, 0.9999058246612549, 0.9999191761016846, 0.9997088313102722, 0.9999459981918335, 0.9998680353164673, 0.999994158744812, 0.9999985694885254]",License Plate,51G10209,Vietnam,0.999992847442627,lp_train_3122
1093,"[2, 54, 3, 25]","[0.9997169375419617, 0.9988511800765991, 0.9995983242988586, 0.9999780654907227, 0.9999004602432251, 0.9999239444732666, 0.9999288320541382, 0.9999918937683105, 0.999997615814209, 0.9999986886978149]",License Plate,TH4995,Vietnam,0.9993495345115662,lp_train_5040
1094,"[0, 74, 0, 21]","[0.36614030599594116, 0.9985148310661316, 0.9995224475860596, 0.9991621971130371, 0.9983731508255005, 0.996541440486908, 0.9974141120910645, 0.9984024167060852, 0.999968409538269, 0.9999818801879883]",License Plate,FF04275,Spain,0.9182966947555542,lp_train_1518
1095,"[1, 104, 0, 25]","[0.9998573064804077, 0.9998152852058411, 0.9996721744537354, 0.9998656511306763, 0.9998666048049927, 0.9999743700027466, 0.9998515844345093, 0.9993804693222046, 0.9999861717224121, 0.9999955892562866]",License Plate,51F59011,Vietnam,0.9999990463256836,lp_train_1082
1096,"[11, 106, 5, 36]","[0.999972939491272, 0.9999850988388062, 0.9999955892562866, 0.9999405145645142, 0.9999144077301025, 0.99992835521698, 0.9998668432235718, 0.9999551773071289, 0.9999895095825195, 0.9999960660934448]",License Plate,61A22959,Vietnam,0.9999998807907104,lp_train_3062
1097,"[9, 85, 0, 30]","[0.38106444478034973, 0.9986710548400879, 0.9994593262672424, 0.997904896736145, 0.9988473653793335, 0.9989812970161438, 0.9992344379425049, 0.9991136193275452, 0.9999904632568359, 0.9999938011169434]",License Plate,AG37307,Switzerland,0.47625041007995605,lp_train_3125
1098,"[0, 374, 0, 180]","[0.9997610449790955, 0.9999107122421265, 0.9998944997787476, 0.9999423027038574, 0.9995693564414978, 0.9997660517692566, 0.9966596364974976, 0.9999459981918335, 0.9999934434890747, 0.9999978542327881]",License Plate,GZN9294,Mexico,0.9996883869171143,lp_train_291
1099,"[0, 96, 4, 26]","[0.8870002627372742, 0.9997068047523499, 0.9990311861038208, 0.9996329545974731, 0.999089241027832, 0.9997863173484802, 0.9998277425765991, 0.9998008608818054, 0.9999939203262329, 0.9999982118606567]",License Plate,51F55827,Vietnam,1.0,lp_train_1646
1100,"[0, 97, 1, 28]","[0.755963921546936, 0.6145572662353516, 0.9790590405464172, 0.9980621933937073, 0.9937670230865479, 0.996051013469696, 0.9989515542984009, 0.9514665603637695, 0.9999955892562866, 0.9999990463256836]",License Plate,S1F98466,Vietnam,0.9926950931549072,lp_train_1098
1101,"[2, 149, 2, 64]","[0.999152421951294, 0.999570906162262, 0.9989123344421387, 0.9995114803314209, 0.9996329545974731, 0.9993714690208435, 0.9990345239639282, 0.9999936819076538, 0.9999991655349731, 0.9999979734420776]",License Plate,O8607CF,Spain,0.9999887943267822,lp_train_141
1102,"[2, 109, 0, 28]","[0.9996180534362793, 0.9996366500854492, 0.9999563694000244, 0.999902606010437, 0.9993300437927246, 0.9994754195213318, 0.9999392032623291, 0.9999892711639404, 0.9999980926513672, 0.9999983310699463]",License Plate,52Y6490,Vietnam,0.998675525188446,lp_train_1373
1103,"[2, 88, 8, 80]","[0.9998372793197632, 0.9999469518661499, 0.9995500445365906, 0.999951958656311, 0.9999760389328003, 0.9998518228530884, 0.9999181032180786, 0.9981383085250854, 0.9999769926071167, 0.9997537732124329]",License Plate,59T103617,Vietnam,0.9999996423721313,lp_train_5440
1104,"[0, 91, 5, 30]","[0.21945899724960327, 0.9995927214622498, 0.9988546371459961, 0.9998916387557983, 0.9998642206192017, 0.9998553991317749, 0.9993453621864319, 0.9997826218605042, 0.999743640422821, 0.9999215602874756]",License Plate,21D10039,Vietnam,0.9999974966049194,lp_train_1654
1105,"[1, 108, 8, 43]","[0.999743640422821, 0.9999368190765381, 0.9999942779541016, 0.9999784231185913, 0.9998522996902466, 0.9999754428863525, 0.9999810457229614, 0.9999297857284546, 0.9999958276748657, 0.999998927116394]",License Plate,51A96141,Vietnam,0.9999994039535522,lp_train_2592
1106,"[7, 116, 5, 32]","[0.9998475313186646, 0.999907374382019, 0.999464213848114, 0.999904990196228, 0.9998302459716797, 0.9998239874839783, 0.9998482465744019, 0.999875545501709, 0.9999992847442627, 0.9999997615814209]",License Plate,51F31118,Vietnam,0.9999997615814209,lp_train_2267
1107,NA,NA,NA,NA,NA,NA,lp_train_6011
1108,NA,NA,NA,NA,NA,NA,lp_train_4425
1109,NA,NA,NA,NA,NA,NA,lp_train_1751
1110,"[7, 89, 9, 75]","[0.9996612071990967, 0.9998443126678467, 0.999976634979248, 0.9978882670402527, 0.9997472167015076, 0.9997501969337463, 0.9998669624328613, 0.9997696280479431, 0.9999161958694458, 0.9997804760932922]",License Plate,84E126377,Vietnam,0.9999614953994751,lp_train_5536
1111,"[0, 95, 4, 29]","[0.999910831451416, 0.9999046325683594, 0.9999221563339233, 0.9999024868011475, 0.9996198415756226, 0.9998505115509033, 0.9998237490653992, 0.9999538660049438, 0.9999942779541016, 0.9999979734420776]",License Plate,30E00090,Vietnam,0.9999998807907104,lp_train_3284
1112,NA,NA,NA,NA,NA,NA,lp_train_5358
1113,"[0, 97, 0, 78]","[0.9999765157699585, 0.9999535083770752, 0.9999779462814331, 0.9999591112136841, 0.9997872710227966, 0.9999071359634399, 0.9998900890350342, 0.9999547004699707, 0.9997991919517517, 0.9999390840530396]",License Plate,62K109571,Vietnam,0.9999974966049194,lp_train_5527
1114,"[0, 107, 3, 41]","[0.999915361404419, 0.9999792575836182, 0.9999940395355225, 0.999971866607666, 0.999900221824646, 0.9999525547027588, 0.99996018409729, 0.9999793767929077, 0.9999885559082031, 0.9999973773956299]",License Plate,51A89714,Vietnam,0.999998927116394,lp_train_2754
1115,"[0, 73, 2, 23]","[0.9991052746772766, 0.9999370574951172, 0.9997860789299011, 0.9999905824661255, 0.9998370409011841, 0.9998879432678223, 0.9999116659164429, 0.9998656511306763, 0.9999960660934448, 0.9999990463256836]",License Plate,51F06948,Vietnam,1.0,lp_train_1163
1116,"[1, 49, 2, 19]","[0.9912351369857788, 0.9997108578681946, 0.9999055862426758, 0.9999390840530396, 0.9997544884681702, 0.9998422861099243, 0.9987156391143799, 0.9994300007820129, 0.9996325969696045, 0.9999349117279053]",License Plate,51A01204,Vietnam,0.9999997615814209,lp_train_3557
1117,"[4, 94, 5, 29]","[0.999953031539917, 0.9998075366020203, 0.9999909400939941, 0.9999899864196777, 0.9998489618301392, 0.99993896484375, 0.9999599456787109, 0.9999189376831055, 0.9999741315841675, 0.9999957084655762]",License Plate,62A05772,Vietnam,1.0,lp_train_601
1118,"[0, 178, 0, 40]","[0.9999914169311523, 0.9999792575836182, 0.9998863935470581, 0.9999172687530518, 0.9997548460960388, 0.9998106360435486, 0.9999849796295166, 0.9999988079071045, 0.9999998807907104, 0.9999998807907104]",License Plate,KSC124,Germany,0.9999892711639404,lp_train_4526
1119,"[4, 119, 6, 30]","[0.9997636675834656, 0.9994643330574036, 0.5047116279602051, 0.9999501705169678, 0.9999098777770996, 0.9733967781066895, 0.9997671246528625, 0.9994161128997803, 0.9995179176330566, 0.9956617951393127]",License Plate,MH01AV8866,Unknown,0.9968687891960144,lp_train_3841
1120,"[0, 92, 1, 26]","[0.9999150037765503, 0.9999866485595703, 0.9999920129776001, 0.9999340772628784, 0.9998996257781982, 0.9998633861541748, 0.99994957447052, 0.9999723434448242, 0.9999984502792358, 0.9999994039535522]",License Plate,51A77529,Vietnam,0.9999990463256836,lp_train_423
1121,"[1, 80, 5, 25]","[0.999921441078186, 0.9998940229415894, 0.999996542930603, 0.9998509883880615, 0.9999372959136963, 0.9998639822006226, 0.9998708963394165, 0.9999240636825562, 0.9999996423721313, 0.9999998807907104]",License Plate,29A51796,Vietnam,1.0,lp_train_1123
1122,"[2, 120, 10, 59]","[0.9998950958251953, 0.9999345541000366, 0.9995365142822266, 0.9999327659606934, 0.9999408721923828, 0.9998692274093628, 0.9997947812080383, 0.9998741149902344, 0.9999860525131226, 0.9999959468841553]",License Plate,51G51332,Vietnam,0.9999997615814209,lp_train_2404
1123,NA,NA,NA,NA,NA,NA,lp_train_5882
1124,"[0, 92, 3, 29]","[0.999045193195343, 0.9999362230300903, 0.9998464584350586, 0.999945878982544, 0.9997510313987732, 0.9999433755874634, 0.9998750686645508, 0.9998821020126343, 0.9999994039535522, 0.9999998807907104]",License Plate,51G25181,Vietnam,0.9999998807907104,lp_train_1706
1125,NA,NA,NA,NA,NA,NA,lp_train_5259
1126,"[1, 39, 1, 11]","[0.976445734500885, 0.964089572429657, 0.494991272687912, 0.4949295222759247, 0.4583471417427063, 0.1685759276151657, 0.724889874458313, 0.694071352481842, 0.9900902509689331, 0.9988760352134705]",License Plate,51B4977,Vietnam,0.28935131430625916,lp_train_2138
1127,"[0, 108, 2, 32]","[0.9998531341552734, 0.9999891519546509, 0.9999970197677612, 0.9999669790267944, 0.9999299049377441, 0.9999855756759644, 0.999974250793457, 0.9998406171798706, 0.9999940395355225, 0.9999979734420776]",License Plate,51A72078,Vietnam,1.0,lp_train_1621
1128,"[8, 94, 8, 76]","[0.9999746084213257, 0.9999380111694336, 0.9950821399688721, 0.9995044469833374, 0.9999470710754395, 0.9998956918716431, 0.9999041557312012, 0.9557327628135681, 0.9996728897094727, 0.9997877478599548]",License Plate,70K105963,Vietnam,0.9999986886978149,lp_train_5386
1129,"[2, 90, 3, 70]","[0.9997859597206116, 0.9999315738677979, 0.9997816681861877, 0.9998338222503662, 0.9998898506164551, 0.9999538660049438, 0.9998735189437866, 0.9997655749320984, 0.9997442364692688, 0.9999566078186035]",License Plate,54T30255,Vietnam,0.9999853372573853,lp_train_6185
1130,"[18, 108, 0, 41]","[0.9588668346405029, 0.7570564150810242, 0.28847384452819824, 0.9680381417274475, 0.9864973425865173, 0.9834339618682861, 0.7392499446868896, 0.974322497844696, 0.9997524619102478, 0.9998205304145813]",License Plate,1EL0142,Armenia,0.30097800493240356,lp_train_2335
1131,"[1, 37, 1, 11]","[0.9117757081985474, 0.9763561487197876, 0.43881329894065857, 0.7680808901786804, 0.7666886448860168, 0.8260383605957031, 0.8030905723571777, 0.9862204790115356, 0.9997336268424988, 0.9999610185623169]",License Plate,MUA1418,Greece,0.9242560267448425,lp_train_2720
1132,"[0, 48, 11, 29]","[0.9999369382858276, 0.9999186992645264, 0.9999778270721436, 0.9998809099197388, 0.999846339225769, 0.9983612895011902, 0.9999221563339233, 0.9999994039535522, 0.9999997615814209, 0.9999996423721313]",License Plate,W718AX,France,0.9991482496261597,lp_train_3991
1133,"[2, 123, 2, 44]","[0.999843955039978, 0.9999821186065674, 0.999997615814209, 0.9999951124191284, 0.9999148845672607, 0.9999456405639648, 0.999934196472168, 0.9999887943267822, 0.9999814033508301, 0.9999951124191284]",License Plate,51A05227,Vietnam,1.0,lp_train_2511
1134,"[2, 150, 8, 110]","[0.9999270439147949, 0.9995101690292358, 0.9998747110366821, 0.9999567270278931, 0.9999680519104004, 0.9999427795410156, 0.9999669790267944, 0.9998108744621277, 0.9998815059661865, 0.9995949864387512]",License Plate,65D102972,Vietnam,0.9999877214431763,lp_train_7033
1135,NA,NA,NA,NA,NA,NA,lp_train_6255
1136,NA,NA,NA,NA,NA,NA,lp_train_5119
1137,"[1, 47, 5, 13]","[0.5498837828636169, 0.9556322693824768, 0.46108612418174744, 0.9823737144470215, 0.9689590334892273, 0.9694191813468933, 0.3659587502479553, 0.9940833449363708, 0.9999542236328125, 0.9999723434448242]",License Plate,6127836,Israel,0.7189053893089294,lp_train_3823
1138,NA,NA,NA,NA,NA,NA,lp_train_4255
1139,NA,NA,NA,NA,NA,NA,lp_train_6187
1140,NA,NA,NA,NA,NA,NA,lp_train_5973
1141,"[6, 96, 1, 30]","[0.9999083280563354, 0.9996079802513123, 0.9998103976249695, 0.9999626874923706, 0.9999110698699951, 0.9999347925186157, 0.999972939491272, 0.9998914003372192, 0.9999954700469971, 0.9999988079071045]",License Plate,51F78396,Vietnam,1.0,lp_train_711
1142,NA,NA,NA,NA,NA,NA,lp_train_5516
1143,NA,NA,NA,NA,NA,NA,lp_train_4031
1144,"[1, 107, 3, 32]","[0.9997932314872742, 0.999931812286377, 0.9996280670166016, 0.9999147653579712, 0.9998694658279419, 0.9999079704284668, 0.9999074935913086, 0.999816358089447, 0.9999945163726807, 0.9999986886978149]",License Plate,51G31691,Vietnam,1.0,lp_train_1990
1145,"[0, 103, 1, 34]","[0.25076329708099365, 0.9997667670249939, 0.9999836683273315, 0.9994163513183594, 0.9999650716781616, 0.9999741315841675, 0.9999798536300659, 0.9997952580451965, 0.9999899864196777, 0.9999942779541016]",License Plate,71A30001,Vietnam,0.9999914169311523,lp_train_1690
1146,"[101, 1066, 10, 665]","[0.9998607635498047, 0.9999606609344482, 0.9998393058776855, 0.9998754262924194, 0.9999635219573975, 0.9999508857727051, 0.9999325275421143, 0.999993085861206, 0.999997615814209, 0.999997615814209]",License Plate,HAB839C,Mexico,0.9999969005584717,lp_train_4118
1147,NA,NA,NA,NA,NA,NA,lp_train_6750
1148,"[1, 52, 2, 17]","[0.9970888495445251, 0.9956095814704895, 0.9998637437820435, 0.8707801103591919, 0.999546229839325, 0.9997017979621887, 0.9998489618301392, 0.9998264908790588, 0.9998365640640259, 0.9999878406524658]",License Plate,51A89714,Vietnam,0.9999550580978394,lp_train_1636
1149,"[0, 113, 7, 71]","[0.9997603297233582, 0.9999701976776123, 0.9997115731239319, 0.9998939037322998, 0.9998503923416138, 0.9998106360435486, 0.9991229176521301, 0.9999575614929199, 0.9999935626983643, 0.9999977350234985]",License Plate,51F16159,Vietnam,1.0,lp_train_3048
1150,NA,NA,NA,NA,NA,NA,lp_train_336
1151,"[0, 98, 9, 70]","[0.9997426867485046, 0.9991366267204285, 0.9999910593032837, 0.9998743534088135, 0.9983617663383484, 0.999822199344635, 0.9997567534446716, 0.7447289824485779, 0.9999957084655762, 0.9999990463256836]",License Plate,51A85323,Vietnam,0.9999992847442627,lp_train_3174
1152,NA,NA,NA,NA,NA,NA,lp_train_6544
1153,"[0, 277, 0, 130]","[0.9742029309272766, 0.999911904335022, 0.9998151659965515, 0.9998784065246582, 0.999935507774353, 0.9998483657836914, 0.9999140501022339, 0.999992847442627, 0.9999967813491821, 0.9999967813491821]",License Plate,NCX7236,Mexico,0.9999082088470459,lp_train_333
1154,"[1, 271, 0, 136]","[0.9992530941963196, 0.9999854564666748, 0.999767005443573, 0.9999539852142334, 0.999947190284729, 0.999994158744812, 0.9999903440475464, 0.999998927116394, 0.9999992847442627, 0.9999991655349731]",License Plate,K60AWY,Mexico,0.9982866644859314,lp_train_333
1155,"[5, 94, 3, 26]","[0.9990936517715454, 0.9999371767044067, 0.9997345805168152, 0.9999395608901978, 0.9999290704727173, 0.9998297691345215, 0.9999618530273438, 0.9999680519104004, 0.9999934434890747, 0.999996542930603]",License Plate,51G21670,Vietnam,0.9999961853027344,lp_train_2028
1156,"[0, 669, 36, 345]","[0.20320600271224976, 0.998877227306366, 0.9977453351020813, 0.9999336004257202, 0.9997555613517761, 0.999566376209259, 0.9994524121284485, 0.9999465942382812, 0.999975323677063, 0.9999724626541138]",License Plate,ZEZ1276,Mexico,0.9999982118606567,lp_train_212
1157,"[0, 103, 4, 36]","[0.9954103827476501, 0.9998540878295898, 0.9996292591094971, 0.999864935874939, 0.9995966553688049, 0.9997928738594055, 0.999848484992981, 0.9998859167098999, 0.9999771118164062, 0.9999938011169434]",License Plate,51F24476,Vietnam,1.0,lp_train_2180
1158,"[3, 117, 7, 39]","[0.9999189376831055, 0.9999376535415649, 0.9997963309288025, 0.9999903440475464, 0.9997377991676331, 0.9999533891677856, 0.9998225569725037, 0.9999494552612305, 0.9999300241470337, 0.999988317489624]",License Plate,51F07973,Vietnam,0.9999998807907104,lp_train_2213
1159,"[5, 144, 5, 52]","[0.9998481273651123, 0.999902606010437, 0.999796450138092, 0.9999459981918335, 0.9999439716339111, 0.9999233484268188, 0.9998204112052917, 0.9998503923416138, 0.9998421669006348, 0.999970555305481]",License Plate,51G00672,Vietnam,0.9999997615814209,lp_train_2062
1160,"[0, 76, 9, 39]","[0.9997273087501526, 0.8187429904937744, 0.8666802644729614, 0.9697278141975403, 0.9998728036880493, 0.9998701810836792, 0.9998940229415894, 0.9999865293502808, 0.9999912977218628, 0.9999955892562866]",License Plate,700V,United Kingdom,0.7980351448059082,lp_train_3969
1161,"[0, 95, 4, 29]","[0.9137538075447083, 0.9992644190788269, 0.9984631538391113, 0.999832272529602, 0.9997195601463318, 0.9993077516555786, 0.9966639876365662, 0.9999148845672607, 0.9999973773956299, 0.9999984502792358]",License Plate,51F16159,Vietnam,0.9999995231628418,lp_train_1929
1162,"[2, 52, 0, 17]","[0.9999253749847412, 0.999937891960144, 0.999704897403717, 0.9999034404754639, 0.9998335838317871, 0.9991558790206909, 0.9998154044151306, 0.9995483756065369, 0.999963641166687, 0.9999892711639404]",License Plate,51A64826,Vietnam,0.9999996423721313,lp_train_2946
1163,"[3, 254, 5, 140]","[0.9998555183410645, 0.9998598098754883, 0.9997707009315491, 0.9996986389160156, 0.999090313911438, 0.9956657290458679, 0.9996985197067261, 0.999968409538269, 0.9999949932098389, 0.9999974966049194]",License Plate,BUMBEEB,United States,0.9996234178543091,lp_train_4721
1164,"[0, 85, 0, 68]","[0.999896764755249, 0.9999384880065918, 0.9998038411140442, 0.9998026490211487, 0.9998910427093506, 0.9992333650588989, 0.9999450445175171, 0.9999028444290161, 0.9991998076438904, 0.9999651908874512]",License Plate,59U151771,Vietnam,0.9999994039535522,lp_train_6694
1165,"[1, 88, 0, 22]","[0.9993533492088318, 0.9999133348464966, 0.9997937083244324, 0.9999244213104248, 0.9998888969421387, 0.9996944665908813, 0.9998257756233215, 0.9998218417167664, 0.9999939203262329, 0.9999974966049194]",License Plate,51G51292,Vietnam,0.9999912977218628,lp_train_590
1166,NA,NA,NA,NA,NA,NA,lp_train_069
1167,"[1, 84, 0, 22]","[0.9998094439506531, 0.9999518394470215, 0.9999938011169434, 0.99994957447052, 0.9998252987861633, 0.9998972415924072, 0.9998922348022461, 0.9927492141723633, 0.999984860420227, 0.999988317489624]",License Plate,51A69172,Vietnam,0.9999979734420776,lp_train_1821
1168,NA,NA,NA,NA,NA,NA,lp_train_5878
1169,"[10, 80, 8, 67]","[0.9997124075889587, 0.9998692274093628, 0.9996293783187866, 0.9995110034942627, 0.9997391104698181, 0.999674916267395, 0.9993993043899536, 0.9998730421066284, 0.9999175071716309, 0.9999897480010986]",License Plate,54V15558,Vietnam,0.9999932050704956,lp_train_5207
1170,"[8, 86, 7, 69]","[0.9997597336769104, 0.9998986721038818, 0.9984548091888428, 0.9997592568397522, 0.9997550845146179, 0.9998362064361572, 0.9999371767044067, 0.9984291195869446, 0.9962354302406311, 0.999940037727356]",License Plate,59V192411,Vietnam,1.0,lp_train_5569
1171,"[0, 110, 0, 30]","[0.9993983507156372, 0.9999185800552368, 0.999681830406189, 0.9999196529388428, 0.9998421669006348, 0.9998522996902466, 0.9996132254600525, 0.9998406171798706, 0.9997950196266174, 0.9999711513519287]",License Plate,51F21255,Vietnam,0.9999998807907104,lp_train_1790
1172,"[23, 583, 33, 325]","[0.9999382495880127, 0.9999537467956543, 0.9999740123748779, 0.9999837875366211, 0.9999334812164307, 0.9998103976249695, 0.999923825263977, 0.9999912977218628, 0.9999934434890747, 0.9999948740005493]",License Plate,PRUURVU,United States,0.9994729161262512,lp_train_4910
1173,NA,NA,NA,NA,NA,NA,lp_train_4907
1174,"[1, 90, 8, 81]","[0.9994540810585022, 0.9972593784332275, 0.9999247789382935, 0.9998598098754883, 0.9999674558639526, 0.9998915195465088, 0.9998965263366699, 0.999971866607666, 0.9998311996459961, 0.9999856948852539]",License Plate,55P89613,Vietnam,0.9999872446060181,lp_train_5213
1175,"[0, 111, 0, 33]","[0.9998753070831299, 0.9999508857727051, 0.9997745156288147, 0.9999887943267822, 0.9997302889823914, 0.9999599456787109, 0.9998738765716553, 0.9999446868896484, 0.9999837875366211, 0.9999951124191284]",License Plate,51F07973,Vietnam,1.0,lp_train_1573
1176,"[1, 77, 1, 22]","[0.9997772574424744, 0.9999803304672241, 0.9999970197677612, 0.9999387264251709, 0.9998883008956909, 0.9998049139976501, 0.9999135732650757, 0.9999241828918457, 0.9999955892562866, 0.9999973773956299]",License Plate,51A77529,Vietnam,0.9999997615814209,lp_train_561
1177,"[1, 121, 3, 31]","[0.9975082874298096, 0.9999687671661377, 0.9999936819076538, 0.9999650716781616, 0.9998076558113098, 0.9998377561569214, 0.9998430013656616, 0.9987670183181763, 0.9999971389770508, 0.9999990463256836]",License Plate,51A25668,Vietnam,0.9999988079071045,lp_train_2220
1178,NA,NA,NA,NA,NA,NA,lp_train_5769
1179,"[1, 52, 1, 16]","[0.9801408648490906, 0.9997842907905579, 0.9996007084846497, 0.9753866195678711, 0.9996432065963745, 0.9994601607322693, 0.9997110962867737, 0.999640941619873, 0.9999970197677612, 0.9999997615814209]",License Plate,51F61712,Vietnam,0.9999985694885254,lp_train_3367
1180,"[0, 96, 4, 56]","[0.9998623132705688, 0.999687910079956, 0.9994956254959106, 0.9998924732208252, 0.9999173879623413, 0.999669075012207, 0.9995943903923035, 0.9998378753662109, 0.9999778270721436, 0.9999873638153076]",License Plate,51F20754,Vietnam,0.9999988079071045,lp_train_2713
1181,NA,NA,NA,NA,NA,NA,lp_train_4357
1182,NA,NA,NA,NA,NA,NA,lp_train_4357
1183,"[2, 90, 0, 76]","[0.9998830556869507, 0.999970555305481, 0.9998194575309753, 0.9999645948410034, 0.9999022483825684, 0.9998925924301147, 0.9999508857727051, 0.9986997842788696, 0.999970555305481, 0.9999020099639893]",License Plate,59T185717,Vietnam,0.9999992847442627,lp_train_5366
1184,NA,NA,NA,NA,NA,NA,lp_train_6131
1185,NA,NA,NA,NA,NA,NA,lp_train_5155
1186,NA,NA,NA,NA,NA,NA,lp_train_6060
1187,"[11, 90, 4, 74]","[0.9997773766517639, 0.9980510473251343, 0.9998806715011597, 0.9989829659461975, 0.9998849630355835, 0.9998795986175537, 0.9998373985290527, 0.9997586607933044, 0.9999310970306396, 0.9999690055847168]",License Plate,86X15955,Vietnam,0.999680757522583,lp_train_5621
1188,"[13, 219, 3, 69]","[0.9999586343765259, 0.9998902082443237, 0.9999722242355347, 0.9999535083770752, 0.9999469518661499, 0.9996858835220337, 0.9999649524688721, 0.9999662637710571, 0.9999727010726929, 0.9999914169311523]",License Plate,OY11HVE,United Kingdom,0.9999970197677612,lp_train_4601
1189,NA,NA,NA,NA,NA,NA,lp_train_6000
1190,"[14, 255, 10, 132]","[0.9999275207519531, 0.9999819993972778, 0.9998971223831177, 0.9999916553497314, 0.9998792409896851, 0.999981164932251, 0.9999603033065796, 0.999950647354126, 0.9999839067459106, 0.9999879598617554]",License Plate,BYBYGAS,United States,0.9672290086746216,lp_train_4895
1191,NA,NA,NA,NA,NA,NA,lp_train_1294
1192,"[3, 137, 5, 95]","[0.9997735619544983, 0.9993085861206055, 0.9999337196350098, 0.9999393224716187, 0.9999580383300781, 0.9999806880950928, 0.9996750354766846, 0.9998769760131836, 0.9987379908561707, 0.999885082244873]",License Plate,95P22098,Vietnam,0.9999809265136719,lp_train_7032
1193,"[5, 66, 8, 56]","[0.9990695118904114, 0.9998353719711304, 0.9998067021369934, 0.9793603420257568, 0.999744713306427, 0.9999446868896484, 0.9998999834060669, 0.9997621178627014, 0.9998582601547241, 0.9999487400054932]",License Plate,59F170424,Vietnam,0.9999998807907104,lp_train_6786
1194,NA,NA,NA,NA,NA,NA,lp_train_6773
1195,"[0, 764, 0, 386]","[0.9998462200164795, 0.9998231530189514, 0.9997848868370056, 0.9998552799224854, 0.9997345805168152, 0.9997748732566833, 0.9998272061347961, 0.9999979734420776, 0.999998927116394, 0.9999990463256836]",License Plate,282662,United States,0.9982672929763794,lp_train_317
1196,NA,NA,NA,NA,NA,NA,lp_train_4376
1197,NA,NA,NA,NA,NA,NA,lp_train_4376
1198,NA,NA,NA,NA,NA,NA,lp_train_4376
1199,"[0, 96, 2, 31]","[0.9989449381828308, 0.9999169111251831, 0.9997711777687073, 0.9999151229858398, 0.9999288320541382, 0.9998618364334106, 0.9997815489768982, 0.999846339225769, 0.9999936819076538, 0.9999970197677612]",License Plate,51G51332,Vietnam,0.9999996423721313,lp_train_1678
1200,NA,NA,NA,NA,NA,NA,lp_train_5024
1201,"[6, 85, 13, 73]","[0.9989954829216003, 0.9998893737792969, 0.9999247789382935, 0.9998524188995361, 0.9998825788497925, 0.9999442100524902, 0.9999285936355591, 0.9999212026596069, 0.9999662637710571, 0.9998636245727539]",License Plate,59P220770,Vietnam,1.0,lp_train_5363
1202,"[0, 108, 3, 41]","[0.9997901320457458, 0.9998568296432495, 0.9998875856399536, 0.9997550845146179, 0.9998595714569092, 0.9998745918273926, 0.9995056390762329, 0.9999903440475464, 0.9999970197677612, 0.9999984502792358]",License Plate,30V3993,Vietnam,0.999943733215332,lp_train_3104
1203,"[3, 77, 1, 22]","[0.9996020197868347, 0.9999387264251709, 0.9996960163116455, 0.9997503161430359, 0.9998569488525391, 0.9991959929466248, 0.9972315430641174, 0.9998835325241089, 0.9999724626541138, 0.9999916553497314]",License Plate,51G50553,Vietnam,0.9999985694885254,lp_train_488
1204,"[0, 107, 1, 31]","[0.995775043964386, 0.999956488609314, 0.9999865293502808, 0.999947190284729, 0.9996529817581177, 0.9998549222946167, 0.9998791217803955, 0.9997721314430237, 0.9999916553497314, 0.9999973773956299]",License Plate,51A85325,Vietnam,0.9999995231628418,lp_train_1614
1205,"[3, 52, 3, 30]","[0.9997186064720154, 0.9997287392616272, 0.8600253462791443, 0.9990729093551636, 0.9997971653938293, 0.99964439868927, 0.9985320568084717, 0.9996639490127563, 0.9997709393501282, 0.9999830722808838]",License Plate,59V189158,Vietnam,0.9999949932098389,lp_train_6107
1206,NA,NA,NA,NA,NA,NA,lp_train_4684
1207,NA,NA,NA,NA,NA,NA,lp_train_4330
1208,NA,NA,NA,NA,NA,NA,lp_train_4330
1209,"[0, 101, 0, 27]","[0.9981340765953064, 0.9999351501464844, 0.9998538494110107, 0.9999861717224121, 0.9998164772987366, 0.9997052550315857, 0.999881386756897, 0.9999380111694336, 0.9998902082443237, 0.9999945163726807]",License Plate,51G01177,Vietnam,1.0,lp_train_1338
1210,"[0, 41, 4, 19]","[0.8942555785179138, 0.9513691663742065, 0.9642773270606995, 0.9996448755264282, 0.9981470108032227, 0.998320996761322, 0.9937680959701538, 0.9952483773231506, 0.9999220371246338, 0.9999668598175049]",License Plate,51G21748,Vietnam,0.9999997615814209,lp_train_3397
1211,"[0, 102, 2, 40]","[0.5816689729690552, 0.9984146356582642, 0.9977012276649475, 0.9998966455459595, 0.9991016387939453, 0.9977797865867615, 0.9996932744979858, 0.9998015761375427, 0.9999984502792358, 0.9999996423721313]",License Plate,51F15585,Vietnam,0.9999914169311523,lp_train_2407
1212,NA,NA,NA,NA,NA,NA,lp_train_5204
1213,"[2, 103, 4, 60]","[0.9998762607574463, 0.9998376369476318, 0.9997001886367798, 0.9998759031295776, 0.9995043277740479, 0.9998636245727539, 0.9987519979476929, 0.8123222589492798, 0.9999326467514038, 0.9999856948852539]",License Plate,51G37675,Vietnam,0.999991774559021,lp_train_2760
1214,NA,NA,NA,NA,NA,NA,lp_train_4269
1215,"[0, 100, 0, 27]","[0.9998805522918701, 0.9998953342437744, 0.9998292922973633, 0.9999569654464722, 0.9998241066932678, 0.999699592590332, 0.9998145699501038, 0.9999719858169556, 0.9999957084655762, 0.9999978542327881]",License Plate,50Z0618,Vietnam,0.999933123588562,lp_train_2558
1216,NA,NA,NA,NA,NA,NA,lp_train_2962
1217,NA,NA,NA,NA,NA,NA,lp_train_058
1218,"[0, 79, 1, 22]","[0.9998840093612671, 0.9998247027397156, 0.9997580647468567, 0.9998788833618164, 0.9998838901519775, 0.9999598264694214, 0.9999032020568848, 0.9999425411224365, 0.9997225403785706, 0.9998767375946045]",License Plate,93LD00103,Vietnam,0.9999483823776245,lp_train_1457
1219,"[0, 448, 25, 267]","[0.999771773815155, 0.9998794794082642, 0.9998927116394043, 0.9998051524162292, 0.9993376135826111, 0.9998904466629028, 0.999751627445221, 0.9999961853027344, 0.9999991655349731, 0.9999995231628418]",License Plate,4XPT894,United States,0.9999738931655884,lp_train_4077
1220,"[2, 447, 0, 221]","[0.9998190999031067, 0.9999110698699951, 0.9998716115951538, 0.9997524619102478, 0.9996640682220459, 0.9987611770629883, 0.9999648332595825, 0.9999911785125732, 0.9999990463256836, 0.9999998807907104]",License Plate,4MBS341,United States,0.9999855756759644,lp_train_4077
1221,"[0, 447, 0, 188]","[0.9997110962867737, 0.9999839067459106, 0.9997735619544983, 0.9997290968894958, 0.9999094009399414, 0.998221218585968, 0.9999672174453735, 0.999988317489624, 0.9999986886978149, 0.9999996423721313]",License Plate,6WNP981,United States,0.9997947812080383,lp_train_4077
1222,"[102, 1005, 56, 569]","[0.999747097492218, 0.9994822144508362, 0.9997616410255432, 0.9999103546142578, 0.9998268485069275, 0.9998579025268555, 0.999852180480957, 0.9999904632568359, 0.9999940395355225, 0.9999971389770508]",License Plate,HAM455B,Mexico,0.9999880790710449,lp_train_4164
1223,NA,NA,NA,NA,NA,NA,lp_train_6706
1224,"[2, 146, 0, 34]","[0.9997816681861877, 0.9999035596847534, 0.9996925592422485, 0.99992835521698, 0.999870777130127, 0.9999194145202637, 0.9998586177825928, 0.9997928738594055, 0.9999984502792358, 0.9999995231628418]",License Plate,51G31691,Vietnam,1.0,lp_train_1939
1225,"[2, 45, 2, 30]","[0.9998787641525269, 0.9998630285263062, 0.9999686479568481, 0.9998658895492554, 0.9999604225158691, 0.9987335801124573, 0.9999239444732666, 0.9998949766159058, 0.9998986721038818, 0.9999607801437378]",License Plate,59C201909,Vietnam,0.9999997615814209,lp_train_5948
1226,"[3, 110, 0, 26]","[0.9998931884765625, 0.9999101161956787, 0.9999868869781494, 0.9999833106994629, 0.9994192123413086, 0.9996993541717529, 0.9998941421508789, 0.9995235204696655, 0.9999798536300659, 0.9999971389770508]",License Plate,62A05195,Vietnam,1.0,lp_train_1673
1227,NA,NA,NA,NA,NA,NA,lp_train_6637
1228,NA,NA,NA,NA,NA,NA,lp_train_3689
1229,NA,NA,NA,NA,NA,NA,lp_train_5084
1230,"[3, 55, 4, 13]","[0.6078845262527466, 0.4254957139492035, 0.5573528409004211, 0.71572345495224, 0.9121268391609192, 0.6079728603363037, 0.8425503969192505, 0.23395895957946777, 0.9943344593048096, 0.9998669624328613]",License Plate,61F66009,Vietnam,0.9690723419189453,lp_train_2217
1231,"[4, 115, 3, 37]","[0.9998985528945923, 0.9999674558639526, 0.9999942779541016, 0.9999563694000244, 0.999921441078186, 0.999969482421875, 0.9999637603759766, 0.9999809265136719, 0.9999243021011353, 0.9999903440475464]",License Plate,51A89714,Vietnam,1.0,lp_train_446
1232,"[3, 234, 0, 118]","[0.9912818670272827, 0.999477207660675, 0.9996727705001831, 0.9999676942825317, 0.9995143413543701, 0.9997393488883972, 0.9999850988388062, 0.9999948740005493, 0.9999970197677612, 0.9999978542327881]",License Plate,EV09FTW,United States,0.954681932926178,lp_train_3887
1233,"[7, 83, 7, 65]","[0.9997643828392029, 0.9999474287033081, 0.9999217987060547, 0.9999200105667114, 0.9999204874038696, 0.999980092048645, 0.9999738931655884, 0.9997864365577698, 0.9998251795768738, 0.9999585151672363]",License Plate,59F120066,Vietnam,0.9999998807907104,lp_train_5706
1234,NA,NA,NA,NA,NA,NA,lp_train_6034
1235,NA,NA,NA,NA,NA,NA,lp_train_4019
1236,"[2, 102, 1, 28]","[0.9996494054794312, 0.9999145269393921, 0.9994729161262512, 0.9998492002487183, 0.9995487332344055, 0.9998340606689453, 0.9998873472213745, 0.9999263286590576, 0.9999033212661743, 0.999984860420227]",License Plate,51F44614,Vietnam,1.0,lp_train_987
1237,"[1, 80, 4, 26]","[0.9995999932289124, 0.9999527931213379, 0.9999961853027344, 0.9999691247940063, 0.9999138116836548, 0.9999227523803711, 0.9999505281448364, 0.9999395608901978, 0.9999946355819702, 0.9999979734420776]",License Plate,51A69172,Vietnam,1.0,lp_train_913
1238,"[2, 96, 0, 81]","[0.9999425411224365, 0.9999377727508545, 0.9999796152114868, 0.9999086856842041, 0.9999302625656128, 0.9999198913574219, 0.999994158744812, 0.9999730587005615, 0.9997674822807312, 0.9999451637268066]",License Plate,51L82105,Vietnam,0.9999886751174927,lp_train_6334
1239,NA,NA,NA,NA,NA,NA,lp_train_4171
1240,"[2, 45, 2, 31]","[0.9998553991317749, 0.9998899698257446, 0.9997391104698181, 0.9983009696006775, 0.9997509121894836, 0.9996384382247925, 0.9998421669006348, 0.9997212290763855, 0.9997871518135071, 0.9999476671218872]",License Plate,34K23664,Vietnam,0.9951955676078796,lp_train_6024
1241,"[0, 97, 3, 38]","[0.99992835521698, 0.9999643564224243, 0.9999958276748657, 0.9999339580535889, 0.999923825263977, 0.9997945427894592, 0.9999414682388306, 0.9999699592590332, 0.9999977350234985, 0.9999988079071045]",License Plate,61A39534,Vietnam,1.0,lp_train_3145
1242,"[10, 93, 9, 79]","[0.937938928604126, 0.9998594522476196, 0.9996510744094849, 0.9323392510414124, 0.999805748462677, 0.9998635053634644, 0.9998620748519897, 0.9998347759246826, 0.9993853569030762, 0.9999198913574219]",License Plate,43HT6799,Vietnam,0.9999856948852539,lp_train_5285
1243,"[11, 106, 0, 31]","[0.7770799398422241, 0.9955862760543823, 0.9994437098503113, 0.9995443224906921, 0.9996519088745117, 0.9992842078208923, 0.9992350339889526, 0.9996634721755981, 0.999998927116394, 0.9999995231628418]",License Plate,9A51796,Spain,0.9678400158882141,lp_train_878
1244,"[3, 258, 0, 67]","[0.9999898672103882, 0.9998013377189636, 0.9997062087059021, 0.9998760223388672, 0.9998860359191895, 0.9999415874481201, 0.9999780654907227, 0.9999411106109619, 0.9999942779541016, 0.9999905824661255]",License Plate,S200OUK,United Kingdom,0.9999825954437256,lp_train_4842
1245,NA,NA,NA,NA,NA,NA,lp_train_3278
1246,NA,NA,NA,NA,NA,NA,lp_train_5908
1247,NA,NA,NA,NA,NA,NA,lp_train_5942
1248,NA,NA,NA,NA,NA,NA,lp_train_5027
1249,"[1, 145, 0, 99]","[0.9998470544815063, 0.9996781349182129, 0.9934479594230652, 0.9990291595458984, 0.9998142123222351, 0.999817430973053, 0.9998619556427002, 0.9996151924133301, 0.9998668432235718, 0.999975323677063]",License Plate,65U23442,Vietnam,0.9999963045120239,lp_train_7010
1250,NA,NA,NA,NA,NA,NA,lp_train_2517
1251,"[2, 108, 5, 33]","[0.9999550580978394, 0.999981164932251, 0.9999032020568848, 0.9999290704727173, 0.9999402761459351, 0.9999359846115112, 0.9999786615371704, 0.9996620416641235, 0.9998977184295654, 0.9992756247520447]",License Plate,50LD04411,Vietnam,0.9999994039535522,lp_train_1274
1252,"[8, 88, 9, 71]","[0.9988516569137573, 0.9996108412742615, 0.9999467134475708, 0.9997014403343201, 0.9998283386230469, 0.9997267127037048, 0.9997207522392273, 0.999842643737793, 0.9999222755432129, 0.9999676942825317]",License Plate,86K44446,Vietnam,0.9806766510009766,lp_train_5658
1253,"[1, 104, 2, 30]","[0.9998306035995483, 0.9999624490737915, 0.9999974966049194, 0.9999548196792603, 0.9999843835830688, 0.9999120235443115, 0.9999505281448364, 0.9999253749847412, 0.9999427795410156, 0.9999924898147583]",License Plate,51A60216,Vietnam,0.9999996423721313,lp_train_785
1254,"[0, 88, 5, 35]","[0.999777615070343, 0.9999791383743286, 0.9999887943267822, 0.9999104738235474, 0.9998682737350464, 0.9999442100524902, 0.9999260902404785, 0.9999505281448364, 0.9999966621398926, 0.9999992847442627]",License Plate,60A35981,Vietnam,1.0,lp_train_1395
1255,"[1, 103, 0, 28]","[0.9991355538368225, 0.9999215602874756, 0.9994739890098572, 0.9998078942298889, 0.9998804330825806, 0.9998476505279541, 0.9998908042907715, 0.9998421669006348, 0.9999996423721313, 0.9999998807907104]",License Plate,51F59881,Vietnam,1.0,lp_train_2202
1256,"[0, 53, 2, 13]","[0.9972162246704102, 0.9994615912437439, 0.9876865744590759, 0.9988922476768494, 0.9992258548736572, 0.9993652701377869, 0.9971752166748047, 0.9067118763923645, 0.9996353387832642, 0.9999709129333496]",License Plate,51G51332,Vietnam,0.9999982118606567,lp_train_3801
1257,NA,NA,NA,NA,NA,NA,lp_train_037
1258,"[2, 147, 5, 50]","[0.9998051524162292, 0.9925087094306946, 0.6251654028892517, 0.8218734860420227, 0.795074999332428, 0.6733686327934265, 0.9770872592926025, 0.9994156360626221, 0.999891996383667, 0.9999114274978638]",License Plate,AU81A1,Unknown,0.9979276657104492,lp_train_037
1259,NA,NA,NA,NA,NA,NA,lp_train_037
1260,"[1, 119, 2, 31]","[0.9999161958694458, 0.9999349117279053, 0.9996322393417358, 0.9999672174453735, 0.9998750686645508, 0.9998571872711182, 0.9996429681777954, 0.9998904466629028, 0.9999977350234985, 0.9999979734420776]",License Plate,51F16159,Vietnam,0.9999988079071045,lp_train_1982
1261,"[12, 113, 6, 31]","[0.9999117851257324, 0.9999618530273438, 0.9999971389770508, 0.9995959401130676, 0.9999303817749023, 0.9999822378158569, 0.9999892711639404, 0.9999402761459351, 0.9999945163726807, 0.9999983310699463]",License Plate,51A96141,Vietnam,1.0,lp_train_3297
1262,NA,NA,NA,NA,NA,NA,lp_train_6216
1263,NA,NA,NA,NA,NA,NA,lp_train_5600
1264,"[0, 91, 0, 25]","[0.9979945421218872, 0.9999464750289917, 0.9993226528167725, 0.9998254179954529, 0.9994699358940125, 0.9997697472572327, 0.9998544454574585, 0.9991336464881897, 0.9999996423721313, 0.9999998807907104]",License Plate,51F32488,Vietnam,1.0,lp_train_1261
1265,NA,NA,NA,NA,NA,NA,lp_train_4432
1266,"[0, 90, 14, 42]","[0.9900442361831665, 0.9990290403366089, 0.9994267225265503, 0.9993870258331299, 0.9996293783187866, 0.9998338222503662, 0.9999303817749023, 0.9999958276748657, 0.9999986886978149, 0.9999990463256836]",License Plate,06642,Andorra,0.9793689846992493,lp_train_3312
1267,"[29, 130, 0, 39]","[0.9993807077407837, 0.9987553358078003, 0.9999291896820068, 0.9998466968536377, 0.999845027923584, 0.9985172152519226, 0.9986627101898193, 0.999631404876709, 0.9998866319656372, 0.9998823404312134]",License Plate,G10209,Norway,0.594971776008606,lp_train_1895
1268,NA,NA,NA,NA,NA,NA,lp_train_755
1269,NA,NA,NA,NA,NA,NA,lp_train_5479
1270,NA,NA,NA,NA,NA,NA,lp_train_5528
1271,"[1, 103, 0, 24]","[0.9970477223396301, 0.9998749494552612, 0.9995595812797546, 0.9998836517333984, 0.9993347525596619, 0.9998631477355957, 0.999910831451416, 0.9999040365219116, 0.9999799728393555, 0.9999946355819702]",License Plate,51G37675,Vietnam,0.9999996423721313,lp_train_1312
1272,"[0, 102, 6, 51]","[0.9996065497398376, 0.9999028444290161, 0.9997134804725647, 0.9999262094497681, 0.9997779726982117, 0.9998117089271545, 0.9997503161430359, 0.9999488592147827, 0.9999979734420776, 0.9999994039535522]",License Plate,51F61712,Vietnam,1.0,lp_train_2098
1273,NA,NA,NA,NA,NA,NA,lp_train_6759
1274,"[1, 113, 0, 51]","[0.9995288848876953, 0.9998490810394287, 0.9978848099708557, 0.9997652173042297, 0.9996986389160156, 0.9999535083770752, 0.9998377561569214, 0.9999170303344727, 0.9999935626983643, 0.999997615814209]",License Plate,51F22029,Vietnam,0.9999994039535522,lp_train_2297
1275,NA,NA,NA,NA,NA,NA,lp_train_3815
1276,NA,NA,NA,NA,NA,NA,lp_train_3987
1277,"[0, 106, 1, 31]","[0.9998447895050049, 0.9999439716339111, 0.9997715353965759, 0.9999226331710815, 0.999854564666748, 0.9997897744178772, 0.9998621940612793, 0.9996744394302368, 0.9999986886978149, 0.9999997615814209]",License Plate,51F86988,Vietnam,1.0,lp_train_1116
1278,NA,NA,NA,NA,NA,NA,lp_train_3417
1279,NA,NA,NA,NA,NA,NA,lp_train_5595
1280,"[1, 117, 7, 49]","[0.9596753716468811, 0.9997666478157043, 0.9991219639778137, 0.9996349811553955, 0.9999160766601562, 0.9998503923416138, 0.9998264908790588, 0.9994692206382751, 0.9996780157089233, 0.9996354579925537]",License Plate,50LD04411,Vietnam,0.9999990463256836,lp_train_2270
1281,NA,NA,NA,NA,NA,NA,lp_train_3738
1282,"[1, 101, 5, 36]","[0.9998962879180908, 0.9998520612716675, 0.9994537234306335, 0.999782145023346, 0.9992808699607849, 0.9997667670249939, 0.9998182654380798, 0.999933123588562, 0.9999959468841553, 0.9999994039535522]",License Plate,51F35613,Vietnam,0.9999974966049194,lp_train_3294
1283,"[1, 122, 0, 39]","[0.9987630844116211, 0.9999665021896362, 0.9999943971633911, 0.9999953508377075, 0.9998109936714172, 0.9999055862426758, 0.9999022483825684, 0.9999856948852539, 0.9999486207962036, 0.9999902248382568]",License Plate,51A05227,Vietnam,1.0,lp_train_1909
1284,"[0, 238, 0, 116]","[0.1786067932844162, 0.9992272853851318, 0.9997627139091492, 0.9998337030410767, 0.999889612197876, 0.9945119619369507, 0.9449169635772705, 0.9999868869781494, 0.9999955892562866, 0.9999953508377075]",License Plate,VX006T3,Mexico,0.9988138675689697,lp_train_242
1285,NA,NA,NA,NA,NA,NA,lp_train_5772
1286,NA,NA,NA,NA,NA,NA,lp_train_5118
1287,"[1, 93, 0, 22]","[0.9998961687088013, 0.9998981952667236, 0.9996823072433472, 0.9998980760574341, 0.999876856803894, 0.9998152852058411, 0.9998672008514404, 0.9997987151145935, 0.9999979734420776, 0.9999991655349731]",License Plate,51G31691,Vietnam,0.9999996423721313,lp_train_1406
1288,"[0, 38, 1, 12]","[0.9490849375724792, 0.9868242144584656, 0.7191223502159119, 0.9833774566650391, 0.9701492786407471, 0.7970654964447021, 0.3175019919872284, 0.19841299951076508, 0.9996540546417236, 0.9999687671661377]",License Plate,MIF444A,Greece,0.643850564956665,lp_train_3798
1289,NA,NA,NA,NA,NA,NA,lp_train_6042
1290,"[0, 89, 1, 27]","[0.985022246837616, 0.9998779296875, 0.9994450211524963, 0.9999842643737793, 0.9995033740997314, 0.9996360540390015, 0.9997827410697937, 0.9997221827507019, 0.9999992847442627, 0.9999998807907104]",License Plate,51F07568,Vietnam,1.0,lp_train_1402
1291,NA,NA,NA,NA,NA,NA,lp_train_5998
1292,"[3, 154, 1, 42]","[0.9997060894966125, 0.9999791383743286, 0.9999961853027344, 0.9999855756759644, 0.9999487400054932, 0.9999798536300659, 0.9999794960021973, 0.9833574891090393, 0.9999886751174927, 0.9999971389770508]",License Plate,51A96141,Vietnam,1.0,lp_train_1935
1293,NA,NA,NA,NA,NA,NA,lp_train_4199
1294,"[9, 85, 11, 73]","[0.9928156137466431, 0.9996247291564941, 0.999434769153595, 0.9868266582489014, 0.9996650218963623, 0.9997135996818542, 0.9998465776443481, 0.9996515512466431, 0.9999303817749023, 0.9999828338623047]",License Plate,59S163497,Vietnam,0.9999966621398926,lp_train_5671
1295,"[118, 1782, 71, 1069]","[0.999826967716217, 0.9995303153991699, 0.9998912811279297, 0.9997766613960266, 0.999944806098938, 0.9999604225158691, 0.9999641180038452, 0.9999812841415405, 0.9999953508377075, 0.999997615814209]",License Plate,HFR706B,Mexico,0.9999825954437256,lp_train_4157
1296,NA,NA,NA,NA,NA,NA,lp_train_4296
1297,NA,NA,NA,NA,NA,NA,lp_train_4296
1298,NA,NA,NA,NA,NA,NA,lp_train_4296
1299,"[3, 61, 6, 35]","[0.9997820258140564, 0.9999939203262329, 0.9995023012161255, 0.9995747208595276, 0.99982750415802, 0.9999266862869263, 0.9996975660324097, 0.9997604489326477, 0.9999980926513672, 0.9999983310699463]",License Plate,WITK610,Germany,0.9999221563339233,lp_train_4711
1300,NA,NA,NA,NA,NA,NA,lp_train_6590
1301,"[1, 62, 2, 28]","[0.9998692274093628, 0.999233603477478, 0.9999139308929443, 0.9999198913574219, 0.9995607733726501, 0.9994763731956482, 0.9998685121536255, 0.9999933242797852, 0.9999960660934448, 0.9999969005584717]",License Plate,LT07FDJ,United Kingdom,0.9999997615814209,lp_train_004
1302,NA,NA,NA,NA,NA,NA,lp_train_3455
1303,"[39, 264, 5, 131]","[0.9364029169082642, 0.9890327453613281, 0.9920116066932678, 0.9707843661308289, 0.9741324186325073, 0.985509991645813, 0.9978235960006714, 0.9997954964637756, 0.9996862411499023, 0.9999037981033325]",License Plate,,Unknown,0.9811382293701172,lp_train_201
1304,"[3, 51, 2, 36]","[0.9998199343681335, 0.9998416900634766, 0.9997575879096985, 0.9982419013977051, 0.9999446868896484, 0.9998270869255066, 0.9999173879623413, 0.9993271827697754, 0.9999681711196899, 0.9998581409454346]",License Plate,59B134917,Vietnam,0.9999998807907104,lp_train_6008
1305,"[0, 44, 2, 16]","[0.875644862651825, 0.8661959767341614, 0.972294270992279, 0.9611329436302185, 0.9600481390953064, 0.9349727034568787, 0.8969396948814392, 0.9976885318756104, 0.9999277591705322, 0.9999696016311646]",License Plate,OA21418,Greece,0.9595041275024414,lp_train_2712
1306,"[10, 266, 3, 197]","[0.9999072551727295, 0.9999140501022339, 0.999919056892395, 0.9995693564414978, 0.9999741315841675, 0.999927282333374, 0.9998997449874878, 0.9999160766601562, 0.9969992637634277, 0.9999662637710571]",License Plate,94F40216,Vietnam,0.9999884366989136,lp_train_6994
1307,"[0, 98, 3, 55]","[0.9998992681503296, 0.9999163150787354, 0.9996163845062256, 0.9999003410339355, 0.9998486042022705, 0.9998677968978882, 0.9995692372322083, 0.9992510676383972, 0.9999545812606812, 0.9999867677688599]",License Plate,51F21255,Vietnam,1.0,lp_train_3335
1308,"[1, 94, 1, 31]","[0.9998579025268555, 0.9999778270721436, 0.999996542930603, 0.9999949932098389, 0.9999001026153564, 0.9999536275863647, 0.9999419450759888, 0.9999881982803345, 0.999982476234436, 0.999992847442627]",License Plate,51A05227,Vietnam,1.0,lp_train_1565
1309,"[1, 95, 4, 28]","[0.9988081455230713, 0.9999592304229736, 0.9999910593032837, 0.9999525547027588, 0.9998677968978882, 0.9999462366104126, 0.9999868869781494, 0.9998581409454346, 0.9999905824661255, 0.999998927116394]",License Plate,51A96141,Vietnam,0.9999998807907104,lp_train_1611
1310,"[4, 78, 2, 35]","[0.99985671043396, 0.9999222755432129, 0.9998076558113098, 0.999784529209137, 0.9998724460601807, 0.9998908042907715, 0.9993677735328674, 0.9999262094497681, 0.9999874830245972, 0.9999958276748657]",License Plate,51F76354,Vietnam,1.0,lp_train_2614
1311,"[7, 85, 14, 68]","[0.9994252920150757, 0.9998342990875244, 0.999833345413208, 0.9821814894676208, 0.9998028874397278, 0.9761609435081482, 0.9997504353523254, 0.9996902942657471, 0.9999216794967651, 0.9999293088912964]",License Plate,59E151207,Vietnam,0.9999985694885254,lp_train_5327
1312,"[1, 107, 0, 33]","[0.9998775720596313, 0.9999583959579468, 0.9999481439590454, 0.9999903440475464, 0.9999281167984009, 0.9999860525131226, 0.9999958276748657, 0.9999997615814209, 0.9999998807907104, 0.9999997615814209]",License Plate,YJ89HJ,Netherlands,0.9999995231628418,lp_train_052
1313,NA,NA,NA,NA,NA,NA,lp_train_052
1314,"[1, 104, 2, 28]","[0.9769200086593628, 0.9999334812164307, 0.9999867677688599, 0.9999912977218628, 0.9997828602790833, 0.9998782873153687, 0.9999089241027832, 0.999975323677063, 0.9999924898147583, 0.9999973773956299]",License Plate,51A05227,Vietnam,1.0,lp_train_2254
1315,NA,NA,NA,NA,NA,NA,lp_train_6262
1316,NA,NA,NA,NA,NA,NA,lp_train_4395
1317,NA,NA,NA,NA,NA,NA,lp_train_4395
1318,"[1, 85, 0, 70]","[0.9998277425765991, 0.9999628067016602, 0.9999533891677856, 0.9999895095825195, 0.999924898147583, 0.9999219179153442, 0.9999566078186035, 0.9998717308044434, 0.9999852180480957, 0.9998728036880493]",License Plate,59D162787,Vietnam,0.9999703168869019,lp_train_5664
1319,NA,NA,NA,NA,NA,NA,lp_train_5161
1320,"[3, 96, 1, 42]","[0.9998984336853027, 0.9999338388442993, 0.9995953440666199, 0.9999308586120605, 0.9999345541000366, 0.9998871088027954, 0.999893307685852, 0.9996335506439209, 0.9999892711639404, 0.9999980926513672]",License Plate,51G39466,Vietnam,0.9999998807907104,lp_train_2815
1321,"[2, 126, 1, 51]","[0.999922513961792, 0.999933123588562, 0.9996216297149658, 0.9999034404754639, 0.9996373653411865, 0.9996672868728638, 0.9998140931129456, 0.999948263168335, 0.9999932050704956, 0.9999966621398926]",License Plate,52Z9755,Vietnam,0.9998235106468201,lp_train_2227
1322,NA,NA,NA,NA,NA,NA,lp_train_3620
1323,"[8, 84, 2, 68]","[0.9998565912246704, 0.9999239444732666, 0.9999532699584961, 0.9998358488082886, 0.9999204874038696, 0.999915361404419, 0.9998114705085754, 0.9999221563339233, 0.9999306201934814, 0.9993007183074951]",License Plate,59K169323,Vietnam,0.9999842643737793,lp_train_5673
1324,"[1, 107, 1, 30]","[0.9996898174285889, 0.999303936958313, 0.9999499320983887, 0.9998613595962524, 0.9996022582054138, 0.9996718168258667, 0.9994180202484131, 0.9999716281890869, 0.9999970197677612, 0.9999985694885254]",License Plate,30N4616,Vietnam,0.999980092048645,lp_train_659
1325,NA,NA,NA,NA,NA,NA,lp_train_6150
1326,"[2, 82, 4, 26]","[0.9996335506439209, 0.9999842643737793, 0.9999972581863403, 0.9999501705169678, 0.9999229907989502, 0.9998785257339478, 0.9999343156814575, 0.9999818801879883, 0.9999943971633911, 0.999997615814209]",License Plate,51A77529,Vietnam,1.0,lp_train_500
1327,"[0, 90, 2, 79]","[0.9996432065963745, 0.9928271174430847, 0.890576183795929, 0.9999449253082275, 0.999792754650116, 0.9999419450759888, 0.9996768236160278, 0.9989792704582214, 0.9990599751472473, 0.9998629093170166]",License Plate,77F130577,Vietnam,0.9999997615814209,lp_train_6721
1328,"[7, 127, 4, 42]","[0.9999133348464966, 0.9999557733535767, 0.9996230602264404, 0.999956488609314, 0.999839186668396, 0.9998465776443481, 0.9999375343322754, 0.999962329864502, 0.9999765157699585, 0.9999938011169434]",License Plate,51G22237,Vietnam,1.0,lp_train_2111
1329,NA,NA,NA,NA,NA,NA,lp_train_4348
1330,NA,NA,NA,NA,NA,NA,lp_train_4173
1331,NA,NA,NA,NA,NA,NA,lp_train_6237
1332,NA,NA,NA,NA,NA,NA,lp_train_1864
1333,"[28, 1073, 32, 642]","[0.9998860359191895, 0.9998511075973511, 0.9997350573539734, 0.9996724128723145, 0.999688982963562, 0.999854564666748, 0.9998879432678223, 0.9999973773956299, 0.9999995231628418, 0.9999991655349731]",License Plate,A983FFT,Mexico,0.9941761493682861,lp_train_4162
1334,"[1, 144, 3, 45]","[0.999714195728302, 0.9999294281005859, 0.9997497200965881, 0.9998836517333984, 0.9999324083328247, 0.9998617172241211, 0.9998730421066284, 0.9999152421951294, 0.9999986886978149, 0.9999995231628418]",License Plate,51F59881,Vietnam,1.0,lp_train_2163
1335,"[5, 94, 0, 79]","[0.9998648166656494, 0.9999496936798096, 0.9998331069946289, 0.999946117401123, 0.9999457597732544, 0.9998106360435486, 0.9999022483825684, 0.9999711513519287, 0.999947190284729, 0.9999947547912598]",License Plate,71H19657,Vietnam,0.9999909400939941,lp_train_6499
1336,NA,NA,NA,NA,NA,NA,lp_train_6051
1337,"[1, 89, 0, 72]","[0.9999337196350098, 0.9996023774147034, 0.999544084072113, 0.9999858140945435, 0.9998526573181152, 0.999729335308075, 0.9994623064994812, 0.9999428987503052, 0.9999731779098511, 0.999897837638855]",License Plate,48B128807,Vietnam,0.9999945163726807,lp_train_6513
1338,"[2, 93, 1, 25]","[0.9981564879417419, 0.9999212026596069, 0.999250590801239, 0.9999426603317261, 0.9999057054519653, 0.9998003840446472, 0.9998856782913208, 0.9998233914375305, 0.9999555349349976, 0.9999864101409912]",License Plate,51G51292,Vietnam,0.9999994039535522,lp_train_589
1339,NA,NA,NA,NA,NA,NA,lp_train_6007
1340,"[0, 153, 0, 78]","[0.9996306896209717, 0.9998842477798462, 0.9998925924301147, 0.998737633228302, 0.9998509883880615, 0.6340506672859192, 0.9998772144317627, 0.9999970197677612, 0.999997615814209, 0.9999978542327881]",License Plate,749ADO,United States,0.9999244213104248,lp_train_4504
1341,NA,NA,NA,NA,NA,NA,lp_train_6852
1342,"[1, 98, 0, 20]","[0.9948181509971619, 0.9999197721481323, 0.9992214441299438, 0.999984860420227, 0.9997994303703308, 0.9998278617858887, 0.9999271631240845, 0.9998507499694824, 0.999997615814209, 0.9999994039535522]",License Plate,51F06948,Vietnam,0.9999994039535522,lp_train_822
1343,NA,NA,NA,NA,NA,NA,lp_train_4289
1344,NA,NA,NA,NA,NA,NA,lp_train_3509
1345,"[0, 177, 3, 97]","[0.9519564509391785, 0.8633090257644653, 0.9915733933448792, 0.9769609570503235, 0.994107723236084, 0.9891874194145203, 0.9961413741111755, 0.9985382556915283, 0.9999604225158691, 0.9999783039093018]",License Plate,PK92277,United States,0.7089642286300659,lp_train_138
1346,NA,NA,NA,NA,NA,NA,lp_train_138
1347,"[88, 1234, 96, 751]","[0.9988799691200256, 0.9999243021011353, 0.9998965263366699, 0.9999258518218994, 0.9999364614486694, 0.9999790191650391, 0.9995926022529602, 0.9999843835830688, 0.9999927282333374, 0.999995231628418]",License Plate,HAA296E,Mexico,0.9999991655349731,lp_train_4115
1348,"[1, 110, 5, 31]","[0.9626964926719666, 0.9998712539672852, 0.999601423740387, 0.9999463558197021, 0.99983811378479, 0.9997960925102234, 0.9998817443847656, 0.9999345541000366, 0.9999966621398926, 0.9999988079071045]",License Plate,51F88270,Vietnam,0.9999997615814209,lp_train_1922
1349,"[0, 329, 9, 125]","[0.9995055198669434, 0.999697208404541, 0.9992689490318298, 0.9674521088600159, 0.993302583694458, 0.998660683631897, 0.9995121955871582, 0.9998692274093628, 0.9997175335884094, 0.9998438358306885]",License Plate,0231,Belgium,0.9858793616294861,lp_train_4944
1350,"[2, 93, 2, 26]","[0.9998999834060669, 0.9999821186065674, 0.999993085861206, 0.9999253749847412, 0.9998923540115356, 0.9998180270195007, 0.9999493360519409, 0.9999672174453735, 0.9999958276748657, 0.999998927116394]",License Plate,51A77529,Vietnam,0.9999986886978149,lp_train_1283
1351,"[117, 991, 24, 543]","[0.9999501705169678, 0.9999241828918457, 0.9999256134033203, 0.9998737573623657, 0.9997887015342712, 0.9997872710227966, 0.999886155128479, 0.9999964237213135, 0.9999994039535522, 0.9999995231628418]",License Plate,HDK635E,Mexico,0.9999815225601196,lp_train_4119
1352,"[4, 315, 8, 219]","[0.9999122619628906, 0.9996341466903687, 0.9972652196884155, 0.9988844990730286, 0.9999542236328125, 0.9998588562011719, 0.9997355341911316, 0.99928218126297, 0.9996960163116455, 0.9999382495880127]",License Plate,65G104942,Vietnam,0.9999971389770508,lp_train_6991
1353,"[2, 110, 0, 31]","[0.9998878240585327, 0.9999130964279175, 0.9998040795326233, 0.9999253749847412, 0.9998352527618408, 0.9999828338623047, 0.9999111890792847, 0.9998781681060791, 0.9999927282333374, 0.999997615814209]",License Plate,51G29034,Vietnam,0.9999998807907104,lp_train_641
1354,"[2, 110, 3, 29]","[0.9995003938674927, 0.999881386756897, 0.9993066787719727, 0.9998446702957153, 0.9993855953216553, 0.9996367692947388, 0.9998844861984253, 0.9999275207519531, 0.9999637603759766, 0.9999945163726807]",License Plate,51F44614,Vietnam,1.0,lp_train_962
1355,NA,NA,NA,NA,NA,NA,lp_train_381
1356,"[0, 105, 4, 36]","[0.9999009370803833, 0.9999513626098633, 0.9998130202293396, 0.9999872446060181, 0.9998175501823425, 0.9999151229858398, 0.9999333620071411, 0.999947190284729, 0.9999679327011108, 0.999987006187439]",License Plate,51F07973,Vietnam,0.9999998807907104,lp_train_1481
1357,"[4, 92, 5, 29]","[0.999829888343811, 0.9999535083770752, 0.9997144341468811, 0.9999896287918091, 0.9997243285179138, 0.9999477863311768, 0.9999500513076782, 0.9999587535858154, 0.999996542930603, 0.9999986886978149]",License Plate,51F04877,Vietnam,1.0,lp_train_1079
1358,"[116, 1095, 118, 388]","[0.9986628293991089, 0.9992573857307434, 0.9998412132263184, 0.9998281002044678, 0.9998564720153809, 0.9997839331626892, 0.9999219179153442, 0.999985933303833, 0.9999945163726807, 0.9999954700469971]",License Plate,HAJ315D,Mexico,0.9999953508377075,lp_train_4089
1359,"[0, 99, 12, 60]","[0.11871353536844254, 0.5225250720977783, 0.691807210445404, 0.6078633666038513, 0.6298642754554749, 0.7812147736549377, 0.9398691058158875, 0.9457681775093079, 0.9994741082191467, 0.9997739195823669]",License Plate,1A05177,Bosnia and Herzegovina,0.3064829707145691,lp_train_2611
1360,"[0, 138, 0, 53]","[0.999950647354126, 0.9999774694442749, 0.9999808073043823, 0.999956488609314, 0.9999350309371948, 0.9997931122779846, 0.9999223947525024, 0.9999974966049194, 0.9999996423721313, 0.9999995231628418]",License Plate,TL03GOG,Romania,0.9999998807907104,lp_train_4197
1361,"[1, 45, 1, 14]","[0.8901500701904297, 0.9998266100883484, 0.9991112351417542, 0.9995790123939514, 0.9982230067253113, 0.9989281296730042, 0.9601008892059326, 0.9990022778511047, 0.9999129772186279, 0.9999901056289673]",License Plate,30A39951,Vietnam,0.9999991655349731,lp_train_3356
1362,NA,NA,NA,NA,NA,NA,lp_train_5602
1363,"[3, 75, 1, 35]","[0.9942687749862671, 0.9999672174453735, 0.9999947547912598, 0.9999803304672241, 0.9998898506164551, 0.9998984336853027, 0.9999293088912964, 0.9999868869781494, 0.9999706745147705, 0.9999974966049194]",License Plate,51A05227,Vietnam,1.0,lp_train_3205
1364,NA,NA,NA,NA,NA,NA,lp_train_4544
1365,NA,NA,NA,NA,NA,NA,lp_train_5962
1366,"[44, 1030, 41, 650]","[0.9998716115951538, 0.9435519576072693, 0.9998080134391785, 0.9996504783630371, 0.8746542930603027, 0.8996662497520447, 0.9997913241386414, 0.9999070167541504, 0.9999754428863525, 0.9999874830245972]",License Plate,TOMNOOK,United States,0.9878879189491272,lp_train_4869
1367,NA,NA,NA,NA,NA,NA,lp_train_5971
1368,"[0, 88, 5, 77]","[0.9998369216918945, 0.9998248219490051, 0.9999034404754639, 0.9998143315315247, 0.9997007846832275, 0.9997873902320862, 0.9998632669448853, 0.9999667406082153, 0.9996908903121948, 0.9999748468399048]",License Plate,47K29950,Vietnam,0.999980092048645,lp_train_5546
1369,"[0, 368, 0, 189]","[0.9998414516448975, 0.9998489618301392, 0.99992835521698, 0.9998754262924194, 0.9999381303787231, 0.9999102354049683, 0.9999337196350098, 0.9998786449432373, 0.9999891519546509, 0.9999943971633911]",License Plate,HB2705B,Mexico,0.9998487234115601,lp_train_303
1370,NA,NA,NA,NA,NA,NA,lp_train_6370
1371,"[1, 74, 2, 20]","[0.33937734365463257, 0.9945632815361023, 0.9601643085479736, 0.9938032627105713, 0.9979528188705444, 0.9987980127334595, 0.9977141618728638, 0.9935482144355774, 0.9930492639541626, 0.9993728995323181]",License Plate,20LD04411,Vietnam,0.9999969005584717,lp_train_1210
1372,NA,NA,NA,NA,NA,NA,lp_train_5295
1373,"[6, 270, 5, 72]","[0.9990015625953674, 0.999671220779419, 0.9992109537124634, 0.9995393753051758, 0.9981914162635803, 0.9989481568336487, 0.9957414865493774, 0.9992110729217529, 0.9993771910667419, 0.9989593029022217]",License Plate,80NG01101,Vietnam,0.9958064556121826,lp_train_4414
1374,"[2, 106, 2, 27]","[0.9998482465744019, 0.9999294281005859, 0.9996927976608276, 0.9999315738677979, 0.9994593262672424, 0.9998088479042053, 0.9999866485595703, 0.9999244213104248, 0.9999992847442627, 0.9999995231628418]",License Plate,51F24403,Vietnam,1.0,lp_train_2236
1375,"[3, 69, 5, 56]","[0.9995513558387756, 0.9997256398200989, 0.9998461008071899, 0.9973198771476746, 0.999923586845398, 0.9998083710670471, 0.9999241828918457, 0.9997920393943787, 0.9998738765716553, 0.9999148845672607]",License Plate,59F131469,Vietnam,0.9999998807907104,lp_train_6390
1376,"[128, 1110, 18, 589]","[0.9992115497589111, 0.9996285438537598, 0.9999691247940063, 0.9999076128005981, 0.999915361404419, 0.9999284744262695, 0.9999172687530518, 0.9999892711639404, 0.9999974966049194, 0.9999980926513672]",License Plate,HFY296A,Mexico,0.9999991655349731,lp_train_4107
1377,NA,NA,NA,NA,NA,NA,lp_train_6071
1378,"[2, 98, 12, 59]","[0.9995817542076111, 0.9995111227035522, 0.9998082518577576, 0.999546229839325, 0.999563992023468, 0.9997454285621643, 0.9989438652992249, 0.999980092048645, 0.9999982118606567, 0.9999994039535522]",License Plate,56S4698,Vietnam,0.9992145299911499,lp_train_2680
1379,NA,NA,NA,NA,NA,NA,lp_train_3843
1380,"[35, 220, 8, 114]","[0.9999841451644897, 0.9999769926071167, 0.999984622001648, 0.9999784231185913, 0.9999467134475708, 0.9999330043792725, 0.9999988079071045, 1.0, 1.0, 1.0]",License Plate,PMS666,Sweden,0.9999346733093262,lp_train_4917
1381,"[6, 114, 16, 54]","[0.9997301697731018, 0.9999480247497559, 0.9999934434890747, 0.9999606609344482, 0.9999016523361206, 0.9999313354492188, 0.999956488609314, 0.9999691247940063, 0.9999922513961792, 0.9999967813491821]",License Plate,51A89714,Vietnam,0.9999995231628418,lp_train_3170
1382,"[3, 93, 2, 53]","[0.9998383522033691, 0.9999575614929199, 0.999994158744812, 0.9999728202819824, 0.9999369382858276, 0.9998358488082886, 0.9999626874923706, 0.9999314546585083, 0.9999973773956299, 0.9999995231628418]",License Plate,51A69172,Vietnam,0.9999997615814209,lp_train_3052
1383,"[4, 105, 7, 60]","[0.9998658895492554, 0.9999289512634277, 0.9999861717224121, 0.999956488609314, 0.9999009370803833, 0.9997302889823914, 0.9987667798995972, 0.9999582767486572, 0.9999890327453613, 0.9999966621398926]",License Plate,51A89714,Vietnam,0.9999985694885254,lp_train_2960
1384,NA,NA,NA,NA,NA,NA,lp_train_6613
1385,NA,NA,NA,NA,NA,NA,lp_train_5103
1386,NA,NA,NA,NA,NA,NA,lp_train_3351
1387,"[1, 98, 0, 27]","[0.9998674392700195, 0.9999631643295288, 0.9997765421867371, 0.9998685121536255, 0.9999545812606812, 0.9999123811721802, 0.9999730587005615, 0.9992683529853821, 0.9998542070388794, 0.9995868802070618]",License Plate,50LD04411,Vietnam,0.9999998807907104,lp_train_3172
1388,"[10, 85, 9, 61]","[0.9998388290405273, 0.9791680574417114, 0.9999189376831055, 0.9998364448547363, 0.9999308586120605, 0.999262273311615, 0.999954342842102, 0.9997949004173279, 0.9997590184211731, 0.9998904466629028]",License Plate,51K59102,Vietnam,0.9998873472213745,lp_train_6736
1389,"[0, 114, 0, 42]","[0.9982283711433411, 0.9999269247055054, 0.9997630715370178, 0.9999573230743408, 0.9995396137237549, 0.9998317956924438, 0.9999752044677734, 0.9998749494552612, 0.9999992847442627, 0.9999997615814209]",License Plate,51F82606,Vietnam,1.0,lp_train_1955
1390,"[6, 108, 2, 33]","[0.9998937845230103, 0.9999206066131592, 0.9997217059135437, 0.99989914894104, 0.9999034404754639, 0.9998832941055298, 0.9999276399612427, 0.9999319314956665, 0.9999990463256836, 0.9999997615814209]",License Plate,51F59881,Vietnam,1.0,lp_train_433
1391,"[0, 168, 0, 40]","[0.9999943971633911, 0.9998499155044556, 0.9997082352638245, 0.9999423027038574, 0.9997556805610657, 0.9997225403785706, 0.999606192111969, 0.9979524612426758, 0.999991774559021, 0.9999985694885254]",License Plate,SDN7484U,Singapore,0.9999607801437378,lp_train_3956
1392,"[1, 80, 5, 49]","[0.9994854927062988, 0.9999366998672485, 0.9999943971633911, 0.9999805688858032, 0.9998708963394165, 0.9998869895935059, 0.9996320009231567, 0.9746893048286438, 0.9992130994796753, 0.9999239444732666]",License Plate,51A05227,Vietnam,0.9999998807907104,lp_train_3096
1393,"[1, 95, 3, 35]","[0.9998824596405029, 0.9999692440032959, 0.9999949932098389, 0.9999691247940063, 0.9998999834060669, 0.9999485015869141, 0.9999563694000244, 0.9999690055847168, 0.999966025352478, 0.9999951124191284]",License Plate,51A89714,Vietnam,0.9999998807907104,lp_train_1599
1394,"[3, 109, 1, 33]","[0.9998179078102112, 0.9999620914459229, 0.9998592138290405, 0.9999488592147827, 0.9998536109924316, 0.9998658895492554, 0.9999368190765381, 0.9999852180480957, 0.9999942779541016, 0.9999971389770508]",License Plate,51F88270,Vietnam,1.0,lp_train_1575
1395,"[2, 83, 3, 24]","[0.9997705817222595, 0.9999514818191528, 0.999664306640625, 0.9998910427093506, 0.9998420476913452, 0.9997026324272156, 0.9999383687973022, 0.999954342842102, 0.999990701675415, 0.999998927116394]",License Plate,51F88270,Vietnam,0.9999991655349731,lp_train_640
1396,"[0, 93, 0, 24]","[0.9998173117637634, 0.9999533891677856, 0.999488353729248, 0.9999489784240723, 0.9993091821670532, 0.999795138835907, 0.9999762773513794, 0.9999041557312012, 0.999998927116394, 0.9999995231628418]",License Plate,51F24403,Vietnam,1.0,lp_train_1829
1397,"[0, 138, 8, 100]","[0.9995286464691162, 0.9985729455947876, 0.9998856782913208, 0.9994387030601501, 0.9999364614486694, 0.9999446868896484, 0.999971866607666, 0.9995280504226685, 0.9999200105667114, 0.9998261332511902]",License Plate,65D104017,Vietnam,0.9999741315841675,lp_train_7003
1398,"[6, 91, 9, 76]","[0.9997420907020569, 0.9998912811279297, 0.9999649524688721, 0.9985672235488892, 0.9998573064804077, 0.9999489784240723, 0.9998464584350586, 0.9997357726097107, 0.9999351501464844, 0.9999821186065674]",License Plate,59E170762,Vietnam,0.9999814033508301,lp_train_5382
1399,NA,NA,NA,NA,NA,NA,lp_train_4498
1400,"[12, 96, 7, 74]","[0.9997971653938293, 0.9998795986175537, 0.9939549565315247, 0.9996463060379028, 0.9972487092018127, 0.9998680353164673, 0.9999001026153564, 0.9998118281364441, 0.9998925924301147, 0.9999475479125977]",License Plate,59Z119632,Vietnam,0.9999992847442627,lp_train_6845
1401,NA,NA,NA,NA,NA,NA,lp_train_4328
1402,"[1, 118, 5, 35]","[0.9998489618301392, 0.9999755620956421, 0.9999842643737793, 0.9999151229858398, 0.999813973903656, 0.999861478805542, 0.9999314546585083, 0.9999202489852905, 0.9999961853027344, 0.9999982118606567]",License Plate,51A85325,Vietnam,0.9999892711639404,lp_train_2147
1403,"[0, 80, 5, 43]","[0.9997251629829407, 0.9999531507492065, 0.9999953508377075, 0.9999878406524658, 0.9998468160629272, 0.9999403953552246, 0.9998266100883484, 0.999896764755249, 0.9999873638153076, 0.9999958276748657]",License Plate,51A02923,Vietnam,0.9999997615814209,lp_train_2859
1404,"[0, 97, 2, 28]","[0.9998865127563477, 0.9999501705169678, 0.9998296499252319, 0.9999918937683105, 0.9997448325157166, 0.9999202489852905, 0.9999382495880127, 0.9999722242355347, 0.9999974966049194, 0.9999996423721313]",License Plate,51F02687,Vietnam,1.0,lp_train_1692
1405,"[0, 38, 1, 11]","[0.22264859080314636, 0.4013456106185913, 0.42482802271842957, 0.34983283281326294, 0.23444660007953644, 0.19564755260944366, 0.3502039909362793, 0.6518517136573792, 0.9858407974243164, 0.9982786178588867]",License Plate,5AF1380,Greece,0.5096060633659363,lp_train_3739
1406,"[4, 105, 4, 27]","[0.999739944934845, 0.9999582767486572, 0.9995940327644348, 0.9999188184738159, 0.9994834661483765, 0.9998207688331604, 0.9999717473983765, 0.9998883008956909, 0.999998927116394, 0.9999996423721313]",License Plate,51F24403,Vietnam,1.0,lp_train_890
1407,"[0, 109, 1, 37]","[0.9705529808998108, 0.9998315572738647, 0.9995610117912292, 0.999853253364563, 0.9998666048049927, 0.9996751546859741, 0.9998216032981873, 0.9993103742599487, 0.999991774559021, 0.9999974966049194]",License Plate,51G39466,Vietnam,0.9999997615814209,lp_train_2283
1408,"[0, 97, 1, 33]","[0.99895179271698, 0.9999319314956665, 0.9995304346084595, 0.9999533891677856, 0.999510645866394, 0.9992668032646179, 0.9998332262039185, 0.999890923500061, 0.999998927116394, 0.9999997615814209]",License Plate,51F15585,Vietnam,1.0,lp_train_1589
1409,"[1, 97, 2, 27]","[0.9999096393585205, 0.999843955039978, 0.9999929666519165, 0.9999806880950928, 0.9997033476829529, 0.9995242357254028, 0.9999024868011475, 0.9999239444732666, 0.9999983310699463, 0.9999998807907104]",License Plate,62A05516,Vietnam,1.0,lp_train_716
1410,"[0, 87, 4, 30]","[0.9999380111694336, 0.9998832941055298, 0.9997566342353821, 0.9999587535858154, 0.9998019337654114, 0.9998394250869751, 0.9998301267623901, 0.9999531507492065, 0.9999983310699463, 0.9999995231628418]",License Plate,51F61712,Vietnam,0.9999995231628418,lp_train_1051
1411,"[2, 117, 15, 85]","[0.9992204904556274, 0.9999338388442993, 0.9997976422309875, 0.9999427795410156, 0.999824583530426, 0.9998843669891357, 0.9997263550758362, 0.9998732805252075, 0.99997878074646, 0.9999927282333374]",License Plate,51F88270,Vietnam,0.9999997615814209,lp_train_2166
1412,NA,NA,NA,NA,NA,NA,lp_train_5355
1413,NA,NA,NA,NA,NA,NA,lp_train_6047
1414,"[1, 58, 0, 16]","[0.9995911717414856, 0.9999185800552368, 0.9993268251419067, 0.9998928308486938, 0.9995986819267273, 0.9998212456703186, 0.999800980091095, 0.9980362057685852, 0.9998961687088013, 0.9999741315841675]",License Plate,51G37675,Vietnam,0.9999998807907104,lp_train_2324
1415,"[1, 97, 8, 56]","[0.9999204874038696, 0.9998936653137207, 0.9999887943267822, 0.9999583959579468, 0.9999622106552124, 0.9999644756317139, 0.9999146461486816, 0.9999288320541382, 0.9999812841415405, 0.9999978542327881]",License Plate,29A51796,Vietnam,1.0,lp_train_3134
1416,NA,NA,NA,NA,NA,NA,lp_train_5695
1417,"[5, 84, 9, 67]","[0.9971500039100647, 0.9998384714126587, 0.999721348285675, 0.9887195229530334, 0.9998834133148193, 0.9996022582054138, 0.9997978806495667, 0.9996097683906555, 0.9999380111694336, 0.9999343156814575]",License Plate,59N176654,Vietnam,0.9999996423721313,lp_train_6553
1418,"[1, 101, 1, 26]","[0.9997077584266663, 0.9999456405639648, 0.9999934434890747, 0.9999172687530518, 0.9999805688858032, 0.9998700618743896, 0.9998997449874878, 0.999925971031189, 0.9999936819076538, 0.9999984502792358]",License Plate,51A60216,Vietnam,0.9999991655349731,lp_train_1671
1419,NA,NA,NA,NA,NA,NA,lp_train_510
1420,NA,NA,NA,NA,NA,NA,lp_train_171
1421,NA,NA,NA,NA,NA,NA,lp_train_171
1422,"[4, 318, 1, 154]","[0.999858021736145, 0.9994606375694275, 0.9997895359992981, 0.9999815225601196, 0.9999567270278931, 0.9999864101409912, 0.9999954700469971, 0.999998927116394, 0.9999995231628418, 0.9999995231628418]",License Plate,JIBA,United States,0.9969629645347595,lp_train_072
1423,"[18, 27, 58, 63]","[0.9653220176696777, 0.9877181053161621, 0.9922173023223877, 0.9897235631942749, 0.9896682500839233, 0.9902674555778503, 0.993496298789978, 0.9973827004432678, 0.9986993074417114, 0.9987975358963013]",License Plate,,Unknown,0.9996212720870972,lp_train_6914
1424,"[0, 74, 2, 22]","[0.9996293783187866, 0.9998630285263062, 0.999402642250061, 0.9999532699584961, 0.9996090531349182, 0.9984536170959473, 0.999813973903656, 0.9998319149017334, 0.9999986886978149, 0.9999992847442627]",License Plate,51F15585,Vietnam,0.9999996423721313,lp_train_1198
1425,"[0, 88, 5, 74]","[0.9998655319213867, 0.9998514652252197, 0.9999699592590332, 0.999946117401123, 0.9999141693115234, 0.9998493194580078, 0.9996128678321838, 0.9999098777770996, 0.9996629953384399, 0.9998385906219482]",License Plate,59E164141,Vietnam,0.9999938011169434,lp_train_6315
1426,"[3, 101, 2, 30]","[0.9999133348464966, 0.9999256134033203, 0.9997298121452332, 0.9999443292617798, 0.999936580657959, 0.9998737573623657, 0.999823272228241, 0.9998797178268433, 0.9999969005584717, 0.9999988079071045]",License Plate,51G51332,Vietnam,0.9999997615814209,lp_train_695
1427,"[6, 100, 8, 34]","[0.999940037727356, 0.9999353885650635, 0.9997838139533997, 0.999947190284729, 0.9999414682388306, 0.9998944997787476, 0.9999372959136963, 0.9998327493667603, 0.9999912977218628, 0.9999982118606567]",License Plate,51G39466,Vietnam,0.9999998807907104,lp_train_2941
1428,"[0, 32, 1, 10]","[0.29776376485824585, 0.27981650829315186, 0.23144690692424774, 0.2740214467048645, 0.5380930304527283, 0.8810227513313293, 0.9344820380210876, 0.9962647557258606, 0.9976972937583923, 0.9983118772506714]",License Plate,12HMM,Netherlands,0.5995052456855774,lp_train_3731
1429,"[2, 64, 0, 15]","[0.9992289543151855, 0.9988747239112854, 0.9968231916427612, 0.9995611310005188, 0.9997428059577942, 0.9997195601463318, 0.9997362494468689, 0.9959403276443481, 0.9989609718322754, 0.9989314675331116]",License Plate,50LD04411,Vietnam,0.9999994039535522,lp_train_1321
1430,NA,NA,NA,NA,NA,NA,lp_train_5896
1431,"[2, 120, 0, 43]","[0.9998480081558228, 0.9999219179153442, 0.9997174143791199, 0.9998477697372437, 0.9998711347579956, 0.9998960494995117, 0.9999172687530518, 0.9998286962509155, 0.9999992847442627, 0.9999997615814209]",License Plate,51F59881,Vietnam,0.9999997615814209,lp_train_2262
1432,"[2, 113, 0, 29]","[0.999748170375824, 0.9999477863311768, 0.9997755885124207, 0.9999886751174927, 0.9997170567512512, 0.9999420642852783, 0.9996393918991089, 0.9999163150787354, 0.9999233484268188, 0.9999769926071167]",License Plate,51F07973,Vietnam,1.0,lp_train_849
1433,NA,NA,NA,NA,NA,NA,lp_train_6089
1434,NA,NA,NA,NA,NA,NA,lp_train_6865
1435,NA,NA,NA,NA,NA,NA,lp_train_6125
1436,NA,NA,NA,NA,NA,NA,lp_train_4008
1437,NA,NA,NA,NA,NA,NA,lp_train_4008
1438,"[0, 89, 0, 26]","[0.9300536513328552, 0.9998301267623901, 0.9993902444839478, 0.9999785423278809, 0.9992263317108154, 0.9998946189880371, 0.9989057779312134, 0.9998482465744019, 0.99997878074646, 0.9999958276748657]",License Plate,51F07973,Vietnam,0.9999997615814209,lp_train_2137
1439,"[14, 124, 17, 65]","[0.9999504089355469, 0.9999587535858154, 0.9999140501022339, 0.9999570846557617, 0.9968357682228088, 0.9996073842048645, 0.9999760389328003, 0.9999935626983643, 0.9999990463256836, 0.9999991655349731]",License Plate,GRNN001,Canada,0.9821760058403015,lp_train_4812
1440,"[3, 105, 0, 61]","[0.9939984083175659, 0.8937603235244751, 0.9307020902633667, 0.7175289988517761, 0.7176203727722168, 0.5611634850502014, 0.40384194254875183, 0.9998687505722046, 0.9999988079071045, 0.9999990463256836]",License Plate,Y98880O,Spain,0.512553870677948,lp_train_158
1441,"[1, 76, 0, 23]","[0.998391330242157, 0.9998505115509033, 0.9998278617858887, 0.9999523162841797, 0.9989551305770874, 0.9983490705490112, 0.9964436888694763, 0.999991774559021, 0.9999994039535522, 0.9999991655349731]",License Plate,Y350856,Germany,0.9997624754905701,lp_train_158
1442,NA,NA,NA,NA,NA,NA,lp_train_4240
1443,"[1, 96, 2, 25]","[0.9999371767044067, 0.9998648166656494, 0.9999063014984131, 0.9999679327011108, 0.9999463558197021, 0.9999792575836182, 0.9999645948410034, 0.9999589920043945, 0.9999454021453857, 0.9999492168426514]",License Plate,93LD00103,Vietnam,0.9993264675140381,lp_train_757
1444,"[1, 50, 3, 34]","[0.999903678894043, 0.9999376535415649, 0.9998136162757874, 0.9997091889381409, 0.9996261596679688, 0.9996973276138306, 0.9998002648353577, 0.9930927753448486, 0.9992173910140991, 0.9999260902404785]",License Plate,79H120023,Vietnam,0.9999979734420776,lp_train_5846
1445,"[0, 104, 0, 28]","[0.9993552565574646, 0.9998950958251953, 0.9995036125183105, 0.9999258518218994, 0.9999163150787354, 0.9998528957366943, 0.9994298815727234, 0.999568521976471, 0.9999306201934814, 0.9999762773513794]",License Plate,51F21255,Vietnam,0.9999998807907104,lp_train_1775
1446,"[1, 74, 1, 22]","[0.9988034963607788, 0.9999741315841675, 0.9999926090240479, 0.9998488426208496, 0.9998955726623535, 0.9998500347137451, 0.9999140501022339, 0.9995977282524109, 0.9999885559082031, 0.9999951124191284]",License Plate,51A77529,Vietnam,0.9999996423721313,lp_train_1405
1447,"[0, 78, 0, 36]","[0.9999825954437256, 0.9997780919075012, 0.9998383522033691, 0.9998119473457336, 0.9250594973564148, 0.9998910427093506, 0.9999004602432251, 0.9999829530715942, 0.9999910593032837, 0.9999951124191284]",License Plate,EVSROCK,United States,0.9994729161262512,lp_train_4535
1448,NA,NA,NA,NA,NA,NA,lp_train_6951
1449,"[3, 92, 4, 29]","[0.9999682903289795, 0.999966025352478, 0.9999898672103882, 0.9999243021011353, 0.9998470544815063, 0.9999006986618042, 0.9998995065689087, 0.9999727010726929, 0.9999979734420776, 0.9999998807907104]",License Plate,60A35981,Vietnam,1.0,lp_train_3308
1450,NA,NA,NA,NA,NA,NA,lp_train_5709
1451,"[1, 105, 6, 41]","[0.9997888207435608, 0.9999741315841675, 0.9999916553497314, 0.9999933242797852, 0.9999756813049316, 0.9999469518661499, 0.9999916553497314, 0.9999737739562988, 0.9999977350234985, 0.999998927116394]",License Plate,51A01204,Vietnam,1.0,lp_train_2889
1452,"[2, 108, 3, 28]","[0.9995729327201843, 0.9999109506607056, 0.9993597865104675, 0.9999206066131592, 0.9994145631790161, 0.9997740387916565, 0.9999747276306152, 0.9998836517333984, 0.999996542930603, 0.9999991655349731]",License Plate,51F24403,Vietnam,1.0,lp_train_615
1453,NA,NA,NA,NA,NA,NA,lp_train_6440
1454,"[2, 101, 4, 30]","[0.9999123811721802, 0.999976396560669, 0.9998582601547241, 0.9999701976776123, 0.9999396800994873, 0.9999573230743408, 0.9999490976333618, 0.9998908042907715, 0.9999985694885254, 0.9999995231628418]",License Plate,51G21748,Vietnam,0.9999996423721313,lp_train_737
1455,"[1, 52, 0, 14]","[0.9818673133850098, 0.9998596906661987, 0.9981210827827454, 0.9997554421424866, 0.9994788765907288, 0.9993898868560791, 0.7361992001533508, 0.761744499206543, 0.9999501705169678, 0.9999905824661255]",License Plate,51G3160,Vietnam,0.9999977350234985,lp_train_2477
1456,"[7, 138, 0, 56]","[0.9876686930656433, 0.9974640607833862, 0.999535322189331, 0.8766576051712036, 0.9997352957725525, 0.9993619322776794, 0.9995816349983215, 0.9984756112098694, 0.9996603727340698, 0.9963945746421814]",License Plate,MH20EE7596,Unknown,0.8683885335922241,lp_train_4013
1457,"[0, 110, 4, 32]","[0.9990313053131104, 0.9999192953109741, 0.999841570854187, 0.9998972415924072, 0.9998658895492554, 0.999879002571106, 0.9998660087585449, 0.999860405921936, 0.9999974966049194, 0.9999991655349731]",License Plate,51G31691,Vietnam,0.9999996423721313,lp_train_2781
1458,NA,NA,NA,NA,NA,NA,lp_train_6769
1459,"[3, 129, 10, 45]","[0.9998646974563599, 0.9999319314956665, 0.999690055847168, 0.9998883008956909, 0.9999194145202637, 0.999879002571106, 0.9999220371246338, 0.9998807907104492, 0.9999994039535522, 0.9999998807907104]",License Plate,51F59881,Vietnam,1.0,lp_train_2365
1460,"[2, 109, 4, 43]","[0.9997898936271667, 0.9999089241027832, 0.9994574189186096, 0.99988853931427, 0.9995003938674927, 0.9998409748077393, 0.9999165534973145, 0.9998936653137207, 0.9999979734420776, 0.9999994039535522]",License Plate,51F57493,Vietnam,1.0,lp_train_2775
1461,"[6, 129, 0, 33]","[0.999836802482605, 0.9999704360961914, 0.999990701675415, 0.9999397993087769, 0.9998751878738403, 0.9998515844345093, 0.9999147653579712, 0.9998857975006104, 0.9999920129776001, 0.9999974966049194]",License Plate,51A85325,Vietnam,0.9999990463256836,lp_train_2184
1462,"[0, 100, 0, 32]","[0.9999690055847168, 0.9999010562896729, 0.9996067881584167, 0.9999480247497559, 0.9999274015426636, 0.9998958110809326, 0.9999557733535767, 0.9999890327453613, 0.9999963045120239, 0.9999932050704956]",License Plate,G47281,Spain,0.44502946734428406,lp_train_2278
1463,"[7, 85, 9, 73]","[0.9998194575309753, 0.9997747540473938, 0.9998867511749268, 0.9995673298835754, 0.999908447265625, 0.999686598777771, 0.9999120235443115, 0.999873161315918, 0.9999668598175049, 0.9998623132705688]",License Plate,59P223930,Vietnam,1.0,lp_train_5537
1464,NA,NA,NA,NA,NA,NA,lp_train_3370
1465,"[0, 59, 4, 35]","[0.999893307685852, 0.9997957348823547, 0.9999711513519287, 0.9993866682052612, 0.9997912049293518, 0.9998519420623779, 0.9998549222946167, 0.9998180270195007, 0.999930739402771, 0.999866247177124]",License Plate,68C137520,Vietnam,0.9999984502792358,lp_train_2016
1466,NA,NA,NA,NA,NA,NA,lp_train_3821
1467,"[0, 98, 7, 30]","[0.9996898174285889, 0.9999712705612183, 0.9999958276748657, 0.9999384880065918, 0.9999150037765503, 0.9999575614929199, 0.9999855756759644, 0.9999319314956665, 0.9999951124191284, 0.999998927116394]",License Plate,51A96141,Vietnam,0.9999998807907104,lp_train_1826
1468,"[0, 92, 4, 47]","[0.998979389667511, 0.99983811378479, 0.9999825954437256, 0.9999428987503052, 0.9999799728393555, 0.9998524188995361, 0.9979981780052185, 0.9999116659164429, 0.9999979734420776, 0.9999991655349731]",License Plate,51A60216,Vietnam,0.9999997615814209,lp_train_3130
1469,NA,NA,NA,NA,NA,NA,lp_train_5099
1470,"[2, 376, 0, 184]","[0.9988045692443848, 0.9999808073043823, 0.9999091625213623, 0.9999542236328125, 0.9999181032180786, 0.9999076128005981, 0.9999971389770508, 0.9999998807907104, 0.9999998807907104, 0.9999998807907104]",License Plate,J95BCS,Mexico,0.9915556311607361,lp_train_302
1471,"[0, 87, 0, 44]","[0.9997592568397522, 0.9998575448989868, 0.9998382329940796, 0.9999681711196899, 0.9999791383743286, 0.9992559552192688, 0.9999749660491943, 0.9999938011169434, 0.9999955892562866, 0.9999972581863403]",License Plate,VIPER,Australia,0.7460845708847046,lp_train_4007
1472,NA,NA,NA,NA,NA,NA,lp_train_5508
1473,NA,NA,NA,NA,NA,NA,lp_train_149
1474,NA,NA,NA,NA,NA,NA,lp_train_7020
1475,NA,NA,NA,NA,NA,NA,lp_train_6276
1476,"[2, 110, 8, 44]","[0.9997178912162781, 0.9998534917831421, 0.9997803568840027, 0.999817430973053, 0.9999268054962158, 0.9998565912246704, 0.9999191761016846, 0.9999349117279053, 0.9999994039535522, 0.9999998807907104]",License Plate,51F59881,Vietnam,1.0,lp_train_2654
1477,"[3, 100, 10, 57]","[0.9943668246269226, 0.99980229139328, 0.999743640422821, 0.9991033673286438, 0.6312012672424316, 0.9998348951339722, 0.9999949932098389, 0.9999986886978149, 0.9999994039535522, 0.9999995231628418]",License Plate,URRM0M,United States,0.9997755885124207,lp_train_4946
1478,NA,NA,NA,NA,NA,NA,lp_train_130
1479,NA,NA,NA,NA,NA,NA,lp_train_6267
1480,"[1, 106, 2, 33]","[0.9999121427536011, 0.9999614953994751, 0.9999892711639404, 0.9999165534973145, 0.9998847246170044, 0.9998149275779724, 0.9999158382415771, 0.9999661445617676, 0.9999793767929077, 0.9999974966049194]",License Plate,61A39534,Vietnam,1.0,lp_train_796
1481,"[9, 80, 6, 59]","[0.9999164342880249, 0.9999226331710815, 0.9998403787612915, 0.9999237060546875, 0.9999284744262695, 0.999893307685852, 0.9990084767341614, 0.9999614953994751, 0.9995033740997314, 0.9998106360435486]",License Plate,54T15417,Vietnam,0.9999991655349731,lp_train_5279
1482,"[0, 83, 4, 28]","[0.976612389087677, 0.9797049760818481, 0.9988065958023071, 0.9996212720870972, 0.9997445940971375, 0.9997579455375671, 0.9998524188995361, 0.9997690320014954, 0.9999990463256836, 0.9999997615814209]",License Plate,51F59881,Vietnam,0.999985933303833,lp_train_2990
1483,NA,NA,NA,NA,NA,NA,lp_train_4468
1484,"[2, 99, 2, 36]","[0.9999586343765259, 0.9999830722808838, 0.9999935626983643, 0.9999246597290039, 0.9998761415481567, 0.9999525547027588, 0.9999047517776489, 0.999971866607666, 0.9999947547912598, 0.9999992847442627]",License Plate,60A35981,Vietnam,1.0,lp_train_3057
1485,"[0, 50, 3, 17]","[0.7691641449928284, 0.997818112373352, 0.9977828860282898, 0.9957515001296997, 0.9992098808288574, 0.943943202495575, 0.9996914863586426, 0.680493175983429, 0.9999204874038696, 0.9999942779541016]",License Plate,11FB2605,Vietnam,0.9974404573440552,lp_train_3352
1486,NA,NA,NA,NA,NA,NA,lp_train_2552
1487,NA,NA,NA,NA,NA,NA,lp_train_3892
1488,NA,NA,NA,NA,NA,NA,lp_train_4234
1489,NA,NA,NA,NA,NA,NA,lp_train_5232
1490,"[6, 130, 51, 131]","[0.9999253749847412, 0.9998244643211365, 0.9999194145202637, 0.9999322891235352, 0.9999827146530151, 0.9999943971633911, 0.9999951124191284, 0.9999973773956299, 0.999998927116394, 0.9999994039535522]",License Plate,R8GT,Sweden,0.992377758026123,lp_train_186
1491,NA,NA,NA,NA,NA,NA,lp_train_186
1492,"[0, 118, 7, 82]","[0.9997603297233582, 0.9879391193389893, 0.9293717741966248, 0.9618687033653259, 0.9780851602554321, 0.967552900314331, 0.4877311587333679, 0.999402642250061, 0.9999926090240479, 0.9999955892562866]",License Plate,AD0000,Moldova,0.5698655843734741,lp_train_3921
1493,"[0, 88, 3, 29]","[0.9958229064941406, 0.9997668862342834, 0.9769182205200195, 0.9220614433288574, 0.9878215193748474, 0.9863726496696472, 0.7291290163993835, 0.9868724346160889, 0.9817495346069336, 0.9999125003814697]",License Plate,80NG37618,Vietnam,0.888846218585968,lp_train_4315
1494,"[2, 97, 0, 25]","[0.9998447895050049, 0.9996763467788696, 0.9998666048049927, 0.9996131062507629, 0.9996570348739624, 0.999723494052887, 0.9990398287773132, 0.9999688863754272, 0.9999971389770508, 0.9999990463256836]",License Plate,56S4698,Vietnam,0.999879002571106,lp_train_825
1495,"[2, 91, 4, 58]","[0.9077498316764832, 0.99932861328125, 0.9970909357070923, 0.999896764755249, 0.997783362865448, 0.9994314312934875, 0.9993165731430054, 0.9995019435882568, 0.9999645948410034, 0.999990701675415]",License Plate,51G51332,Vietnam,0.998982846736908,lp_train_3088
1496,NA,NA,NA,NA,NA,NA,lp_train_2416
1497,"[1, 85, 2, 45]","[0.9993139505386353, 0.9996731281280518, 0.9996466636657715, 0.9999188184738159, 0.9996367692947388, 0.9998811483383179, 0.9996612071990967, 0.9998698234558105, 0.999996542930603, 0.9999988079071045]",License Plate,51F61712,Vietnam,1.0,lp_train_3113
1498,"[2, 42, 0, 10]","[0.6341975927352905, 0.830241322517395, 0.9814922213554382, 0.3531081974506378, 0.7080454230308533, 0.9938918352127075, 0.962207555770874, 0.800819456577301, 0.9929719567298889, 0.9998691082000732]",License Plate,82A08616,Vietnam,0.9962978959083557,lp_train_3468
1499,NA,NA,NA,NA,NA,NA,lp_train_5752
1500,"[142, 1197, 5, 588]","[0.9999276399612427, 0.9996187686920166, 0.999881386756897, 0.9998830556869507, 0.999934196472168, 0.9999352693557739, 0.9999575614929199, 0.9999969005584717, 0.9999986886978149, 0.999998927116394]",License Plate,HFW719A,Mexico,0.9999998807907104,lp_train_4144
1501,NA,NA,NA,NA,NA,NA,lp_train_1749
1502,"[1, 94, 2, 24]","[0.9998049139976501, 0.9999037981033325, 0.9997084736824036, 0.9999525547027588, 0.9996144771575928, 0.9999834299087524, 0.9999018907546997, 0.9999370574951172, 0.9999983310699463, 0.999998927116394]",License Plate,51F63034,Vietnam,1.0,lp_train_851
1503,"[1, 96, 4, 35]","[0.9996789693832397, 0.9115610718727112, 0.9999725818634033, 0.9999585151672363, 0.9997097849845886, 0.9997273087501526, 0.9999669790267944, 0.9999513626098633, 0.9999946355819702, 0.9999947547912598]",License Plate,52Y6490,Vietnam,0.9997422099113464,lp_train_1981
1504,NA,NA,NA,NA,NA,NA,lp_train_6304
1505,"[2, 111, 5, 57]","[0.9995909333229065, 0.9999269247055054, 0.9996939897537231, 0.9998794794082642, 0.9997883439064026, 0.999862790107727, 0.9998730421066284, 0.9816298484802246, 0.9999496936798096, 0.9999970197677612]",License Plate,51G31691,Vietnam,0.9999997615814209,lp_train_2776
1506,NA,NA,NA,NA,NA,NA,lp_train_3851
1507,"[5, 99, 10, 62]","[0.9993124008178711, 0.9997685551643372, 0.9988135099411011, 0.9999258518218994, 0.9997672438621521, 0.9996527433395386, 0.9996364116668701, 0.9961804151535034, 0.9998661279678345, 0.9999511241912842]",License Plate,51G21670,Vietnam,0.999998927116394,lp_train_2733
1508,NA,NA,NA,NA,NA,NA,lp_train_6126
1509,"[11, 100, 18, 93]","[0.9997974038124084, 0.999887228012085, 0.9998052716255188, 0.9995445609092712, 0.999847412109375, 0.9998088479042053, 0.9996600151062012, 0.9997857213020325, 0.9998757839202881, 0.9999747276306152]",License Plate,52F53512,Vietnam,0.9999996423721313,lp_train_5342
1510,NA,NA,NA,NA,NA,NA,lp_train_1355
1511,"[0, 265, 0, 130]","[0.9982574582099915, 0.9998749494552612, 0.999270498752594, 0.9998859167098999, 0.9998854398727417, 0.9998354911804199, 0.9998917579650879, 0.9999970197677612, 0.999998927116394, 0.9999991655349731]",License Plate,19W402,United States,0.9084768295288086,lp_train_5174
1512,"[2, 107, 0, 34]","[0.9998505115509033, 0.9999587535858154, 0.9997041821479797, 0.9998667240142822, 0.9996340274810791, 0.9998400211334229, 0.9999079704284668, 0.9997143149375916, 0.999998927116394, 0.9999998807907104]",License Plate,51F32488,Vietnam,1.0,lp_train_1998
1513,"[0, 87, 0, 25]","[0.2671957314014435, 0.9988369345664978, 0.9998812675476074, 0.9997746348381042, 0.9996148347854614, 0.999321699142456, 0.9995657801628113, 0.999823272228241, 0.9994574189186096, 0.9999783039093018]",License Plate,71A89714,Vietnam,0.9999990463256836,lp_train_1248
1514,"[0, 236, 0, 114]","[0.6215565204620361, 0.9982282519340515, 0.9991618394851685, 0.9984943866729736, 0.9986931681632996, 0.9994007349014282, 0.9958064556121826, 0.9999701976776123, 0.9999949932098389, 0.9999969005584717]",License Plate,05F339,United States,0.9853561520576477,lp_train_215
1515,"[55, 64, 46, 50]","[0.9577548503875732, 0.9870712161064148, 0.9876178503036499, 0.9858211874961853, 0.9823976159095764, 0.9858108758926392, 0.9864698052406311, 0.9926769733428955, 0.9951004385948181, 0.9960816502571106]",License Plate,,Unknown,0.9925934672355652,lp_train_183
1516,"[2, 104, 0, 25]","[0.9988441467285156, 0.9999687671661377, 0.9999923706054688, 0.9999364614486694, 0.9999107122421265, 0.9999760389328003, 0.999993085861206, 0.9999173879623413, 0.9999911785125732, 0.9999960660934448]",License Plate,51A96141,Vietnam,1.0,lp_train_955
1517,NA,NA,NA,NA,NA,NA,lp_train_6374
1518,"[2, 102, 3, 28]","[0.9998936653137207, 0.9999436140060425, 0.9994800686836243, 0.9999544620513916, 0.9998756647109985, 0.9998908042907715, 0.9999245405197144, 0.9998812675476074, 0.9999970197677612, 0.9999990463256836]",License Plate,51G51936,Vietnam,0.9999998807907104,lp_train_1088
1519,"[0, 95, 2, 28]","[0.9999572038650513, 0.9997598528862, 0.9999910593032837, 0.9999934434890747, 0.9998030066490173, 0.9999631643295288, 0.9999427795410156, 0.9999604225158691, 0.9999731779098511, 0.9999955892562866]",License Plate,48A05177,Vietnam,1.0,lp_train_939
1520,"[10, 107, 7, 31]","[0.9999195337295532, 0.9999614953994751, 0.9997572302818298, 0.9999715089797974, 0.9999345541000366, 0.9998636245727539, 0.9999854564666748, 0.9999614953994751, 0.999996542930603, 0.9999992847442627]",License Plate,51G10209,Vietnam,0.9999995231628418,lp_train_3123
1521,"[1, 106, 0, 26]","[0.9998794794082642, 0.9999611377716064, 0.9993228912353516, 0.9998878240585327, 0.999710738658905, 0.9998692274093628, 0.9998600482940674, 0.9999755620956421, 0.9999946355819702, 0.9999984502792358]",License Plate,51F73420,Vietnam,1.0,lp_train_717
1522,NA,NA,NA,NA,NA,NA,lp_train_5788
1523,"[0, 83, 8, 36]","[0.9999263286590576, 0.9999594688415527, 0.999721109867096, 0.9999310970306396, 0.9998038411140442, 0.9999690055847168, 0.9998143315315247, 0.9999715089797974, 0.9999970197677612, 0.9999991655349731]",License Plate,51F73029,Vietnam,0.9999997615814209,lp_train_2875
1524,"[0, 89, 1, 74]","[0.9998308420181274, 0.9998841285705566, 0.9999643564224243, 0.9997408986091614, 0.9998252987861633, 0.9996949434280396, 0.9998797178268433, 0.999890923500061, 0.9991158843040466, 0.9999300241470337]",License Plate,59G133671,Vietnam,0.9999964237213135,lp_train_5687
1525,"[0, 106, 2, 50]","[0.9998262524604797, 0.9999579191207886, 0.9999902248382568, 0.9999654293060303, 0.9999243021011353, 0.999970555305481, 0.9999418258666992, 0.9999774694442749, 0.9999839067459106, 0.9999979734420776]",License Plate,51A89714,Vietnam,1.0,lp_train_2626
1526,NA,NA,NA,NA,NA,NA,lp_train_6341
1527,NA,NA,NA,NA,NA,NA,lp_train_2302
1528,NA,NA,NA,NA,NA,NA,lp_train_5931
1529,"[0, 109, 2, 34]","[0.988644003868103, 0.9999066591262817, 0.9992775321006775, 0.9999393224716187, 0.9998486042022705, 0.9996508359909058, 0.9998230338096619, 0.999923825263977, 0.9998838901519775, 0.999958872795105]",License Plate,51G21670,Vietnam,0.9999967813491821,lp_train_2361
1530,"[4, 111, 5, 63]","[0.9999204874038696, 0.9984235763549805, 0.9997199177742004, 0.9998005032539368, 0.9993371367454529, 0.9997264742851257, 0.9997709393501282, 0.9940389394760132, 0.999954342842102, 0.9999972581863403]",License Plate,51G47281,Vietnam,0.9999997615814209,lp_train_3066
1531,"[2, 93, 0, 25]","[0.9998231530189514, 0.9999351501464844, 0.9995201826095581, 0.9998667240142822, 0.9996144771575928, 0.9998400211334229, 0.9998834133148193, 0.9999103546142578, 0.9999618530273438, 0.999994158744812]",License Plate,51F44614,Vietnam,0.9999998807907104,lp_train_1071
1532,"[1, 81, 3, 27]","[0.9998239874839783, 0.999901533126831, 0.9997636675834656, 0.9999493360519409, 0.9998083710670471, 0.9998015761375427, 0.9997662901878357, 0.9999387264251709, 0.9999983310699463, 0.9999992847442627]",License Plate,51F61712,Vietnam,0.9999997615814209,lp_train_1225
1533,"[0, 85, 5, 73]","[0.9998113512992859, 0.9999474287033081, 0.9992985725402832, 0.9999591112136841, 0.9999128580093384, 0.999932050704956, 0.9998061060905457, 0.9998764991760254, 0.9998985528945923, 0.9999223947525024]",License Plate,59T162133,Vietnam,0.9999998807907104,lp_train_6412
1534,NA,NA,NA,NA,NA,NA,lp_train_4332
1535,NA,NA,NA,NA,NA,NA,lp_train_6358
1536,NA,NA,NA,NA,NA,NA,lp_train_5990
1537,"[9, 81, 7, 62]","[0.9997304081916809, 0.9998947381973267, 0.9999326467514038, 0.9942008852958679, 0.9999048709869385, 0.999669075012207, 0.9995135068893433, 0.9998997449874878, 0.9999198913574219, 0.999792754650116]",License Plate,59F126626,Vietnam,0.9999996423721313,lp_train_6610
1538,"[0, 117, 5, 47]","[0.9998853206634521, 0.999890923500061, 0.9999622106552124, 0.9999328851699829, 0.9993719458580017, 0.9993783235549927, 0.9999608993530273, 0.9999871253967285, 0.9999967813491821, 0.9999978542327881]",License Plate,52Y6490,Vietnam,0.9998606443405151,lp_train_1980
1539,"[2, 104, 3, 33]","[0.9999098777770996, 0.9999402761459351, 0.9997768998146057, 0.9999452829360962, 0.9999493360519409, 0.9998754262924194, 0.9998149275779724, 0.9998531341552734, 0.9999943971633911, 0.9999982118606567]",License Plate,51G51332,Vietnam,0.9999998807907104,lp_train_1507
1540,"[0, 243, 0, 118]","[0.5565769076347351, 0.9979871511459351, 0.9998399019241333, 0.9998937845230103, 0.999432384967804, 0.9990754127502441, 0.9966553449630737, 0.9997599720954895, 0.9999240636825562, 0.9999628067016602]",License Plate,101A282,Bosnia and Herzegovina,0.7810265421867371,lp_train_217
1541,NA,NA,NA,NA,NA,NA,lp_train_3938
1542,NA,NA,NA,NA,NA,NA,lp_train_3369
1543,"[0, 140, 8, 63]","[0.9957962036132812, 0.9999669790267944, 0.9999921321868896, 0.9999455213546753, 0.9998815059661865, 0.9998464584350586, 0.9999046325683594, 0.9998795986175537, 0.9999929666519165, 0.9999964237213135]",License Plate,51A85325,Vietnam,0.9999995231628418,lp_train_2185
1544,"[2, 90, 2, 25]","[0.999845027923584, 0.9998950958251953, 0.9994725584983826, 0.9998220801353455, 0.9998657703399658, 0.9998898506164551, 0.999923825263977, 0.9998466968536377, 0.9999995231628418, 0.9999997615814209]",License Plate,51F59881,Vietnam,0.9999994039535522,lp_train_652
1545,"[43, 53, 68, 74]","[0.907908022403717, 0.9623640775680542, 0.9737887978553772, 0.9735702276229858, 0.9670686721801758, 0.9699004888534546, 0.9742574691772461, 0.9920584559440613, 0.9964685440063477, 0.997821569442749]",License Plate,,Unknown,0.9974162578582764,lp_train_5755
1546,"[2, 109, 2, 31]","[0.9998918771743774, 0.9999480247497559, 0.9997687935829163, 0.9999616146087646, 0.9999167919158936, 0.9998075366020203, 0.9992678761482239, 0.9999648332595825, 0.9999960660934448, 0.9999985694885254]",License Plate,51F16159,Vietnam,0.9999994039535522,lp_train_914
1547,"[0, 109, 0, 31]","[0.9999284744262695, 0.9999480247497559, 0.9997116923332214, 0.9999632835388184, 0.9998912811279297, 0.9998196959495544, 0.9986017346382141, 0.9999630451202393, 0.9999957084655762, 0.999998927116394]",License Plate,51F16159,Vietnam,0.9999996423721313,lp_train_1697
1548,NA,NA,NA,NA,NA,NA,lp_train_5212
1549,"[4, 99, 6, 37]","[0.9999130964279175, 0.9999842643737793, 0.9999959468841553, 0.9999922513961792, 0.9999791383743286, 0.9999521970748901, 0.9999926090240479, 0.9999786615371704, 0.9999978542327881, 0.9999994039535522]",License Plate,51A01204,Vietnam,1.0,lp_train_2811
1550,NA,NA,NA,NA,NA,NA,lp_train_5782
1551,"[2, 81, 6, 24]","[0.9997771382331848, 0.9999580383300781, 0.9997147917747498, 0.9998749494552612, 0.999710738658905, 0.9999258518218994, 0.9999681711196899, 0.999966025352478, 0.9999995231628418, 0.9999997615814209]",License Plate,51G37307,Vietnam,1.0,lp_train_1091
1552,"[4, 112, 3, 34]","[0.9998947381973267, 0.9999432563781738, 0.9998188614845276, 0.9999901056289673, 0.9997805953025818, 0.9999616146087646, 0.9998185038566589, 0.9999598264694214, 0.9999141693115234, 0.9999843835830688]",License Plate,51F07973,Vietnam,1.0,lp_train_2816
1553,NA,NA,NA,NA,NA,NA,lp_train_6718
1554,NA,NA,NA,NA,NA,NA,lp_train_5731
1555,"[0, 105, 1, 29]","[0.9983591437339783, 0.9999129772186279, 0.9998121857643127, 0.9999167919158936, 0.9998525381088257, 0.9998941421508789, 0.9998384714126587, 0.9997801184654236, 0.9999710321426392, 0.9999914169311523]",License Plate,51G31691,Vietnam,0.9999991655349731,lp_train_1193
1556,NA,NA,NA,NA,NA,NA,lp_train_5413
1557,"[1, 95, 6, 43]","[0.9997660517692566, 0.9999649524688721, 0.9999946355819702, 0.9999353885650635, 0.9998924732208252, 0.9999245405197144, 0.9998283386230469, 0.9999275207519531, 0.9999935626983643, 0.9999964237213135]",License Plate,61A22959,Vietnam,0.9999998807907104,lp_train_2954
1558,"[3, 109, 0, 28]","[0.9998760223388672, 0.9998103976249695, 0.9999938011169434, 0.9999195337295532, 0.9999486207962036, 0.9999587535858154, 0.9999339580535889, 0.9999332427978516, 0.9999971389770508, 0.9999990463256836]",License Plate,29A51796,Vietnam,1.0,lp_train_782
1559,"[1, 102, 0, 32]","[0.9999430179595947, 0.9999452829360962, 0.9996421337127686, 0.9999469518661499, 0.9999537467956543, 0.9998989105224609, 0.9999443292617798, 0.9998382329940796, 0.999995231628418, 0.9999988079071045]",License Plate,51G39466,Vietnam,1.0,lp_train_513
1560,NA,NA,NA,NA,NA,NA,lp_train_6336
1561,NA,NA,NA,NA,NA,NA,lp_train_4249
1562,NA,NA,NA,NA,NA,NA,lp_train_4249
1563,NA,NA,NA,NA,NA,NA,lp_train_4030
1564,"[0, 94, 1, 24]","[0.9994351267814636, 0.999974250793457, 0.9999955892562866, 0.9999663829803467, 0.9999065399169922, 0.9999676942825317, 0.9999818801879883, 0.9999243021011353, 0.9999948740005493, 0.9999985694885254]",License Plate,51A96141,Vietnam,0.9999998807907104,lp_train_686
1565,NA,NA,NA,NA,NA,NA,lp_train_4014
1566,NA,NA,NA,NA,NA,NA,lp_train_5567
1567,"[11, 150, 4, 72]","[0.9997608065605164, 0.9999107122421265, 0.999799907207489, 0.9999512434005737, 0.9998366832733154, 0.9998892545700073, 0.9999258518218994, 0.9999455213546753, 0.9999995231628418, 1.0]",License Plate,51F68784,Vietnam,1.0,lp_train_1878
1568,NA,NA,NA,NA,NA,NA,lp_train_3764
1569,NA,NA,NA,NA,NA,NA,lp_train_5661
1570,"[3, 82, 0, 39]","[0.9999713897705078, 0.9999010562896729, 0.9998307228088379, 0.9999644756317139, 0.9997350573539734, 0.9999806880950928, 0.9999876022338867, 0.9999979734420776, 0.9999992847442627, 0.9999994039535522]",License Plate,R8TEDM,United States,0.9992558360099792,lp_train_4651
1571,"[1, 135, 3, 69]","[0.7463619709014893, 0.999927282333374, 0.9999628067016602, 0.9991785883903503, 0.9997984766960144, 0.9999933242797852, 0.9999890327453613, 0.9999971389770508, 0.9999973773956299, 0.9999982118606567]",License Plate,OMGICU,United States,0.98212069272995,lp_train_4781
1572,"[5, 74, 7, 60]","[0.9996862411499023, 0.9997907280921936, 0.9998372793197632, 0.9998800754547119, 0.999710738658905, 0.9975423812866211, 0.9964807629585266, 0.9997459053993225, 0.9999635219573975, 0.9997518658638]",License Plate,59P211120,Vietnam,1.0,lp_train_6535
1573,NA,NA,NA,NA,NA,NA,lp_train_4829
1574,"[2, 40, 4, 32]","[0.7327617406845093, 0.7946193814277649, 0.9869437217712402, 0.9898582100868225, 0.9729534387588501, 0.9911890029907227, 0.9991554021835327, 0.9999788999557495, 0.9999874830245972, 0.99998939037323]",License Plate,1055,United States,0.8598266243934631,lp_train_4829
1575,"[2, 65, 4, 42]","[0.9960208535194397, 0.9977193474769592, 0.9974306225776672, 0.9992546439170837, 0.9987461566925049, 0.9994208812713623, 0.9999258518218994, 0.9999979734420776, 0.9999991655349731, 0.9999994039535522]",License Plate,5257,United States,0.9737009406089783,lp_train_4829
1576,"[3, 170, 3, 105]","[0.9993317723274231, 0.9935662150382996, 0.8994325399398804, 0.9874758124351501, 0.9832800626754761, 0.9645254611968994, 0.8867846727371216, 0.9997099041938782, 0.9998868703842163, 0.9998927116394043]",License Plate,GEEEEZ,United States,0.9999459981918335,lp_train_4693
1577,NA,NA,NA,NA,NA,NA,lp_train_3808
1578,"[0, 129, 0, 26]","[0.9992936849594116, 0.9999470710754395, 0.9998509883880615, 0.9999599456787109, 0.9999364614486694, 0.9999467134475708, 0.9999496936798096, 0.9998015761375427, 0.9999837875366211, 0.9999947547912598]",License Plate,51B21666,Vietnam,1.0,lp_train_2432
1579,"[6, 96, 3, 28]","[0.9998375177383423, 0.9999617338180542, 0.9999816417694092, 0.9999628067016602, 0.9999017715454102, 0.9999405145645142, 0.9999759197235107, 0.9999476671218872, 0.9999983310699463, 0.9999996423721313]",License Plate,51A69172,Vietnam,0.9999998807907104,lp_train_1587
1580,"[9, 87, 9, 73]","[0.9998506307601929, 0.9998708963394165, 0.9998664855957031, 0.9996829032897949, 0.9999195337295532, 0.9999653100967407, 0.9998923540115356, 0.9998714923858643, 0.9997478127479553, 0.9999783039093018]",License Plate,54R47039,Vietnam,0.9999979734420776,lp_train_5742
1581,"[2, 82, 2, 20]","[0.9995149374008179, 0.9999639987945557, 0.9999947547912598, 0.9999415874481201, 0.9998611211776733, 0.9999440908432007, 0.9999834299087524, 0.9998897314071655, 0.9999946355819702, 0.9999979734420776]",License Plate,51A96141,Vietnam,1.0,lp_train_954
1582,"[0, 53, 1, 14]","[0.9989653825759888, 0.9981443881988525, 0.9978139400482178, 0.999445378780365, 0.9968331456184387, 0.9999139308929443, 0.9717504978179932, 0.9981564879417419, 0.9999992847442627, 0.9999998807907104]",License Plate,51G26181,Vietnam,1.0,lp_train_2023
1583,"[0, 101, 4, 45]","[0.9999135732650757, 0.999981164932251, 0.9999923706054688, 0.9999066591262817, 0.9998800754547119, 0.9999163150787354, 0.9997616410255432, 0.99981290102005, 0.9999938011169434, 0.9999972581863403]",License Plate,60A39951,Vietnam,0.9999998807907104,lp_train_2876
1584,NA,NA,NA,NA,NA,NA,lp_train_4210
1585,NA,NA,NA,NA,NA,NA,lp_train_6820
1586,"[3, 79, 1, 66]","[0.9998530149459839, 0.9999148845672607, 0.9999182224273682, 0.9999390840530396, 0.9999151229858398, 0.999872088432312, 0.9998817443847656, 0.9999686479568481, 0.9997820258140564, 0.999983549118042]",License Plate,54T12473,Vietnam,0.9999713897705078,lp_train_6593
1587,"[0, 41, 2, 13]","[0.3173055052757263, 0.4221552908420563, 0.24759626388549805, 0.38613390922546387, 0.4690488278865814, 0.3683624267578125, 0.7093719244003296, 0.9794940948486328, 0.9980320334434509, 0.9995589852333069]",License Plate,IA3M11,Greece,0.4104729890823364,lp_train_3562
1588,"[0, 88, 4, 77]","[0.9999558925628662, 0.999487042427063, 0.9999306201934814, 0.9997896552085876, 0.9998266100883484, 0.9993587136268616, 0.9996412992477417, 0.9994427561759949, 0.999864935874939, 0.9999682903289795]",License Plate,71F52321,Vietnam,0.9999939203262329,lp_train_5365
1589,"[3, 81, 0, 65]","[0.9998759031295776, 0.9999407529830933, 0.9999693632125854, 0.9997376799583435, 0.9999054670333862, 0.9998489618301392, 0.9997121691703796, 0.9999574422836304, 0.999951958656311, 0.999988317489624]",License Plate,60FL7420,Vietnam,0.9999953508377075,lp_train_6826
1590,NA,NA,NA,NA,NA,NA,lp_train_5144
1591,NA,NA,NA,NA,NA,NA,lp_train_5144
1592,"[0, 97, 0, 29]","[0.9989075660705566, 0.9999134540557861, 0.9995973706245422, 0.999913215637207, 0.9997990727424622, 0.9998564720153809, 0.9998156428337097, 0.999906063079834, 0.9999964237213135, 0.9999992847442627]",License Plate,51F31118,Vietnam,1.0,lp_train_818
1593,"[6, 148, 1, 41]","[0.9980224370956421, 0.9999594688415527, 0.9999959468841553, 0.9999510049819946, 0.9999290704727173, 0.999944806098938, 0.999957799911499, 0.9999831914901733, 0.9999662637710571, 0.9999896287918091]",License Plate,51A72110,Vietnam,0.9999998807907104,lp_train_2312
1594,"[0, 110, 0, 55]","[0.9999053478240967, 0.9999258518218994, 0.999584972858429, 0.9998133778572083, 0.9995657801628113, 0.9999275207519531, 0.9996767044067383, 0.9998805522918701, 0.999955415725708, 0.9999895095825195]",License Plate,51F22029,Vietnam,0.9999973773956299,lp_train_2927
1595,NA,NA,NA,NA,NA,NA,lp_train_050
1596,NA,NA,NA,NA,NA,NA,lp_train_050
1597,NA,NA,NA,NA,NA,NA,lp_train_050
1598,NA,NA,NA,NA,NA,NA,lp_train_050
1599,NA,NA,NA,NA,NA,NA,lp_train_050
1600,NA,NA,NA,NA,NA,NA,lp_train_050
1601,NA,NA,NA,NA,NA,NA,lp_train_4323
1602,NA,NA,NA,NA,NA,NA,lp_train_3390
1603,"[0, 93, 5, 48]","[0.9990147352218628, 0.9996898174285889, 0.9996340274810791, 0.999943733215332, 0.9996768236160278, 0.9998626708984375, 0.9999042749404907, 0.9999426603317261, 0.9999892711639404, 0.9999948740005493]",License Plate,51G21670,Vietnam,0.9998030066490173,lp_train_3098
1604,"[4, 111, 8, 38]","[0.9981135129928589, 0.999968409538269, 0.999993085861206, 0.9999711513519287, 0.9999109506607056, 0.9999051094055176, 0.9999649524688721, 0.9999442100524902, 0.9999966621398926, 0.9999986886978149]",License Plate,51A69172,Vietnam,1.0,lp_train_3162
1605,"[17, 95, 7, 55]","[0.9998613595962524, 0.9999579191207886, 0.9999363422393799, 0.9072666168212891, 0.9998809099197388, 0.9999359846115112, 0.9998248219490051, 0.9999889135360718, 0.9999949932098389, 0.9999963045120239]",License Plate,55H0LE,United States,0.9114305377006531,lp_train_4952
1606,"[0, 94, 0, 21]","[0.5743377804756165, 0.9998717308044434, 0.9999920129776001, 0.9999312162399292, 0.9998540878295898, 0.9999408721923828, 0.9998904466629028, 0.9998242259025574, 0.9999804496765137, 0.9999966621398926]",License Plate,66A06844,Vietnam,1.0,lp_train_2179
1607,NA,NA,NA,NA,NA,NA,lp_train_6511
1608,"[0, 49, 0, 11]","[0.9911562204360962, 0.9999502897262573, 0.9999550580978394, 0.9998679161071777, 0.9601766467094421, 0.9996465444564819, 0.9990635514259338, 0.9988652467727661, 0.9992042183876038, 0.9999314546585083]",License Plate,51A05227,Vietnam,1.0,lp_train_3581
1609,NA,NA,NA,NA,NA,NA,lp_train_100
1610,NA,NA,NA,NA,NA,NA,lp_train_3506
1611,"[0, 85, 0, 72]","[0.9999457597732544, 0.9998111128807068, 0.9999122619628906, 0.9992799162864685, 0.99998939037323, 0.9999752044677734, 0.9998034834861755, 0.9999719858169556, 0.9999802112579346, 0.9998921155929565]",License Plate,95DB01179,Vietnam,0.9999904632568359,lp_train_6338
1612,NA,NA,NA,NA,NA,NA,lp_train_6891
1613,"[2, 307, 0, 159]","[0.24632038176059723, 0.4427356421947479, 0.7720266580581665, 0.43457886576652527, 0.6321796774864197, 0.26442041993141174, 0.5658494830131531, 0.8055314421653748, 0.9947351217269897, 0.98541659116745]",License Plate,L0433AA,Spain,0.5077393054962158,lp_train_4186
1614,NA,NA,NA,NA,NA,NA,lp_train_6108
1615,"[1, 96, 6, 27]","[0.9998855590820312, 0.9999039173126221, 0.9992893934249878, 0.9998846054077148, 0.9999271631240845, 0.9998650550842285, 0.9997041821479797, 0.9999011754989624, 0.999994158744812, 0.9999974966049194]",License Plate,51F20754,Vietnam,0.9999998807907104,lp_train_404
1616,"[1, 112, 0, 32]","[0.9998670816421509, 0.9998964071273804, 0.9996040463447571, 0.9999152421951294, 0.9999388456344604, 0.9998382329940796, 0.9998040795326233, 0.9998517036437988, 0.9999809265136719, 0.9999961853027344]",License Plate,51G51332,Vietnam,0.9999996423721313,lp_train_2537
1617,"[2, 98, 1, 30]","[0.999901533126831, 0.9999151229858398, 0.999591052532196, 0.9999232292175293, 0.9998935461044312, 0.9999233484268188, 0.9998112320899963, 0.9998761415481567, 0.9999978542327881, 0.9999996423721313]",License Plate,51F31118,Vietnam,0.9999994039535522,lp_train_579
1618,"[2, 77, 0, 19]","[0.999650239944458, 0.9998342990875244, 0.9993565678596497, 0.9997814297676086, 0.9998258948326111, 0.9994514584541321, 0.9998151659965515, 0.9997851252555847, 0.9999990463256836, 0.9999997615814209]",License Plate,51F79512,Vietnam,0.9999997615814209,lp_train_1733
1619,"[2, 98, 1, 27]","[0.9999332427978516, 0.9999105930328369, 0.9996010661125183, 0.9999345541000366, 0.9998739957809448, 0.999922513961792, 0.9999297857284546, 0.9997901320457458, 0.9999971389770508, 0.9999991655349731]",License Plate,51F77836,Vietnam,1.0,lp_train_1853
1620,"[11, 98, 5, 80]","[0.9998680353164673, 0.9999157190322876, 0.9998121857643127, 0.999842643737793, 0.9999102354049683, 0.9998962879180908, 0.9999275207519531, 0.9999129772186279, 0.9999517202377319, 0.9999452829360962]",License Plate,59H143727,Vietnam,1.0,lp_train_5467
1621,"[1, 78, 2, 25]","[0.9998466968536377, 0.9999698400497437, 0.9999908208847046, 0.9999620914459229, 0.9998648166656494, 0.9999529123306274, 0.9999580383300781, 0.9999712705612183, 0.9999693632125854, 0.9999949932098389]",License Plate,51A89714,Vietnam,0.9999997615814209,lp_train_1703
1622,"[0, 30, 0, 24]","[0.28825339674949646, 0.16596920788288116, 0.34619206190109253, 0.39661717414855957, 0.304263710975647, 0.19143162667751312, 0.6668859124183655, 0.9367868900299072, 0.9950677156448364, 0.9943388104438782]",License Plate,BA1351,Portugal,0.2522352933883667,lp_train_4402
1623,NA,NA,NA,NA,NA,NA,lp_train_4402
1624,"[0, 91, 0, 37]","[0.9999881982803345, 0.9999721050262451, 0.9999860525131226, 0.9999810457229614, 0.9998544454574585, 0.9999493360519409, 0.9999990463256836, 0.9999998807907104, 1.0, 1.0]",License Plate,41RSTZ,Netherlands,0.9999994039535522,lp_train_296
1625,"[9, 81, 5, 62]","[0.9998688697814941, 0.9998873472213745, 0.9997979998588562, 0.9998832941055298, 0.9991925358772278, 0.9999030828475952, 0.9991484880447388, 0.9996882677078247, 0.9998888969421387, 0.999907374382019]",License Plate,59P213159,Vietnam,0.9999998807907104,lp_train_5696
1626,"[8, 46, 2, 12]","[0.6875256896018982, 0.9724077582359314, 0.7997335195541382, 0.8538966178894043, 0.7788299918174744, 0.3175637722015381, 0.21675686538219452, 0.9514210224151611, 0.996056318283081, 0.9996032118797302]",License Plate,TF81H3CB,Ukraine,0.9012776017189026,lp_train_3825
1627,"[0, 91, 4, 33]","[0.999794065952301, 0.9999507665634155, 0.9999960660934448, 0.9999678134918213, 0.9999115467071533, 0.9995044469833374, 0.9999605417251587, 0.9999392032623291, 0.9999927282333374, 0.9999972581863403]",License Plate,51A69172,Vietnam,0.9999998807907104,lp_train_1490
1628,"[0, 88, 5, 77]","[0.9998444318771362, 0.9999181032180786, 0.9998884201049805, 0.9999843835830688, 0.9998401403427124, 0.9998657703399658, 0.9999336004257202, 0.9998486042022705, 0.9998127818107605, 0.9999721050262451]",License Plate,59U184366,Vietnam,0.9999971389770508,lp_train_6784
1629,"[10, 199, 18, 117]","[0.9999911785125732, 0.9999567270278931, 0.9999657869338989, 0.9998146891593933, 0.9999666213989258, 0.9999008178710938, 0.9998931884765625, 0.9999970197677612, 0.9999991655349731, 0.9999992847442627]",License Plate,YA60CNT,Unknown,0.9197590351104736,lp_train_4862
1630,"[0, 626, 0, 317]","[0.9998862743377686, 0.9997474551200867, 0.896120011806488, 0.999528169631958, 0.9997435212135315, 0.9993077516555786, 0.9979841709136963, 0.9997478127479553, 0.9999481439590454, 0.9999676942825317]",License Plate,54111ME,United States,0.9992793202400208,lp_train_325
1631,"[3, 101, 0, 25]","[0.9998559951782227, 0.9999675750732422, 0.9999767541885376, 0.9999251365661621, 0.9998812675476074, 0.9999260902404785, 0.9999241828918457, 0.9999597072601318, 0.9999814033508301, 0.9999964237213135]",License Plate,51A89714,Vietnam,0.9999992847442627,lp_train_952
1632,"[3, 88, 9, 73]","[0.9994297623634338, 0.9998434782028198, 0.9099166393280029, 0.9983160495758057, 0.9998422861099243, 0.9998854398727417, 0.9994932413101196, 0.9996829032897949, 0.9999228715896606, 0.9999368190765381]",License Plate,59T160830,Vietnam,0.9999998807907104,lp_train_6424
1633,"[5, 102, 1, 53]","[0.9999417066574097, 0.9954861998558044, 0.9998990297317505, 0.9998873472213745, 0.9993307590484619, 0.9999241828918457, 0.993040919303894, 0.999992847442627, 0.9999983310699463, 0.9999991655349731]",License Plate,XZLR8NZ,United States,0.9995896220207214,lp_train_4617
1634,"[0, 256, 0, 123]","[0.9997835755348206, 0.9998754262924194, 0.9999529123306274, 0.9999498128890991, 0.9999244213104248, 0.999798595905304, 0.9998812675476074, 0.9999984502792358, 0.9999992847442627, 0.9999994039535522]",License Plate,NBR4586,Mexico,0.9999735355377197,lp_train_344
1635,"[0, 257, 0, 126]","[0.9996852874755859, 0.9999563694000244, 0.9998940229415894, 0.9999545812606812, 0.9997283816337585, 0.9999465942382812, 0.9999942779541016, 0.9999994039535522, 0.9999995231628418, 0.9999996423721313]",License Plate,S23ACB,Mexico,0.9909977912902832,lp_train_344
1636,"[2, 246, 0, 119]","[0.9999470710754395, 0.9999072551727295, 0.999929666519165, 0.9999568462371826, 0.9999289512634277, 0.9999332427978516, 0.9999064207077026, 0.9999935626983643, 0.9999995231628418, 0.9999998807907104]",License Plate,HLR2068,Mexico,0.9997825026512146,lp_train_344
1637,NA,NA,NA,NA,NA,NA,lp_train_6097
1638,"[0, 193, 0, 140]","[0.9996516704559326, 0.9998407363891602, 0.9997820258140564, 0.998807430267334, 0.9997630715370178, 0.9998224377632141, 0.9999330043792725, 0.99996018409729, 0.997480571269989, 0.9999376535415649]",License Plate,83S63309,Vietnam,0.9990754127502441,lp_train_7042
1639,"[2, 135, 2, 51]","[0.9998170733451843, 0.9998881816864014, 0.9999960660934448, 0.9999533891677856, 0.999962568283081, 0.9999500513076782, 0.9999532699584961, 0.9999474287033081, 0.9999960660934448, 0.9999996423721313]",License Plate,29A51796,Vietnam,1.0,lp_train_2513
1640,"[0, 76, 1, 69]","[0.9998302459716797, 0.9999208450317383, 0.9891083240509033, 0.9999266862869263, 0.999876856803894, 0.9997428059577942, 0.9999340772628784, 0.9999057054519653, 0.9999226331710815, 0.999924898147583]",License Plate,59M121704,Vietnam,0.9999954700469971,lp_train_6339
1641,NA,NA,NA,NA,NA,NA,lp_train_4377
1642,"[3, 129, 0, 46]","[0.9999374151229858, 0.9999141693115234, 0.9997742772102356, 0.9999358654022217, 0.99953293800354, 0.9999146461486816, 0.9998189806938171, 0.9999544620513916, 0.9999908208847046, 0.9999979734420776]",License Plate,51F64619,Vietnam,1.0,lp_train_2275
1643,"[2, 33, 2, 10]","[0.3662886321544647, 0.6837542653083801, 0.2399516999721527, 0.21276748180389404, 0.3614962697029114, 0.4175037443637848, 0.8128687739372253, 0.801953911781311, 0.9866669774055481, 0.9964061379432678]",License Plate,E124339,France,0.8526718616485596,lp_train_3711
1644,NA,NA,NA,NA,NA,NA,lp_train_6284
1645,NA,NA,NA,NA,NA,NA,lp_train_4274
1646,"[10, 89, 3, 72]","[0.9999263286590576, 0.9999430179595947, 0.9999332427978516, 0.9991942048072815, 0.9999074935913086, 0.9997690320014954, 0.9998981952667236, 0.9999260902404785, 0.999677300453186, 0.9999704360961914]",License Plate,94K12426,Vietnam,0.9994446635246277,lp_train_5729
1647,"[30, 100, 1, 26]","[0.2934410572052002, 0.6728101968765259, 0.7640832662582397, 0.462780237197876, 0.9306236505508423, 0.5605412721633911, 0.8452842235565186, 0.9901666641235352, 0.9920017719268799, 0.990718424320221]",License Plate,110209,Norway,0.9951397180557251,lp_train_1141
1648,"[2, 93, 6, 36]","[0.9999761581420898, 0.9999860525131226, 0.9999911785125732, 0.9999099969863892, 0.9998760223388672, 0.9999316930770874, 0.9999384880065918, 0.9999716281890869, 0.9999995231628418, 0.9999998807907104]",License Plate,60A35981,Vietnam,1.0,lp_train_2978
1649,NA,NA,NA,NA,NA,NA,lp_train_5249
1650,"[0, 214, 4, 64]","[0.9998807907104492, 0.9998553991317749, 0.9999812841415405, 0.99998939037323, 0.9999868869781494, 0.9997907280921936, 0.9999185800552368, 0.9999904632568359, 0.9999997615814209, 0.9999997615814209]",License Plate,FB10045,Norway,0.9999998807907104,lp_train_4785
1651,"[0, 87, 1, 74]","[0.9997922778129578, 0.9998708963394165, 0.9998900890350342, 0.9999164342880249, 0.999882698059082, 0.9998631477355957, 0.9999555349349976, 0.9969710111618042, 0.999887228012085, 0.9999879598617554]",License Plate,59U125418,Vietnam,0.9999991655349731,lp_train_5647
1652,NA,NA,NA,NA,NA,NA,lp_train_5066
1653,"[0, 105, 1, 32]","[0.9998082518577576, 0.9999657869338989, 0.9999909400939941, 0.9999521970748901, 0.9998955726623535, 0.9999665021896362, 0.9999591112136841, 0.9999649524688721, 0.999953031539917, 0.9999905824661255]",License Plate,51A89714,Vietnam,0.9999998807907104,lp_train_1304
1654,NA,NA,NA,NA,NA,NA,lp_train_5854
1655,NA,NA,NA,NA,NA,NA,lp_train_3790
1656,NA,NA,NA,NA,NA,NA,lp_train_4362
1657,NA,NA,NA,NA,NA,NA,lp_train_4362
1658,"[1, 89, 6, 80]","[0.9999117851257324, 0.9995114803314209, 0.9999419450759888, 0.9944798946380615, 0.999754011631012, 0.9997472167015076, 0.9996881484985352, 0.9997276663780212, 0.9999172687530518, 0.9997918009757996]",License Plate,47D118716,Vietnam,0.9999574422836304,lp_train_5253
1659,NA,NA,NA,NA,NA,NA,lp_train_076
1660,NA,NA,NA,NA,NA,NA,lp_train_076
1661,NA,NA,NA,NA,NA,NA,lp_train_076
1662,"[11, 95, 1, 25]","[0.5246860980987549, 0.9995410442352295, 0.998029887676239, 0.9968253374099731, 0.9974639415740967, 0.9984772801399231, 0.999406099319458, 0.9998189806938171, 0.9999945163726807, 0.9999983310699463]",License Plate,1G49524,Vietnam,0.6895135045051575,lp_train_604
1663,NA,NA,NA,NA,NA,NA,lp_train_6122
1664,"[0, 42, 2, 12]","[0.5610252022743225, 0.5176571011543274, 0.5436391234397888, 0.8400532007217407, 0.4820046126842499, 0.8990370631217957, 0.8608079552650452, 0.5678132772445679, 0.9989271759986877, 0.9998569488525391]",License Plate,11FBU344,Turkey,0.9947945475578308,lp_train_3519
1665,"[1, 60, 0, 14]","[0.9939478635787964, 0.9875668287277222, 0.9999591112136841, 0.3864377737045288, 0.9973669648170471, 0.9980035424232483, 0.9983172416687012, 0.9859105348587036, 0.9998633861541748, 0.9999887943267822]",License Plate,51A88141,Vietnam,0.9999507665634155,lp_train_3564
1666,NA,NA,NA,NA,NA,NA,lp_train_1993
1667,"[0, 110, 0, 24]","[0.9986783862113953, 0.9999215602874756, 0.9997491240501404, 0.999836802482605, 0.9998757839202881, 0.9995381832122803, 0.9997486472129822, 0.9998552799224854, 0.9999877214431763, 0.9999960660934448]",License Plate,51G20536,Vietnam,1.0,lp_train_1771
1668,NA,NA,NA,NA,NA,NA,lp_train_6765
1669,"[0, 82, 4, 71]","[0.9996860027313232, 0.9997979998588562, 0.9996551275253296, 0.9996738433837891, 0.9998329877853394, 0.9997172951698303, 0.9995871186256409, 0.9998449087142944, 0.9999681711196899, 0.9999963045120239]",License Plate,53R88556,Vietnam,0.9999969005584717,lp_train_6462
1670,NA,NA,NA,NA,NA,NA,lp_train_3781
1671,"[0, 93, 0, 25]","[0.9996776580810547, 0.999954342842102, 0.9997350573539734, 0.9999179840087891, 0.9997875094413757, 0.9998047947883606, 0.9998835325241089, 0.9999798536300659, 0.9999986886978149, 0.9999996423721313]",License Plate,51F88270,Vietnam,0.9999998807907104,lp_train_1558
1672,"[0, 89, 5, 31]","[0.9997130036354065, 0.9998897314071655, 0.9993116855621338, 0.999940037727356, 0.999504566192627, 0.9987877011299133, 0.9998663663864136, 0.9998884201049805, 0.9999980926513672, 0.9999995231628418]",License Plate,51F15585,Vietnam,1.0,lp_train_2701
1673,"[3, 101, 5, 43]","[0.9999184608459473, 0.9999533891677856, 0.9997761845588684, 0.9999822378158569, 0.9999371767044067, 0.9998983144760132, 0.9999626874923706, 0.999832272529602, 0.999987006187439, 0.9999958276748657]",License Plate,51G01440,Vietnam,0.9999996423721313,lp_train_3093
1674,"[10, 54, 3, 13]","[0.12182638049125671, 0.25268396735191345, 0.8601780533790588, 0.819652259349823, 0.8442614674568176, 0.9081361293792725, 0.8516246676445007, 0.761762797832489, 0.9985894560813904, 0.9995579123497009]",License Plate,TB49524,Switzerland,0.8060669302940369,lp_train_3372
1675,"[0, 99, 6, 40]","[0.9999300241470337, 0.9999004602432251, 0.999795138835907, 0.9999498128890991, 0.9999179840087891, 0.9998836517333984, 0.9999493360519409, 0.9997314810752869, 0.99998939037323, 0.9999972581863403]",License Plate,51G39466,Vietnam,0.9999998807907104,lp_train_853
1676,"[47, 701, 35, 326]","[0.9999679327011108, 0.9999183416366577, 0.9999035596847534, 0.9999232292175293, 0.9997920393943787, 0.9998791217803955, 0.999958872795105, 0.9999822378158569, 0.9999905824661255, 0.9999949932098389]",License Plate,GZY002B,Mexico,0.9999934434890747,lp_train_4088
1677,NA,NA,NA,NA,NA,NA,lp_train_3430
1678,"[1, 41, 1, 14]","[0.9838100671768188, 0.9324008226394653, 0.7921795845031738, 0.5468069911003113, 0.8128745555877686, 0.5460212230682373, 0.7122929692268372, 0.5270092487335205, 0.9979583024978638, 0.999160885810852]",License Plate,51F1351,Turkey,0.7008742094039917,lp_train_3818
1679,NA,NA,NA,NA,NA,NA,lp_train_5697
1680,"[3, 113, 3, 34]","[0.9998456239700317, 0.9999359846115112, 0.9998279809951782, 0.9999910593032837, 0.9998185038566589, 0.9999688863754272, 0.9998990297317505, 0.9999343156814575, 0.9999603033065796, 0.9999915361404419]",License Plate,51F07973,Vietnam,0.9999998807907104,lp_train_607
1681,NA,NA,NA,NA,NA,NA,lp_train_4033
1682,NA,NA,NA,NA,NA,NA,lp_train_159
1683,"[0, 85, 6, 56]","[0.9994450211524963, 0.9985963702201843, 0.9997410178184509, 0.9998906850814819, 0.9972609281539917, 0.9969236254692078, 0.9998181462287903, 0.9999890327453613, 0.9999924898147583, 0.9999922513961792]",License Plate,MSEXE,United States,0.9893298745155334,lp_train_159
1684,NA,NA,NA,NA,NA,NA,lp_train_159
1685,"[0, 1131, 0, 286]","[0.9992796778678894, 0.9998857975006104, 0.9999481439590454, 0.999974250793457, 0.9999500513076782, 0.9999566078186035, 0.9999823570251465, 0.9999455213546753, 0.9999992847442627, 0.9999996423721313]",License Plate,29A00003,Vietnam,1.0,lp_train_299
1686,"[0, 179, 0, 44]","[0.9999827146530151, 0.9999866485595703, 0.999929666519165, 0.9999425411224365, 0.9998329877853394, 0.9891089200973511, 0.9999790191650391, 0.9999960660934448, 0.999995231628418, 0.9999964237213135]",License Plate,ALR486,United Kingdom,0.9763563871383667,lp_train_3868
1687,NA,NA,NA,NA,NA,NA,lp_train_4960
1688,"[0, 104, 7, 35]","[0.9998286962509155, 0.9999319314956665, 0.9993776679039001, 0.9999786615371704, 0.9997316002845764, 0.9998658895492554, 0.9994192123413086, 0.9998992681503296, 0.9999970197677612, 0.9999994039535522]",License Plate,51F13251,Vietnam,0.9999992847442627,lp_train_3244
1689,NA,NA,NA,NA,NA,NA,lp_train_5120
1690,NA,NA,NA,NA,NA,NA,lp_train_5120
1691,"[5, 99, 17, 55]","[0.9993734955787659, 0.999599277973175, 0.9992774128913879, 0.9994423985481262, 0.9991016387939453, 0.9996533393859863, 0.9993472695350647, 0.9999258518218994, 0.9999874830245972, 0.9999744892120361]",License Plate,F58250,Norway,0.9739230871200562,lp_train_2412
1692,"[15, 416, 21, 174]","[0.9841899275779724, 0.9436055421829224, 0.811360776424408, 0.9150445461273193, 0.9865720272064209, 0.9785518050193787, 0.9552946090698242, 0.9958099126815796, 0.9980424642562866, 0.9995529055595398]",License Plate,IBOOST,United States,0.8946278095245361,lp_train_4756
1693,"[2, 110, 9, 45]","[0.9999387264251709, 0.9999507665634155, 0.9997619986534119, 0.9999850988388062, 0.9996519088745117, 0.9999616146087646, 0.9999183416366577, 0.9999415874481201, 0.9999939203262329, 0.9999982118606567]",License Plate,51F07973,Vietnam,0.9999996423721313,lp_train_2670
1694,NA,NA,NA,NA,NA,NA,lp_train_6611
1695,"[6, 101, 8, 72]","[0.5444313883781433, 0.9993602633476257, 0.9992296695709229, 0.9997771382331848, 0.9984723925590515, 0.9994161128997803, 0.9955011010169983, 0.5970156788825989, 0.9999634027481079, 0.9999849796295166]",License Plate,51G37673,Vietnam,0.9992522597312927,lp_train_2625
1696,"[6, 64, 4, 47]","[0.9997832179069519, 0.9999144077301025, 0.9997875094413757, 0.999874472618103, 0.9997795224189758, 0.9994068145751953, 0.9996213912963867, 0.9999018907546997, 0.9998786449432373, 0.9999897480010986]",License Plate,59T188808,Vietnam,0.9999974966049194,lp_train_6159
1697,NA,NA,NA,NA,NA,NA,lp_train_3539
1698,"[11, 192, 20, 111]","[0.9211638569831848, 0.801766574382782, 0.47255727648735046, 0.22725676000118256, 0.7215865254402161, 0.3203979432582855, 0.4886814057826996, 0.9173511862754822, 0.9456897974014282, 0.945665180683136]",License Plate,101EP8,Mexico,0.3074343204498291,lp_train_4787
1699,"[0, 89, 0, 74]","[0.9999673366546631, 0.999945878982544, 0.9999716281890869, 0.9998761415481567, 0.9999103546142578, 0.9999128580093384, 0.9997633099555969, 0.9999581575393677, 0.9999299049377441, 0.9999423027038574]",License Plate,71C232149,Vietnam,0.999992847442627,lp_train_5231
1700,NA,NA,NA,NA,NA,NA,lp_train_3510
1701,"[0, 104, 0, 32]","[0.9970068335533142, 0.9999591112136841, 0.9999887943267822, 0.9999305009841919, 0.9998542070388794, 0.9998487234115601, 0.9999048709869385, 0.9998051524162292, 0.999990701675415, 0.9999967813491821]",License Plate,51A85325,Vietnam,0.9999995231628418,lp_train_1461
1702,"[2, 99, 1, 81]","[0.9998695850372314, 0.9996366500854492, 0.9999649524688721, 0.9998220801353455, 0.9999071359634399, 0.9998131394386292, 0.9998509883880615, 0.9996576309204102, 0.9999538660049438, 0.9999740123748779]",License Plate,59L116392,Vietnam,0.999996542930603,lp_train_6651
1703,"[0, 47, 0, 12]","[0.9804427027702332, 0.999536395072937, 0.9261294007301331, 0.9977837204933167, 0.9996022582054138, 0.9971717000007629, 0.9997192025184631, 0.9995216131210327, 0.9999905824661255, 0.9999985694885254]",License Plate,61A39534,Vietnam,0.9999997615814209,lp_train_3633
1704,"[0, 105, 2, 36]","[0.9999080896377563, 0.9996803998947144, 0.9999974966049194, 0.9996832609176636, 0.999976634979248, 0.9996691942214966, 0.999980092048645, 0.9999862909317017, 0.999996542930603, 0.9999972581863403]",License Plate,OU19XMG,United Kingdom,0.9999998807907104,lp_train_4715
1705,"[5, 115, 0, 48]","[0.9998857975006104, 0.9999208450317383, 0.9996005892753601, 0.9998997449874878, 0.9997612833976746, 0.9999041557312012, 0.9999319314956665, 0.9998980760574341, 0.9999983310699463, 0.9999995231628418]",License Plate,51G42861,Vietnam,0.9999997615814209,lp_train_2342
1706,NA,NA,NA,NA,NA,NA,lp_train_3737
1707,"[7, 91, 1, 27]","[0.9999200105667114, 0.9999715089797974, 0.9999842643737793, 0.9999054670333862, 0.9999326467514038, 0.9999352693557739, 0.9998856782913208, 0.9999500513076782, 0.9999996423721313, 0.9999998807907104]",License Plate,60A20880,Vietnam,1.0,lp_train_2045
1708,NA,NA,NA,NA,NA,NA,lp_train_6349
1709,NA,NA,NA,NA,NA,NA,lp_train_6211
1710,NA,NA,NA,NA,NA,NA,lp_train_4598
1711,"[3, 102, 5, 53]","[0.9964520931243896, 0.6988804936408997, 0.9998855590820312, 0.999927282333374, 0.9998998641967773, 0.9995784163475037, 0.9991214871406555, 0.9999312162399292, 0.9999916553497314, 0.9999973773956299]",License Plate,5DZ1630,Vietnam,0.9971996545791626,lp_train_2840
1712,"[0, 39, 2, 10]","[0.6763013005256653, 0.9507426619529724, 0.9447062611579895, 0.543015718460083, 0.9184973835945129, 0.7345120906829834, 0.27216872572898865, 0.9638122320175171, 0.9999006986618042, 0.9999717473983765]",License Plate,TF04295,Italy,0.33008459210395813,lp_train_3464
1713,"[4, 85, 13, 72]","[0.9989683628082275, 0.9997721314430237, 0.6899105906486511, 0.9886183738708496, 0.9995311498641968, 0.999846339225769, 0.9998069405555725, 0.9981194138526917, 0.999342143535614, 0.9999194145202637]",License Plate,59T100381,Vietnam,1.0,lp_train_5596
1714,"[3, 117, 5, 35]","[0.9998916387557983, 0.9999264478683472, 0.9996578693389893, 0.999987006187439, 0.9996305704116821, 0.9995416402816772, 0.9997541308403015, 0.9998652935028076, 0.9999977350234985, 0.9999992847442627]",License Plate,51F06532,Vietnam,1.0,lp_train_2286
1715,"[1, 100, 0, 33]","[0.9960734844207764, 0.999961256980896, 0.9999884366989136, 0.9999923706054688, 0.9996976852416992, 0.9998996257781982, 0.999904990196228, 0.9999862909317017, 0.9999315738677979, 0.9999905824661255]",License Plate,51A05227,Vietnam,1.0,lp_train_1910
1716,"[3, 103, 4, 31]","[0.9998394250869751, 0.9999260902404785, 0.9996728897094727, 0.9998912811279297, 0.9997187256813049, 0.9998972415924072, 0.9999436140060425, 0.9999151229858398, 0.9999970197677612, 0.9999992847442627]",License Plate,51F57493,Vietnam,1.0,lp_train_562
1717,NA,NA,NA,NA,NA,NA,lp_train_5988
1718,"[0, 124, 0, 33]","[0.7534947991371155, 0.9994308352470398, 0.999755322933197, 0.9986451268196106, 0.9984691739082336, 0.9995884299278259, 0.9995100498199463, 0.9998751878738403, 0.9999979734420776, 0.9999991655349731]",License Plate,1G21670,Vietnam,0.9424059391021729,lp_train_2261
1719,NA,NA,NA,NA,NA,NA,lp_train_3693
1720,"[1, 115, 0, 55]","[0.9999858140945435, 0.9987377524375916, 0.9988818764686584, 0.9990813732147217, 0.9991718530654907, 0.997776448726654, 0.9994651675224304, 0.9989169836044312, 0.9996317625045776, 0.9997491240501404]",License Plate,SHAKNBK,United States,0.9662762880325317,lp_train_3844
1721,"[2, 96, 1, 32]","[0.999875545501709, 0.9999474287033081, 0.9996961355209351, 0.9999252557754517, 0.9996265172958374, 0.9998836517333984, 0.9999741315841675, 0.9999624490737915, 0.9999996423721313, 0.9999997615814209]",License Plate,51G37307,Vietnam,0.9999998807907104,lp_train_1937
1722,NA,NA,NA,NA,NA,NA,lp_train_4958
1723,NA,NA,NA,NA,NA,NA,lp_train_4958
1724,NA,NA,NA,NA,NA,NA,lp_train_6056
1725,"[0, 90, 4, 77]","[0.9998155236244202, 0.9996300935745239, 0.5455089211463928, 0.9998514652252197, 0.9998832941055298, 0.9997655749320984, 0.9999105930328369, 0.9998939037322998, 0.999678373336792, 0.9999861717224121]",License Plate,77Y34619,Vietnam,0.9999568462371826,lp_train_6616
1726,"[0, 101, 0, 28]","[0.9994572997093201, 0.9992972612380981, 0.9998645782470703, 0.9997548460960388, 0.999332845211029, 0.9988227486610413, 0.9994066953659058, 0.9999674558639526, 0.9999946355819702, 0.9999971389770508]",License Plate,30N4616,Vietnam,0.9997609257698059,lp_train_1150
1727,"[2, 91, 9, 62]","[0.9998025298118591, 0.9999327659606934, 0.9994231462478638, 0.999885082244873, 0.9997289776802063, 0.9999299049377441, 0.9996168613433838, 0.9950660467147827, 0.9983165264129639, 0.9998553991317749]",License Plate,51G29034,Vietnam,0.9999997615814209,lp_train_2729
1728,NA,NA,NA,NA,NA,NA,lp_train_084
1729,NA,NA,NA,NA,NA,NA,lp_train_3707
1730,"[2, 73, 0, 17]","[0.9965389966964722, 0.999886155128479, 0.9999701976776123, 0.9999825954437256, 0.999735414981842, 0.9998573064804077, 0.9996708631515503, 0.9999300241470337, 0.999981164932251, 0.9999933242797852]",License Plate,51A05227,Vietnam,0.9999996423721313,lp_train_773
1731,NA,NA,NA,NA,NA,NA,lp_train_5359
1732,"[2, 104, 2, 31]","[0.9999630451202393, 0.999976396560669, 0.9999951124191284, 0.9999890327453613, 0.9998618364334106, 0.9999523162841797, 0.9999115467071533, 0.9998400211334229, 0.999995231628418, 0.9999991655349731]",License Plate,60A03868,Vietnam,1.0,lp_train_1380
1733,NA,NA,NA,NA,NA,NA,lp_train_4305
1734,NA,NA,NA,NA,NA,NA,lp_train_6269
1735,"[3, 96, 9, 73]","[0.9998334646224976, 0.9999217987060547, 0.9999287128448486, 0.9997406601905823, 0.9996955394744873, 0.9998961687088013, 0.9998458623886108, 0.9968305230140686, 0.9998006224632263, 0.9999730587005615]",License Plate,59F132210,Vietnam,0.9999998807907104,lp_train_5326
1736,"[8, 85, 7, 70]","[0.9998037219047546, 0.999875545501709, 0.997499406337738, 0.9997555613517761, 0.9998088479042053, 0.9999459981918335, 0.9999079704284668, 0.9994853734970093, 0.9995657801628113, 0.9997863173484802]",License Plate,59M190977,Vietnam,0.9999841451644897,lp_train_6352
1737,"[3, 60, 3, 40]","[0.9997255206108093, 0.999883770942688, 0.9872006177902222, 0.9863372445106506, 0.9998202919960022, 0.9999140501022339, 0.9999195337295532, 0.9993163347244263, 0.9995540976524353, 0.9996680021286011]",License Plate,59M190977,Vietnam,0.9999841451644897,lp_train_5913
1738,"[0, 78, 3, 22]","[0.9981642365455627, 0.9997072815895081, 0.994880199432373, 0.9996059536933899, 0.9993446469306946, 0.9967921376228333, 0.9718994498252869, 0.9994812607765198, 0.9999938011169434, 0.9999963045120239]",License Plate,51F16159,Vietnam,0.9999994039535522,lp_train_1698
1739,"[18, 291, 13, 226]","[0.9999197721481323, 0.9998526573181152, 0.9999624490737915, 0.9998766183853149, 0.9997113347053528, 0.9997914433479309, 0.999968409538269, 0.9999521970748901, 0.9993312358856201, 0.9999691247940063]",License Plate,64F81149,Vietnam,1.0,lp_train_6961
1740,"[0, 99, 3, 32]","[0.9993534684181213, 0.9999560117721558, 0.9993970394134521, 0.9996131062507629, 0.9998239874839783, 0.9997090697288513, 0.9995892643928528, 0.9999758005142212, 0.9999929666519165, 0.9999972581863403]",License Plate,51F58250,Vietnam,1.0,lp_train_1591
1741,NA,NA,NA,NA,NA,NA,lp_train_5048
1742,NA,NA,NA,NA,NA,NA,lp_train_5081
1743,NA,NA,NA,NA,NA,NA,lp_train_5081
1744,NA,NA,NA,NA,NA,NA,lp_train_5081
1745,NA,NA,NA,NA,NA,NA,lp_train_5081
1746,"[0, 86, 1, 25]","[0.9995318651199341, 0.9999375343322754, 0.9994718432426453, 0.9999359846115112, 0.9995255470275879, 0.998885452747345, 0.9998384714126587, 0.9999150037765503, 0.9999990463256836, 0.9999996423721313]",License Plate,51F15585,Vietnam,0.9999997615814209,lp_train_896
1747,"[3, 110, 3, 29]","[0.9994791150093079, 0.9998990297317505, 0.9996122717857361, 0.9998621940612793, 0.9992402791976929, 0.9998030066490173, 0.9997555613517761, 0.9999358654022217, 0.9999239444732666, 0.9999940395355225]",License Plate,51F44614,Vietnam,1.0,lp_train_2396
1748,"[2, 111, 9, 44]","[0.9998989105224609, 0.9999030828475952, 0.9994563460350037, 0.9999097585678101, 0.9999006986618042, 0.9998220801353455, 0.9999064207077026, 0.9998569488525391, 0.9999914169311523, 0.9999959468841553]",License Plate,51G31691,Vietnam,0.9999969005584717,lp_train_2861
1749,"[6, 105, 12, 44]","[0.9999240636825562, 0.999933123588562, 0.9997288584709167, 0.9998769760131836, 0.9999059438705444, 0.999886155128479, 0.9999243021011353, 0.9999151229858398, 0.9999997615814209, 0.9999998807907104]",License Plate,51F59881,Vietnam,1.0,lp_train_2666
1750,"[0, 65, 2, 27]","[0.999942421913147, 0.9999349117279053, 0.9999059438705444, 0.9999237060546875, 0.9997815489768982, 0.9994674324989319, 0.999779999256134, 0.9999483823776245, 0.9999992847442627, 0.9999992847442627]",License Plate,UN29526,Norway,0.9999344348907471,lp_train_4202
1751,NA,NA,NA,NA,NA,NA,lp_train_7016
1752,"[1, 95, 2, 29]","[0.9986798167228699, 0.9999560117721558, 0.9996249675750732, 0.9997649788856506, 0.9994901418685913, 0.9997605681419373, 0.9998586177825928, 0.999647855758667, 0.9999997615814209, 0.9999998807907104]",License Plate,51F32488,Vietnam,1.0,lp_train_1999
1753,NA,NA,NA,NA,NA,NA,lp_train_5227
1754,"[0, 85, 7, 76]","[0.999825656414032, 0.9998551607131958, 0.9998434782028198, 0.9998038411140442, 0.9997777342796326, 0.9997562766075134, 0.9999376535415649, 0.9995465874671936, 0.9991766810417175, 0.9999539852142334]",License Plate,59L223714,Vietnam,0.9999934434890747,lp_train_6376
1755,"[127, 762, 30, 355]","[0.9996833801269531, 0.9999147653579712, 0.9995416402816772, 0.9999109506607056, 0.9998576641082764, 0.9999319314956665, 0.9995705485343933, 0.9999915361404419, 0.9999954700469971, 0.9999963045120239]",License Plate,HAG917E,Mexico,0.9999979734420776,lp_train_4090
1756,"[0, 105, 4, 35]","[0.9998272061347961, 0.9999244213104248, 0.9997366070747375, 0.999985933303833, 0.9995688796043396, 0.9996199607849121, 0.9997227787971497, 0.9999078512191772, 0.9999963045120239, 0.9999967813491821]",License Plate,51F06532,Vietnam,1.0,lp_train_1276
1757,NA,NA,NA,NA,NA,NA,lp_train_5347
1758,NA,NA,NA,NA,NA,NA,lp_train_5914
1759,"[0, 218, 0, 84]","[0.9991650581359863, 0.9998455047607422, 0.9999831914901733, 0.9998341798782349, 0.9999703168869019, 0.999576985836029, 0.999047577381134, 0.999994158744812, 0.9999982118606567, 0.9999985694885254]",License Plate,OZ70ZEV,United Kingdom,0.9999996423721313,lp_train_4659
1760,"[1, 128, 3, 37]","[0.9996243715286255, 0.9999792575836182, 0.9999960660934448, 0.9999947547912598, 0.9999781847000122, 0.9999432563781738, 0.9999932050704956, 0.9999819993972778, 0.999977707862854, 0.9999960660934448]",License Plate,51A01204,Vietnam,1.0,lp_train_2205
1761,"[6, 105, 6, 55]","[0.978569507598877, 0.9996182918548584, 0.9999902248382568, 0.99997878074646, 0.9998407363891602, 0.999744713306427, 0.9999551773071289, 0.9986903071403503, 0.9999415874481201, 0.9999855756759644]",License Plate,51A96141,Vietnam,0.9999997615814209,lp_train_3298
1762,"[1, 48, 2, 12]","[0.9622791409492493, 0.8877936601638794, 0.9974676370620728, 0.9977169036865234, 0.8069415092468262, 0.3131156265735626, 0.629138171672821, 0.9998248219490051, 0.9999780654907227, 0.9999923706054688]",License Plate,IG31GGI,Romania,0.9707154035568237,lp_train_1693
1763,NA,NA,NA,NA,NA,NA,lp_train_4921
1764,"[8, 139, 5, 71]","[0.9999747276306152, 0.9997450709342957, 0.9999568462371826, 0.9993582367897034, 0.999448835849762, 0.9998321533203125, 0.9501113295555115, 0.9997671246528625, 0.9999568462371826, 0.9999741315841675]",License Plate,UMADBRO,United States,0.9969049096107483,lp_train_4763
1765,"[0, 42, 1, 38]","[0.9998074173927307, 0.9999160766601562, 0.9996871948242188, 0.8854809403419495, 0.9997747540473938, 0.9996047616004944, 0.9996885061264038, 0.9998338222503662, 0.9995405673980713, 0.9999603033065796]",License Plate,54HT5326,Vietnam,0.9999651908874512,lp_train_6123
1766,"[3, 85, 1, 23]","[0.9998306035995483, 0.9999231100082397, 0.9997325539588928, 0.9999297857284546, 0.9999053478240967, 0.9998421669006348, 0.999819815158844, 0.9998898506164551, 0.9999986886978149, 0.9999994039535522]",License Plate,51G51332,Vietnam,0.9999998807907104,lp_train_1000
1767,"[4, 86, 8, 26]","[0.9995848536491394, 0.9999614953994751, 0.9999676942825317, 0.9999854564666748, 0.9998175501823425, 0.9998779296875, 0.999840497970581, 0.9999443292617798, 0.9999940395355225, 0.9999983310699463]",License Plate,51A02923,Vietnam,0.9999997615814209,lp_train_477
1768,"[1, 69, 1, 37]","[0.9998619556427002, 0.9998494386672974, 0.999869704246521, 0.9967312812805176, 0.9997698664665222, 0.999783456325531, 0.9998482465744019, 0.9997856020927429, 0.998685896396637, 0.9999698400497437]",License Plate,59H167791,Vietnam,0.999984860420227,lp_train_6227
1769,"[2, 79, 5, 23]","[0.9994522929191589, 0.9998983144760132, 0.9999951124191284, 0.9999544620513916, 0.999894380569458, 0.9999051094055176, 0.9999834299087524, 0.9998939037322998, 0.999997615814209, 0.9999986886978149]",License Plate,51A96141,Vietnam,0.9999995231628418,lp_train_956
1770,"[0, 90, 0, 25]","[0.9993942975997925, 0.9995993971824646, 0.999995231628418, 0.9999876022338867, 0.999763548374176, 0.9999246597290039, 0.9999186992645264, 0.9997276663780212, 0.9999971389770508, 0.9999991655349731]",License Plate,48A02866,Vietnam,1.0,lp_train_689
1771,"[6, 93, 13, 82]","[0.99970942735672, 0.9998255372047424, 0.9884217381477356, 0.9994320273399353, 0.9998959302902222, 0.7057250142097473, 0.9169893860816956, 0.9989094734191895, 0.9998681545257568, 0.9999531507492065]",License Plate,59X121394,Vietnam,0.9999980926513672,lp_train_5299
1772,"[1, 112, 1, 34]","[0.9992403984069824, 0.9964240193367004, 0.996954083442688, 0.9970089793205261, 0.9994938373565674, 0.9994018077850342, 0.9985184073448181, 0.999688982963562, 0.999907374382019, 0.9998953342437744]",License Plate,TICKLED,United States,0.8165667057037354,lp_train_4622
1773,"[7, 86, 2, 23]","[0.998408854007721, 0.9999431371688843, 0.9996286630630493, 0.9997976422309875, 0.9999072551727295, 0.999421238899231, 0.9997953772544861, 0.9999401569366455, 0.9999946355819702, 0.999998927116394]",License Plate,51F79512,Vietnam,0.9999998807907104,lp_train_3203
1774,NA,NA,NA,NA,NA,NA,lp_train_057
1775,"[2, 48, 0, 13]","[0.8059313297271729, 0.999261200428009, 0.9959153532981873, 0.9996546506881714, 0.998760461807251, 0.9979845285415649, 0.9962120056152344, 0.9972918629646301, 0.9999967813491821, 0.9999984502792358]",License Plate,9A51796,Vietnam,0.7613679766654968,lp_train_3621
1776,"[1, 109, 2, 31]","[0.9998884201049805, 0.9999823570251465, 0.9999973773956299, 0.9999489784240723, 0.9999315738677979, 0.9999876022338867, 0.999954104423523, 0.9999122619628906, 0.9999949932098389, 0.9999985694885254]",License Plate,51A72078,Vietnam,0.9999998807907104,lp_train_830
1777,"[0, 92, 7, 66]","[0.9992607235908508, 0.999401330947876, 0.9996106028556824, 0.9999263286590576, 0.9995365142822266, 0.9988332390785217, 0.9935610294342041, 0.46600136160850525, 0.9999864101409912, 0.9999955892562866]",License Plate,51F15585,Vietnam,0.9999997615814209,lp_train_2901
1778,NA,NA,NA,NA,NA,NA,lp_train_6174
1779,"[2, 147, 2, 55]","[0.9997267127037048, 0.9995571970939636, 0.9997460246086121, 0.9998482465744019, 0.9998912811279297, 0.9999828338623047, 0.9999288320541382, 0.9999963045120239, 0.9999985694885254, 0.9999991655349731]",License Plate,659MEA,Estonia,0.9998031258583069,lp_train_4576
1780,"[1, 104, 3, 37]","[0.9999111890792847, 0.9998990297317505, 0.9997685551643372, 0.9999632835388184, 0.9999068975448608, 0.999895453453064, 0.9998624324798584, 0.999935507774353, 0.9999958276748657, 0.9999984502792358]",License Plate,51F61712,Vietnam,0.9999998807907104,lp_train_974
1781,"[4, 125, 5, 67]","[0.9998669624328613, 0.9007048010826111, 0.9999362230300903, 0.9998261332511902, 0.9998231530189514, 0.999923825263977, 0.9999904632568359, 0.9999991655349731, 0.9999997615814209, 0.9999998807907104]",License Plate,HONDUH,United States,0.9997333884239197,lp_train_4760
1782,NA,NA,NA,NA,NA,NA,lp_train_6488
1783,"[2, 101, 5, 31]","[0.9999096393585205, 0.9999738931655884, 0.9999840259552002, 0.9999369382858276, 0.9997677206993103, 0.9998736381530762, 0.9999270439147949, 0.9999361038208008, 0.9999977350234985, 0.9999992847442627]",License Plate,51A85325,Vietnam,0.9999982118606567,lp_train_730
1784,"[1, 100, 2, 46]","[0.9998940229415894, 0.9999315738677979, 0.9997392296791077, 0.999880313873291, 0.9999239444732666, 0.9998606443405151, 0.9999244213104248, 0.9999057054519653, 0.9999997615814209, 0.9999998807907104]",License Plate,51F59881,Vietnam,1.0,lp_train_2203
1785,"[2, 91, 11, 36]","[0.9999366998672485, 0.9999538660049438, 0.9996827840805054, 0.9998624324798584, 0.9997383952140808, 0.9995518326759338, 0.9998778104782104, 0.9999226331710815, 0.9999967813491821, 0.9999994039535522]",License Plate,51G49539,Vietnam,0.9999998807907104,lp_train_2599
1786,"[3, 168, 0, 116]","[0.9999638795852661, 0.9998786449432373, 0.999943733215332, 0.9998981952667236, 0.9999315738677979, 0.9999306201934814, 0.9998775720596313, 0.9999380111694336, 0.9987058639526367, 0.9999533891677856]",License Plate,62K22681,Vietnam,0.999996542930603,lp_train_7040
1787,NA,NA,NA,NA,NA,NA,lp_train_5247
1788,NA,NA,NA,NA,NA,NA,lp_train_4588
1789,NA,NA,NA,NA,NA,NA,lp_train_4588
1790,"[12, 90, 11, 78]","[0.9997702240943909, 0.9997499585151672, 0.9998921155929565, 0.9996886253356934, 0.9995794892311096, 0.9998492002487183, 0.9997835755348206, 0.9997374415397644, 0.9995627999305725, 0.9998859167098999]",License Plate,63S20246,Vietnam,0.9999409914016724,lp_train_6770
1791,NA,NA,NA,NA,NA,NA,lp_train_5603
1792,NA,NA,NA,NA,NA,NA,lp_train_4934
1793,"[3, 96, 1, 29]","[0.9999454021453857, 0.9999175071716309, 0.999686598777771, 0.9999529123306274, 0.9998914003372192, 0.9998701810836792, 0.9998469352722168, 0.99996018409729, 0.9999984502792358, 0.9999991655349731]",License Plate,51F61712,Vietnam,0.9999997615814209,lp_train_663
1794,"[9, 122, 5, 61]","[0.9997047781944275, 0.999950647354126, 0.9997914433479309, 0.9999847412109375, 0.9997612833976746, 0.9995220899581909, 0.9996600151062012, 0.999854564666748, 0.9999886751174927, 0.9999982118606567]",License Plate,51F06532,Vietnam,1.0,lp_train_2658
1795,NA,NA,NA,NA,NA,NA,lp_train_3949
1796,NA,NA,NA,NA,NA,NA,lp_train_5122
1797,"[2, 76, 1, 41]","[0.999840259552002, 0.9999442100524902, 0.9999350309371948, 0.9999213218688965, 0.9997220635414124, 0.9999499320983887, 0.9999275207519531, 0.9999920129776001, 0.9999960660934448, 0.999996542930603]",License Plate,HEWEPT,Canada,0.5394337177276611,lp_train_4940
1798,NA,NA,NA,NA,NA,NA,lp_train_6311
1799,"[4, 87, 3, 28]","[0.9386806488037109, 0.9995554089546204, 0.9997784495353699, 0.9996172189712524, 0.9999363422393799, 0.9995172023773193, 0.9996265172958374, 0.9999613761901855, 0.9999979734420776, 0.9999988079071045]",License Plate,1F59011,Vietnam,0.9015645980834961,lp_train_1516
1800,NA,NA,NA,NA,NA,NA,lp_train_5559
1801,"[4, 77, 13, 38]","[0.9999485015869141, 0.9998600482940674, 0.999976634979248, 0.9999758005142212, 0.9998581409454346, 0.9998307228088379, 0.99962317943573, 0.2637346386909485, 0.9994608759880066, 0.9998905658721924]",License Plate,43A18657,Vietnam,0.999998927116394,lp_train_2583
1802,"[1, 98, 2, 30]","[0.9999476671218872, 0.9999650716781616, 0.9998718500137329, 0.999920129776001, 0.9998231530189514, 0.9998347759246826, 0.9997791647911072, 0.7731249928474426, 0.9999992847442627, 0.9999997615814209]",License Plate,51G25481,Vietnam,0.9999997615814209,lp_train_725
1803,"[0, 100, 1, 27]","[0.9998045563697815, 0.9999661445617676, 0.9996517896652222, 0.999920129776001, 0.9996898174285889, 0.9999428987503052, 0.9999794960021973, 0.9999804496765137, 0.999998927116394, 0.9999996423721313]",License Plate,51F27809,Vietnam,1.0,lp_train_1105
1804,NA,NA,NA,NA,NA,NA,lp_train_6505
1805,"[2, 102, 0, 26]","[0.9998928308486938, 0.9999845027923584, 0.9999957084655762, 0.9999512434005737, 0.9999085664749146, 0.9999854564666748, 0.9999626874923706, 0.9998949766159058, 0.9999973773956299, 0.9999995231628418]",License Plate,51A72078,Vietnam,0.9999996423721313,lp_train_419
1806,NA,NA,NA,NA,NA,NA,lp_train_5816
1807,NA,NA,NA,NA,NA,NA,lp_train_4725
1808,"[3, 40, 3, 14]","[0.6278734803199768, 0.978014349937439, 0.9559987783432007, 0.512652575969696, 0.694568932056427, 0.5610076785087585, 0.8384247422218323, 0.40338876843452454, 0.9998117089271545, 0.9999808073043823]",License Plate,EIA23823,Vietnam,0.6872115731239319,lp_train_3690
1809,NA,NA,NA,NA,NA,NA,lp_train_5686
1810,"[10, 930, 15, 328]","[0.5626148581504822, 0.2501469552516937, 0.568307638168335, 0.47910141944885254, 0.5547730326652527, 0.3478224277496338, 0.299360066652298, 0.3829001188278198, 0.36700722575187683, 0.49274787306785583]",License Plate,00000000_4,Mexico,0.274529367685318,lp_train_4724
1811,NA,NA,NA,NA,NA,NA,lp_train_2764
1812,"[16, 532, 25, 302]","[0.9459388852119446, 0.6334985494613647, 0.42144206166267395, 0.996553897857666, 0.9666447639465332, 0.9793161749839783, 0.9721498489379883, 0.9989356398582458, 0.999954342842102, 0.9999818801879883]",License Plate,3UL3858,Mexico,0.534633457660675,lp_train_4848
1813,"[8, 89, 5, 72]","[0.9997472167015076, 0.9997724890708923, 0.9987710118293762, 0.9999231100082397, 0.997042715549469, 0.9999397993087769, 0.9998878240585327, 0.9999700784683228, 0.9998313188552856, 0.9999731779098511]",License Plate,53Z11759,Vietnam,0.9999972581863403,lp_train_5215
1814,"[1, 110, 4, 34]","[0.9997749924659729, 0.9999465942382812, 0.9998058676719666, 0.999840497970581, 0.9998045563697815, 0.9998856782913208, 0.9999325275421143, 0.999980092048645, 0.9999881982803345, 0.9999983310699463]",License Plate,51G43630,Vietnam,1.0,lp_train_455
1815,"[4, 115, 0, 42]","[0.999788224697113, 0.9999654293060303, 0.9999946355819702, 0.9999291896820068, 0.9999206066131592, 0.9999152421951294, 0.999924898147583, 0.9999876022338867, 0.9999819993972778, 0.9999970197677612]",License Plate,51A72110,Vietnam,0.9999995231628418,lp_train_2440
1816,NA,NA,NA,NA,NA,NA,lp_train_4381
1817,"[8, 88, 7, 45]","[0.9999279975891113, 0.99994957447052, 0.9998019337654114, 0.9999881982803345, 0.9998542070388794, 0.9999649524688721, 0.9998427629470825, 0.9999285936355591, 0.999886155128479, 0.9999784231185913]",License Plate,51F07973,Vietnam,0.9999994039535522,lp_train_3208
1818,"[1, 143, 0, 30]","[0.9995404481887817, 0.9999345541000366, 0.9997687935829163, 0.9999668598175049, 0.999640703201294, 0.9999840259552002, 0.9998526573181152, 0.9999076128005981, 0.9999954700469971, 0.9999970197677612]",License Plate,51F63034,Vietnam,1.0,lp_train_2349
1819,"[0, 132, 0, 24]","[0.9990049004554749, 0.9998074173927307, 0.9985742568969727, 0.9998466968536377, 0.9998260140419006, 0.9995833039283752, 0.9963744282722473, 0.9999138116836548, 0.9999874830245972, 0.9999927282333374]",License Plate,51F16159,Vietnam,0.999998927116394,lp_train_2321
1820,"[3, 111, 0, 34]","[0.9975460171699524, 0.9999611377716064, 0.9998475313186646, 0.999955415725708, 0.9998637437820435, 0.9998470544815063, 0.9999123811721802, 0.9999825954437256, 0.9999946355819702, 0.9999977350234985]",License Plate,51F88270,Vietnam,0.9999998807907104,lp_train_2921
1821,NA,NA,NA,NA,NA,NA,lp_train_4901
1822,NA,NA,NA,NA,NA,NA,lp_train_6219
1823,"[0, 379, 0, 186]","[0.991442859172821, 0.9996678829193115, 0.9991353154182434, 0.999835729598999, 0.9998088479042053, 0.9994437098503113, 0.9989727735519409, 0.9999880790710449, 0.9999982118606567, 0.9999951124191284]",License Plate,GZZ1970,Mexico,0.9999997615814209,lp_train_306
1824,"[5, 108, 1, 29]","[0.9994719624519348, 0.9999135732650757, 0.9998096823692322, 0.9999712705612183, 0.999935507774353, 0.999929666519165, 0.9999210834503174, 0.9998781681060791, 0.9999856948852539, 0.9999957084655762]",License Plate,51G00672,Vietnam,0.9999998807907104,lp_train_467
1825,"[3, 99, 1, 38]","[0.9297234416007996, 0.99982750415802, 0.9999780654907227, 0.9992591738700867, 0.999937891960144, 0.9998735189437866, 0.9999115467071533, 0.9999960660934448, 0.9999984502792358, 0.9999984502792358]",License Plate,TH3169,Vietnam,0.9974454641342163,lp_train_4343
1826,"[1, 93, 3, 27]","[0.9998519420623779, 0.9999233484268188, 0.9997946619987488, 0.9999207258224487, 0.9998959302902222, 0.9998849630355835, 0.9998595714569092, 0.9999122619628906, 0.9999974966049194, 0.9999992847442627]",License Plate,51G31691,Vietnam,0.9999996423721313,lp_train_567
1827,"[44, 95, 8, 32]","[0.9375044703483582, 0.9994142055511475, 0.9462143778800964, 0.9959794282913208, 0.9938178658485413, 0.9999312162399292, 0.999963641166687, 0.9999879598617554, 0.9999945163726807, 0.9999954700469971]",License Plate,0209,Monaco,0.3609803318977356,lp_train_1143
1828,"[14, 163, 0, 102]","[0.9995194673538208, 0.9985906481742859, 0.9996293783187866, 0.9991880059242249, 0.9997072815895081, 0.9995493292808533, 0.9996968507766724, 0.9995331764221191, 0.9992387294769287, 0.9998639822006226]",License Plate,65P34448,Vietnam,0.9999974966049194,lp_train_6906
1829,NA,NA,NA,NA,NA,NA,lp_train_4251
1830,NA,NA,NA,NA,NA,NA,lp_train_6984
1831,"[8, 118, 2, 31]","[0.9995689988136292, 0.9999731779098511, 0.9999970197677612, 0.9999961853027344, 0.9998699426651001, 0.9999399185180664, 0.9998568296432495, 0.9999454021453857, 0.9999912977218628, 0.9999969005584717]",License Plate,51A02923,Vietnam,0.9999998807907104,lp_train_475
1832,"[2, 106, 2, 35]","[0.9999456405639648, 0.999977707862854, 0.9999969005584717, 0.999919056892395, 0.9999221563339233, 0.9999388456344604, 0.9998335838317871, 0.9999126195907593, 0.9999871253967285, 0.9999963045120239]",License Plate,61A22959,Vietnam,1.0,lp_train_1179
1833,"[9, 85, 2, 68]","[0.9998090863227844, 0.9999349117279053, 0.9999097585678101, 0.9999866485595703, 0.9999624490737915, 0.9998672008514404, 0.9999282360076904, 0.9998565912246704, 0.9999203681945801, 0.9998430013656616]",License Plate,59T108264,Vietnam,0.9999991655349731,lp_train_6578
1834,"[0, 85, 4, 71]","[0.9998944997787476, 0.9997959733009338, 0.9999593496322632, 0.9997491240501404, 0.9997369647026062, 0.9999051094055176, 0.9998453855514526, 0.9996850490570068, 0.9998518228530884, 0.9999674558639526]",License Plate,54L24264,Vietnam,0.9998366832733154,lp_train_6666
1835,"[0, 98, 2, 83]","[0.9999446868896484, 0.9997223019599915, 0.9998235106468201, 0.9998838901519775, 0.9999421834945679, 0.9998371601104736, 0.9999427795410156, 0.9999809265136719, 0.9999973773956299, 0.9999992847442627]",License Plate,51F89357,Vietnam,1.0,lp_train_3271
1836,"[2, 90, 0, 75]","[0.9999641180038452, 0.999476969242096, 0.9999771118164062, 0.999447762966156, 0.9997996687889099, 0.9998513460159302, 0.9997921586036682, 0.9992590546607971, 0.999942421913147, 0.9998993873596191]",License Plate,78E124113,Vietnam,0.9999630451202393,lp_train_6569
1837,"[4, 116, 2, 38]","[0.9999536275863647, 0.999883770942688, 0.9999958276748657, 0.9999489784240723, 0.9999644756317139, 0.9999741315841675, 0.9999529123306274, 0.9999573230743408, 0.9999957084655762, 0.9999992847442627]",License Plate,29A51796,Vietnam,1.0,lp_train_1765
1838,"[0, 97, 17, 69]","[0.9967807531356812, 0.9988794922828674, 0.9995623230934143, 0.999616265296936, 0.998955249786377, 0.9993482232093811, 0.9850155115127563, 0.65806645154953, 0.9969788789749146, 0.999940037727356]",License Plate,51F22023,Vietnam,0.9999998807907104,lp_train_2882
1839,"[1, 111, 6, 40]","[0.9998806715011597, 0.9996507167816162, 0.9995548129081726, 0.9998302459716797, 0.9998475313186646, 0.9999755620956421, 0.9997867941856384, 0.999715268611908, 0.9999854564666748, 0.9999972581863403]",License Plate,51F59011,Vietnam,0.9999996423721313,lp_train_3235
1840,"[0, 75, 4, 37]","[0.9999663829803467, 0.9999793767929077, 0.9999926090240479, 0.9999094009399414, 0.9998295307159424, 0.9998842477798462, 0.9998558759689331, 0.9998953342437744, 0.9999953508377075, 0.9999996423721313]",License Plate,60A35981,Vietnam,1.0,lp_train_1943
1841,"[4, 132, 1, 45]","[0.9996156692504883, 0.9994213581085205, 0.9995701909065247, 0.9998519420623779, 0.9996966123580933, 0.9998006224632263, 0.9989676475524902, 0.9999043941497803, 0.9999572038650513, 0.9999756813049316]",License Plate,IMSEXC,Australia,0.9999933242797852,lp_train_4968
1842,NA,NA,NA,NA,NA,NA,lp_train_5915
1843,"[1, 47, 0, 11]","[0.43616926670074463, 0.9986887574195862, 0.99991774559021, 0.9994872808456421, 0.9831913113594055, 0.9833186864852905, 0.990807831287384, 0.9453368186950684, 0.9998507499694824, 0.9999823570251465]",License Plate,M2A06772,Vietnam,0.9987469911575317,lp_train_2688
1844,NA,NA,NA,NA,NA,NA,lp_train_6874
1845,NA,NA,NA,NA,NA,NA,lp_train_2809
1846,"[3, 110, 0, 27]","[0.9999651908874512, 0.9999804496765137, 0.999852180480957, 0.9998816251754761, 0.9999513626098633, 0.9999269247055054, 0.9999502897262573, 0.9991821646690369, 0.9997853636741638, 0.9993243217468262]",License Plate,50LD04411,Vietnam,0.9999995231628418,lp_train_417
1847,NA,NA,NA,NA,NA,NA,lp_train_033
1848,"[0, 105, 8, 44]","[0.23491087555885315, 0.9992133378982544, 0.9990384578704834, 0.999887228012085, 0.9998304843902588, 0.9996330738067627, 0.9990105628967285, 0.9997861981391907, 0.9999947547912598, 0.9999977350234985]",License Plate,11F16159,Vietnam,0.9999972581863403,lp_train_3165
1849,"[1, 145, 0, 74]","[0.8115608096122742, 0.4302409887313843, 0.26593485474586487, 0.7101836800575256, 0.721358060836792, 0.9478800892829895, 0.992354154586792, 0.9999614953994751, 0.9999774694442749, 0.9999943971633911]",License Plate,51,Israel,0.2758462429046631,lp_train_021
1850,"[0, 97, 0, 23]","[0.9994338154792786, 0.9999010562896729, 0.9988855719566345, 0.99986732006073, 0.9999122619628906, 0.9998838901519775, 0.999428927898407, 0.9993851184844971, 0.9999791383743286, 0.9999895095825195]",License Plate,51F20754,Vietnam,0.9999997615814209,lp_train_1411
1851,"[1, 90, 6, 83]","[0.9997246861457825, 0.9999163150787354, 0.9999001026153564, 0.9998664855957031, 0.9999386072158813, 0.9996986389160156, 0.9998797178268433, 0.9998748302459717, 0.9996688365936279, 0.9997662901878357]",License Plate,59S106241,Vietnam,0.9999991655349731,lp_train_5221
1852,"[4, 81, 7, 64]","[0.9997922778129578, 0.999808132648468, 0.999847412109375, 0.9998169541358948, 0.9998425245285034, 0.9999384880065918, 0.9999227523803711, 0.9999148845672607, 0.9995412826538086, 0.9999579191207886]",License Plate,54S92073,Vietnam,0.9999488592147827,lp_train_5727
1853,"[8, 119, 9, 44]","[0.9998655319213867, 0.9998999834060669, 0.9996532201766968, 0.9999048709869385, 0.9995137453079224, 0.9998579025268555, 0.9999098777770996, 0.999921441078186, 0.9999842643737793, 0.9999973773956299]",License Plate,51F44614,Vietnam,1.0,lp_train_2397
1854,"[0, 47, 0, 15]","[0.8878754377365112, 0.9978985786437988, 0.9913968443870544, 0.933108925819397, 0.9864462614059448, 0.7163663506507874, 0.9960615038871765, 0.8972975611686707, 0.9993420243263245, 0.9999728202819824]",License Plate,51FBB770,Vietnam,0.7308932542800903,lp_train_3500
1855,NA,NA,NA,NA,NA,NA,lp_train_1165
1856,"[1, 51, 4, 15]","[0.9953384399414062, 0.9979426264762878, 0.824826717376709, 0.9970756769180298, 0.998813271522522, 0.9992068409919739, 0.5318905115127563, 0.9869339466094971, 0.9999984502792358, 0.9999994039535522]",License Plate,51F22261,Vietnam,0.999970555305481,lp_train_1172
1857,NA,NA,NA,NA,NA,NA,lp_train_3483
1858,NA,NA,NA,NA,NA,NA,lp_train_4514
1859,"[0, 761, 0, 389]","[0.9913392663002014, 0.9996757507324219, 0.99866783618927, 0.9987290501594543, 0.9995899796485901, 0.999639630317688, 0.9997699856758118, 0.9999887943267822, 0.9999954700469971, 0.9999974966049194]",License Plate,6532BTW,United States,0.9998695850372314,lp_train_335
1860,"[7, 90, 9, 75]","[0.9997718930244446, 0.9998658895492554, 0.9994314312934875, 0.9981532692909241, 0.9997137188911438, 0.999518871307373, 0.9997796416282654, 0.9997082352638245, 0.9989362359046936, 0.9999516010284424]",License Plate,59H167791,Vietnam,0.9999971389770508,lp_train_6630
1861,"[3, 79, 0, 20]","[0.9953225255012512, 0.9998396635055542, 0.9992808699607849, 0.9998223185539246, 0.9989774227142334, 0.9997138381004333, 0.9997450709342957, 0.9999369382858276, 0.9999929666519165, 0.9999983310699463]",License Plate,51F44614,Vietnam,1.0,lp_train_1311
1862,"[1, 120, 1, 38]","[0.99989914894104, 0.9999433755874634, 0.9998363256454468, 0.9999890327453613, 0.9997918009757996, 0.9999493360519409, 0.9998822212219238, 0.9999648332595825, 0.9999754428863525, 0.9999922513961792]",License Plate,51F07973,Vietnam,1.0,lp_train_2305
1863,"[0, 260, 0, 77]","[0.9999736547470093, 0.9996784925460815, 0.9999243021011353, 0.9996551275253296, 0.9998273253440857, 0.9998455047607422, 0.9999032020568848, 0.9999977350234985, 0.9999980926513672, 0.9999988079071045]",License Plate,LT05FHX,United Kingdom,0.9999998807907104,lp_train_4595
1864,"[0, 75, 3, 23]","[0.4212683141231537, 0.9991459846496582, 0.9996015429496765, 0.9997237324714661, 0.9964821338653564, 0.9991905093193054, 0.9995800852775574, 0.9992720484733582, 0.9999829530715942, 0.9999954700469971]",License Plate,51A85325,Vietnam,0.9999940395355225,lp_train_1281
1865,"[2, 50, 0, 25]","[0.9990540146827698, 0.9998674392700195, 0.9997496008872986, 0.9913657903671265, 0.9996657371520996, 0.9995397329330444, 0.9994571805000305, 0.9998892545700073, 0.9999980926513672, 0.999998927116394]",License Plate,FSXY423,Germany,0.9998364448547363,lp_train_4053
1866,"[88, 768, 77, 408]","[0.3507893979549408, 0.9998345375061035, 0.9998770952224731, 0.9999327659606934, 0.9995463490486145, 0.9997758269309998, 0.9995684027671814, 0.9999957084655762, 0.9999979734420776, 0.9999985694885254]",License Plate,PZG9887,Mexico,0.9999874830245972,lp_train_4086
1867,"[2, 203, 2, 77]","[0.9999608993530273, 0.9999741315841675, 0.9998874664306641, 0.999727189540863, 0.999860405921936, 0.999066174030304, 0.9950403571128845, 0.9998383522033691, 0.999312162399292, 0.9999861717224121]",License Plate,41501NG08,Vietnam,0.9997292160987854,lp_train_4317
1868,"[0, 38, 0, 20]","[0.9999433755874634, 0.9995161294937134, 0.9989035129547119, 0.9997879862785339, 0.9999634027481079, 0.9996713399887085, 0.99747234582901, 0.9999734163284302, 0.9999864101409912, 0.9999903440475464]",License Plate,BYHM136,Canada,0.9999998807907104,lp_train_3937
1869,NA,NA,NA,NA,NA,NA,lp_train_134
1870,"[6, 106, 2, 61]","[0.9997798800468445, 0.9966493248939514, 0.9996427297592163, 0.9998792409896851, 0.9999045133590698, 0.9999409914016724, 0.9992177486419678, 0.9412127733230591, 0.999866247177124, 0.9999815225601196]",License Plate,51F59011,Vietnam,1.0,lp_train_3314
1871,NA,NA,NA,NA,NA,NA,lp_train_6102
1872,NA,NA,NA,NA,NA,NA,lp_train_4931
1873,"[0, 103, 0, 23]","[0.9988590478897095, 0.9999163150787354, 0.9920225143432617, 0.9998314380645752, 0.9996510744094849, 0.9997785687446594, 0.9998961687088013, 0.9998779296875, 0.999998927116394, 0.9999997615814209]",License Plate,51F27809,Vietnam,0.9999996423721313,lp_train_1104
1874,NA,NA,NA,NA,NA,NA,lp_train_6925
1875,NA,NA,NA,NA,NA,NA,lp_train_2221
1876,NA,NA,NA,NA,NA,NA,lp_train_5511
1877,"[2, 103, 6, 48]","[0.9996218681335449, 0.9999455213546753, 0.9998550415039062, 0.9999556541442871, 0.9999496936798096, 0.9998875856399536, 0.9999055862426758, 0.9999474287033081, 0.9999951124191284, 0.9999983310699463]",License Plate,51G01440,Vietnam,0.9999998807907104,lp_train_3033
1878,"[2, 104, 0, 35]","[0.9999291896820068, 0.9999403953552246, 0.9997692704200745, 0.999954342842102, 0.999947190284729, 0.9998868703842163, 0.999942421913147, 0.999809205532074, 0.999995231628418, 0.9999991655349731]",License Plate,51G39466,Vietnam,0.9999998807907104,lp_train_743
1879,NA,NA,NA,NA,NA,NA,lp_train_6379
1880,NA,NA,NA,NA,NA,NA,lp_train_6388
1881,"[0, 111, 2, 35]","[0.9997503161430359, 0.9998303651809692, 0.9997417330741882, 0.9998840093612671, 0.999901533126831, 0.9999799728393555, 0.9998537302017212, 0.9995530247688293, 0.9999874830245972, 0.9999983310699463]",License Plate,51F59011,Vietnam,0.9999996423721313,lp_train_2249
1882,"[2, 120, 3, 47]","[0.9919400811195374, 0.9998207688331604, 0.9999958276748657, 0.9999375343322754, 0.9999641180038452, 0.9999656677246094, 0.9999352693557739, 0.9999514818191528, 0.999997615814209, 0.9999995231628418]",License Plate,29A51796,Vietnam,1.0,lp_train_1876
1883,"[1, 42, 1, 26]","[0.9995101690292358, 0.9996322393417358, 0.9979920387268066, 0.9995624423027039, 0.999247670173645, 0.9811528921127319, 0.9998891353607178, 0.997665524482727, 0.9999655485153198, 0.9999892711639404]",License Plate,54Z28101,Vietnam,0.9401113390922546,lp_train_5960
1884,"[0, 87, 4, 30]","[0.5866643190383911, 0.999894380569458, 0.9999618530273438, 0.9997908473014832, 0.9997290968894958, 0.9998419284820557, 0.9997542500495911, 0.9998722076416016, 0.9999920129776001, 0.9999953508377075]",License Plate,30A35981,Vietnam,0.9999996423721313,lp_train_1513
1885,"[0, 83, 7, 31]","[0.9969350099563599, 0.9998769760131836, 0.9999915361404419, 0.9999399185180664, 0.9998747110366821, 0.9999558925628662, 0.9998181462287903, 0.9999872446060181, 0.9999969005584717, 0.9999985694885254]",License Plate,29A23950,Vietnam,1.0,lp_train_1850
1886,"[1, 126, 5, 54]","[0.9998699426651001, 0.9999356269836426, 0.9997512698173523, 0.999931812286377, 0.999934196472168, 0.9998321533203125, 0.9998395442962646, 0.9999020099639893, 0.9999972581863403, 0.9999990463256836]",License Plate,51G51332,Vietnam,1.0,lp_train_2173
1887,"[0, 108, 1, 35]","[0.9998722076416016, 0.9999021291732788, 0.9996110796928406, 0.9999507665634155, 0.9998194575309753, 0.999863862991333, 0.9998108744621277, 0.9998908042907715, 0.9999774694442749, 0.9999960660934448]",License Plate,51F75326,Vietnam,1.0,lp_train_990
1888,"[2, 95, 2, 25]","[0.9993403553962708, 0.9997426867485046, 0.9997605681419373, 0.9998822212219238, 0.9998784065246582, 0.9997541308403015, 0.9996750354766846, 0.9997337460517883, 0.9999964237213135, 0.9999985694885254]",License Plate,51G51332,Vietnam,0.9999867677688599,lp_train_1390
1889,"[4, 86, 3, 44]","[0.9998332262039185, 0.9998539686203003, 0.9999390840530396, 0.9999301433563232, 0.9988157749176025, 0.9993752837181091, 0.9999263286590576, 0.9999500513076782, 0.9999905824661255, 0.999996542930603]",License Plate,52Y6490,Vietnam,0.9998362064361572,lp_train_2569
1890,NA,NA,NA,NA,NA,NA,lp_train_6531
1891,NA,NA,NA,NA,NA,NA,lp_train_4233
1892,"[9, 80, 2, 28]","[0.9439854621887207, 0.9588066339492798, 0.9944164752960205, 0.993930459022522, 0.997287392616272, 0.9936525821685791, 0.9934444427490234, 0.9921017289161682, 0.995000422000885, 0.9993159770965576]",License Plate,TN21AU1153,Unknown,0.9500832557678223,lp_train_3880
1893,NA,NA,NA,NA,NA,NA,lp_train_5093
1894,"[2, 107, 1, 26]","[0.9996908903121948, 0.9998832941055298, 0.9995554089546204, 0.9999631643295288, 0.9996724128723145, 0.9999816417694092, 0.999839186668396, 0.9999040365219116, 0.9999853372573853, 0.9999947547912598]",License Plate,51F63034,Vietnam,0.9999998807907104,lp_train_1173
1895,"[3, 44, 0, 46]","[0.9999431371688843, 0.9996428489685059, 0.9998874664306641, 0.9997524619102478, 0.9996262788772583, 0.9995909333229065, 0.999954342842102, 0.999841570854187, 0.9997665286064148, 0.9998667240142822]",License Plate,71B111345,Vietnam,0.9999998807907104,lp_train_6295
1896,"[3, 103, 1, 40]","[0.999934196472168, 0.9999741315841675, 0.9999967813491821, 0.9999346733093262, 0.9999610185623169, 0.9999672174453735, 0.9999082088470459, 0.9989474415779114, 0.9999990463256836, 0.9999996423721313]",License Plate,60A21418,Vietnam,1.0,lp_train_2804
1897,"[2, 92, 6, 34]","[0.9866284132003784, 0.9999305009841919, 0.9999843835830688, 0.999951958656311, 0.9998794794082642, 0.9999300241470337, 0.9999319314956665, 0.9999663829803467, 0.9999827146530151, 0.999996542930603]",License Plate,51A89714,Vietnam,0.9999994039535522,lp_train_2693
1898,NA,NA,NA,NA,NA,NA,lp_train_6017
1899,"[2, 103, 4, 32]","[0.9998161196708679, 0.9999397993087769, 0.9997355341911316, 0.9999860525131226, 0.9996805191040039, 0.9998880624771118, 0.9999363422393799, 0.9999455213546753, 0.9999949932098389, 0.9999985694885254]",License Plate,51F07973,Vietnam,0.9999998807907104,lp_train_517
1900,"[11, 93, 3, 69]","[0.9998526573181152, 0.9998924732208252, 0.9999421834945679, 0.9997125267982483, 0.9998342990875244, 0.9999399185180664, 0.9999589920043945, 0.9999308586120605, 0.9995121955871582, 0.9999167919158936]",License Plate,54P24739,Vietnam,0.9999985694885254,lp_train_5542
1901,"[1, 137, 4, 61]","[0.9999868869781494, 0.9996299743652344, 0.9996645450592041, 0.9991436004638672, 0.999599039554596, 0.9992745518684387, 0.9997617602348328, 0.9999502897262573, 0.9999974966049194, 0.9999983310699463]",License Plate,AB44887,Denmark,0.9999977350234985,lp_train_3993
1902,"[4, 90, 1, 54]","[0.9999673366546631, 0.999915361404419, 0.9999707937240601, 0.9998366832733154, 0.9998887777328491, 0.9998346567153931, 0.9998937845230103, 0.9998643398284912, 0.9999996423721313, 0.9999996423721313]",License Plate,SRKM131,Germany,1.0,lp_train_009
1903,NA,NA,NA,NA,NA,NA,lp_train_009
1904,"[1, 88, 4, 28]","[0.9999723434448242, 0.9999774694442749, 0.9999943971633911, 0.9999022483825684, 0.9998530149459839, 0.9999203681945801, 0.9998573064804077, 0.9999665021896362, 0.9999923706054688, 0.9999994039535522]",License Plate,60A35981,Vietnam,1.0,lp_train_705
1905,"[2, 153, 3, 88]","[0.9999864101409912, 0.87701416015625, 0.6166028380393982, 0.9987718462944031, 0.9999873638153076, 0.9999648332595825, 0.9999899864196777, 0.999998927116394, 0.9999998807907104, 0.9999997615814209]",License Plate,GOOGLE,Sweden,0.9103009700775146,lp_train_4061
1906,NA,NA,NA,NA,NA,NA,lp_train_5858
1907,"[0, 55, 1, 15]","[0.9732257127761841, 0.8683916926383972, 0.4960498511791229, 0.9075308442115784, 0.5867762565612793, 0.6569209098815918, 0.6038990020751953, 0.7746423482894897, 0.9973320960998535, 0.9994737505912781]",License Plate,51I88200,Vietnam,0.949456512928009,lp_train_3503
1908,"[0, 100, 0, 76]","[0.9999344348907471, 0.9999200105667114, 0.9988376498222351, 0.9997660517692566, 0.999923586845398, 0.99986732006073, 0.9996521472930908, 0.9999028444290161, 0.9998329877853394, 0.999988317489624]",License Plate,60T77586,Vietnam,0.9999895095825195,lp_train_5263
1909,NA,NA,NA,NA,NA,NA,lp_train_5958
1910,"[6, 131, 5, 72]","[0.7164853811264038, 0.9761733412742615, 0.8870775699615479, 0.9803375005722046, 0.6447286605834961, 0.9921890497207642, 0.9265912771224976, 0.9884830117225647, 0.9989163875579834, 0.9989619255065918]",License Plate,7203BBJ,Belgium,0.43670642375946045,lp_train_255
1911,NA,NA,NA,NA,NA,NA,lp_train_255
1912,"[1, 46, 3, 25]","[0.2061988115310669, 0.2506256401538849, 0.15132096409797668, 0.3214123547077179, 0.2855680584907532, 0.580089271068573, 0.4549507200717926, 0.8666072487831116, 0.9843636155128479, 0.9956003427505493]",License Plate,1K2225,Switzerland,0.4775739908218384,lp_train_255
1913,"[3, 81, 3, 66]","[0.9997257590293884, 0.9998780488967896, 0.9998760223388672, 0.9985421895980835, 0.9992387294769287, 0.9998143315315247, 0.9999202489852905, 0.999512791633606, 0.9997768998146057, 0.9999847412109375]",License Plate,59F147488,Vietnam,1.0,lp_train_6136
1914,"[127, 182, 137, 153]","[0.7739394903182983, 0.8607954382896423, 0.8627528548240662, 0.8898566961288452, 0.8961368203163147, 0.9224194288253784, 0.9537926316261292, 0.9881343841552734, 0.9958761930465698, 0.996428906917572]",License Plate,,Unknown,0.9256187677383423,lp_train_4708
1915,NA,NA,NA,NA,NA,NA,lp_train_5356
1916,"[83, 1109, 53, 574]","[0.9998698234558105, 0.9999295473098755, 0.9998979568481445, 0.9999203681945801, 0.9998824596405029, 0.9999676942825317, 0.9999836683273315, 0.999992847442627, 0.9999959468841553, 0.9999977350234985]",License Plate,HAA586C,Mexico,0.9999961853027344,lp_train_4132
1917,"[13, 21, 47, 52]","[0.9863874912261963, 0.9928556680679321, 0.9925494194030762, 0.9879152774810791, 0.9852789640426636, 0.983628511428833, 0.9884139895439148, 0.9960540533065796, 0.9976825714111328, 0.9975284934043884]",License Plate,,Unknown,0.9999548196792603,lp_train_4798
1918,NA,NA,NA,NA,NA,NA,lp_train_4798
1919,"[2, 109, 4, 32]","[0.9999933242797852, 0.9998019337654114, 0.9999426603317261, 0.9997434020042419, 0.9998548030853271, 0.9998854398727417, 0.9996286630630493, 0.9997346997261047, 0.9999635219573975, 0.9999935626983643]",License Plate,SMA7449J,Singapore,0.9997707009315491,lp_train_4798
1920,"[2, 90, 2, 76]","[0.9999580383300781, 0.9999294281005859, 0.9999879598617554, 0.9999750852584839, 0.9999599456787109, 0.9998838901519775, 0.9999741315841675, 0.9996746778488159, 0.9998699426651001, 0.9999668598175049]",License Plate,72C105018,Vietnam,0.9999582767486572,lp_train_5278
1921,"[8, 119, 0, 34]","[0.9998708963394165, 0.9999361038208008, 0.999771773815155, 0.9998756647109985, 0.9995642304420471, 0.9998251795768738, 0.9999034404754639, 0.9999139308929443, 0.9999974966049194, 0.9999994039535522]",License Plate,51G47281,Vietnam,0.9999998807907104,lp_train_2916
1922,"[0, 46, 0, 13]","[0.9989957213401794, 0.657886803150177, 0.9985878467559814, 0.9999570846557617, 0.6620723009109497, 0.9984006285667419, 0.9962548017501831, 0.9754151105880737, 0.9998114705085754, 0.9999589920043945]",License Plate,48A05177,Vietnam,0.9999998807907104,lp_train_2523
1923,"[0, 362, 0, 140]","[0.9955477714538574, 0.9998121857643127, 0.9999809265136719, 0.99981290102005, 0.9999650716781616, 0.9995643496513367, 0.9981662631034851, 0.9999939203262329, 0.9999972581863403, 0.9999984502792358]",License Plate,OZ70ZEV,United Kingdom,0.9999995231628418,lp_train_4641
1924,NA,NA,NA,NA,NA,NA,lp_train_6048
1925,"[0, 81, 1, 65]","[0.9997479319572449, 0.9999371767044067, 0.9999839067459106, 0.9999607801437378, 0.999950647354126, 0.999863862991333, 0.9999526739120483, 0.9998811483383179, 0.9997833371162415, 0.9999836683273315]",License Plate,59C123968,Vietnam,0.9999961853027344,lp_train_6238
1926,"[1, 97, 0, 25]","[0.9998959302902222, 0.9997300505638123, 0.999993085861206, 0.9999927282333374, 0.9998247027397156, 0.999916672706604, 0.9999505281448364, 0.9999650716781616, 0.9999754428863525, 0.999997615814209]",License Plate,48A05177,Vietnam,1.0,lp_train_759
1927,"[1, 68, 0, 32]","[0.9999508857727051, 0.8772494792938232, 0.9998904466629028, 0.9999240636825562, 0.9999234676361084, 0.6105831861495972, 0.6893909573554993, 0.9999892711639404, 0.9999957084655762, 0.9999973773956299]",License Plate,GOT2PO0,United States,0.611818790435791,lp_train_3932
1928,"[11, 102, 4, 82]","[0.9997958540916443, 0.9998502731323242, 0.9998410940170288, 0.9991205334663391, 0.9997912049293518, 0.9997976422309875, 0.9998225569725037, 0.9998722076416016, 0.9998939037322998, 0.9999102354049683]",License Plate,59H159324,Vietnam,0.9999988079071045,lp_train_6538
1929,NA,NA,NA,NA,NA,NA,lp_train_3433
1930,"[4, 104, 4, 31]","[0.9999228715896606, 0.9999814033508301, 0.9999939203262329, 0.9998891353607178, 0.9998555183410645, 0.9998676776885986, 0.9999279975891113, 0.9999375343322754, 0.9999974966049194, 0.9999988079071045]",License Plate,51A85325,Vietnam,0.9999977350234985,lp_train_731
1931,"[3, 102, 1, 28]","[0.9999120235443115, 0.9999816417694092, 0.9999899864196777, 0.9998705387115479, 0.9998607635498047, 0.9999123811721802, 0.9998420476913452, 0.9999161958694458, 0.9999963045120239, 0.9999995231628418]",License Plate,51A55433,Vietnam,1.0,lp_train_1816
1932,"[1, 92, 9, 57]","[0.9855813384056091, 0.9998536109924316, 0.9997699856758118, 0.9997959733009338, 0.9998206496238708, 0.9999457597732544, 0.9995488524436951, 0.9298045039176941, 0.9999865293502808, 0.9999971389770508]",License Plate,51F73029,Vietnam,0.9999998807907104,lp_train_2796
1933,"[0, 93, 6, 81]","[0.9998776912689209, 0.9998550415039062, 0.9998835325241089, 0.9999386072158813, 0.9998743534088135, 0.9999524354934692, 0.9999591112136841, 0.9999432563781738, 0.9997202754020691, 0.9999912977218628]",License Plate,66P15739,Vietnam,0.9999998807907104,lp_train_5267
1934,"[4, 103, 5, 52]","[0.9998973608016968, 0.9998509883880615, 0.999603807926178, 0.999903678894043, 0.9999147653579712, 0.9997311234474182, 0.9996534585952759, 0.9997578263282776, 0.9999631643295288, 0.9999951124191284]",License Plate,51G51332,Vietnam,0.9999969005584717,lp_train_2970
1935,NA,NA,NA,NA,NA,NA,lp_train_5104
1936,NA,NA,NA,NA,NA,NA,lp_train_039
1937,NA,NA,NA,NA,NA,NA,lp_train_024
1938,NA,NA,NA,NA,NA,NA,lp_train_024
1939,NA,NA,NA,NA,NA,NA,lp_train_6086
1940,"[0, 101, 0, 25]","[0.999599039554596, 0.999914288520813, 0.9996316432952881, 0.9999219179153442, 0.9998849630355835, 0.999812662601471, 0.9994319081306458, 0.9988617897033691, 0.9997977614402771, 0.9999324083328247]",License Plate,51F21255,Vietnam,0.9999985694885254,lp_train_1843
1941,"[2, 102, 2, 28]","[0.9998227953910828, 0.9999562501907349, 0.9998339414596558, 0.9999597072601318, 0.9997091889381409, 0.9999898672103882, 0.9998693466186523, 0.9999047517776489, 0.9999829530715942, 0.9999926090240479]",License Plate,51F63034,Vietnam,1.0,lp_train_844
1942,NA,NA,NA,NA,NA,NA,lp_train_4223
1943,NA,NA,NA,NA,NA,NA,lp_train_5184
1944,"[3, 88, 6, 26]","[0.9998061060905457, 0.999891996383667, 0.9998028874397278, 0.9999284744262695, 0.9995649456977844, 0.9999488592147827, 0.9999147653579712, 0.9998874664306641, 0.9999990463256836, 0.9999997615814209]",License Plate,51G25181,Vietnam,0.9999988079071045,lp_train_430
1945,NA,NA,NA,NA,NA,NA,lp_train_5384
1946,NA,NA,NA,NA,NA,NA,lp_train_6129
1947,"[1, 85, 1, 27]","[0.9947970509529114, 0.999948263168335, 0.9999953508377075, 0.9999767541885376, 0.9999297857284546, 0.9999067783355713, 0.9999853372573853, 0.9999732971191406, 0.9999758005142212, 0.9999946355819702]",License Plate,51A01204,Vietnam,1.0,lp_train_1635
1948,NA,NA,NA,NA,NA,NA,lp_train_5556
1949,"[1, 165, 0, 82]","[0.9380651116371155, 0.8631063103675842, 0.3510828912258148, 0.9293789863586426, 0.715036153793335, 0.9553096294403076, 0.4765654504299164, 0.9799057841300964, 0.9989892840385437, 0.9994745850563049]",License Plate,1922AA,Belarus,0.8852052092552185,lp_train_4492
1950,NA,NA,NA,NA,NA,NA,lp_train_5564
1951,"[5, 104, 10, 49]","[0.9999059438705444, 0.9999071359634399, 0.9994962215423584, 0.9998794794082642, 0.9996522665023804, 0.999302864074707, 0.9998025298118591, 0.9998753070831299, 0.9999990463256836, 0.9999996423721313]",License Plate,51F15585,Vietnam,0.9999986886978149,lp_train_2971
1952,"[1, 51, 2, 16]","[0.9338760375976562, 0.9945751428604126, 0.9989973902702332, 0.9652243852615356, 0.9998201727867126, 0.9996334314346313, 0.9997879862785339, 0.9997780919075012, 0.9999624490737915, 0.9999933242797852]",License Plate,51F62170,Vietnam,1.0,lp_train_2161
1953,"[1, 95, 0, 25]","[0.9996621608734131, 0.861359715461731, 0.9999600648880005, 0.9999269247055054, 0.999471127986908, 0.9994729161262512, 0.9999479055404663, 0.9999535083770752, 0.999993085861206, 0.9999945163726807]",License Plate,52Y6490,Vietnam,0.9991538524627686,lp_train_566
1954,NA,NA,NA,NA,NA,NA,lp_train_5287
1955,NA,NA,NA,NA,NA,NA,lp_train_6218
1956,"[8, 93, 7, 82]","[0.999868631362915, 0.9998792409896851, 0.9999616146087646, 0.999731719493866, 0.9998373985290527, 0.9998243451118469, 0.9998304843902588, 0.9998747110366821, 0.9996844530105591, 0.9999767541885376]",License Plate,54T54498,Vietnam,0.9999872446060181,lp_train_5301
1957,"[11, 165, 9, 83]","[0.9996590614318848, 0.9997281432151794, 0.9998264908790588, 0.9998801946640015, 0.9995965361595154, 0.9992548823356628, 0.99979168176651, 0.9999974966049194, 0.9999992847442627, 0.9999988079071045]",License Plate,KP4574,Vietnam,0.9999945163726807,lp_train_5142
1958,"[0, 318, 21, 156]","[0.19223125278949738, 0.9997264742851257, 0.9996380805969238, 0.999922513961792, 0.9998643398284912, 0.9974402189254761, 0.9999935626983643, 0.9999992847442627, 0.9999996423721313, 0.9999994039535522]",License Plate,GP457,Vietnam,0.9994188547134399,lp_train_5142
1959,"[7, 61, 3, 36]","[0.9999881982803345, 0.9998588562011719, 0.9999847412109375, 0.9999386072158813, 0.999902606010437, 0.9998668432235718, 0.9999551773071289, 0.9999979734420776, 0.999998927116394, 0.9999990463256836]",License Plate,WDJ452,Sweden,0.998786985874176,lp_train_162
1960,"[1, 88, 8, 43]","[0.9997586607933044, 0.9998970031738281, 0.9995588660240173, 0.9999277591705322, 0.9998950958251953, 0.9998692274093628, 0.9999151229858398, 0.9997921586036682, 0.9999850988388062, 0.9999943971633911]",License Plate,51G31691,Vietnam,0.9999959468841553,lp_train_2698
1961,NA,NA,NA,NA,NA,NA,lp_train_4246
1962,"[0, 123, 0, 32]","[0.9998511075973511, 0.9999685287475586, 0.9996997117996216, 0.9999390840530396, 0.9998574256896973, 0.9999430179595947, 0.9999873638153076, 0.9999381303787231, 0.9999991655349731, 0.9999998807907104]",License Plate,51F78904,Vietnam,1.0,lp_train_2546
1963,"[2, 77, 2, 20]","[0.9975228905677795, 0.999931812286377, 0.9996780157089233, 0.999988317489624, 0.999821126461029, 0.9998800754547119, 0.9999263286590576, 0.9998306035995483, 0.9999978542327881, 0.9999990463256836]",License Plate,51F06948,Vietnam,0.9999998807907104,lp_train_471
1964,NA,NA,NA,NA,NA,NA,lp_train_6696
1965,NA,NA,NA,NA,NA,NA,lp_train_4692
1966,"[1, 131, 16, 104]","[0.9998780488967896, 0.999933123588562, 0.9996442794799805, 0.9999469518661499, 0.9994742274284363, 0.9999033212661743, 0.9997507929801941, 0.9999746084213257, 0.9999982118606567, 0.9999996423721313]",License Plate,51F64619,Vietnam,0.9999998807907104,lp_train_2186
1967,"[0, 94, 7, 81]","[0.9999138116836548, 0.9999496936798096, 0.9996302127838135, 0.9999538660049438, 0.9999450445175171, 0.9997976422309875, 0.9999715089797974, 0.9999281167984009, 0.9998819828033447, 0.9999734163284302]",License Plate,79Z15804,Vietnam,0.9999951124191284,lp_train_5242
1968,"[8, 103, 8, 64]","[0.9998700618743896, 0.9997460246086121, 0.9999939203262329, 0.9999368190765381, 0.9998942613601685, 0.9999679327011108, 0.99988853931427, 0.9999442100524902, 0.9999970197677612, 0.9999995231628418]",License Plate,51A89714,Vietnam,0.9999998807907104,lp_train_2834
1969,NA,NA,NA,NA,NA,NA,lp_train_2690
1970,"[0, 77, 5, 27]","[0.9970943927764893, 0.9998970031738281, 0.9997534155845642, 0.9999445676803589, 0.9999072551727295, 0.9997946619987488, 0.9998223185539246, 0.9997997879981995, 0.9999762773513794, 0.9999935626983643]",License Plate,51G51292,Vietnam,0.9999992847442627,lp_train_493
1971,"[1, 98, 2, 28]","[0.9995984435081482, 0.9999420642852783, 0.9997071623802185, 0.9999873638153076, 0.999744713306427, 0.9999082088470459, 0.9998846054077148, 0.9999409914016724, 0.9999957084655762, 0.9999983310699463]",License Plate,51F07973,Vietnam,0.9999998807907104,lp_train_1223
1972,NA,NA,NA,NA,NA,NA,lp_train_5013
1973,NA,NA,NA,NA,NA,NA,lp_train_4597
1974,"[6, 102, 14, 50]","[0.22104158997535706, 0.28657296299934387, 0.6392374038696289, 0.6934433579444885, 0.6678870916366577, 0.6502680778503418, 0.4797702431678772, 0.9058994650840759, 0.9939305782318115, 0.9938402771949768]",License Plate,GS3330,Norway,0.8459702730178833,lp_train_2384
1975,"[1, 110, 5, 37]","[0.999947190284729, 0.9999386072158813, 0.999800980091095, 0.9999890327453613, 0.9997542500495911, 0.9999550580978394, 0.9999526739120483, 0.9999669790267944, 0.9999970197677612, 0.9999992847442627]",License Plate,51F04877,Vietnam,1.0,lp_train_3232
1976,"[0, 529, 0, 122]","[0.9961685538291931, 0.9991717338562012, 0.954627513885498, 0.9970239996910095, 0.998610258102417, 0.9996609687805176, 0.9999589920043945, 0.9999990463256836, 0.9999996423721313, 0.9999995231628418]",License Plate,J3116,Guernsey,0.46847137808799744,lp_train_4623
1977,"[105, 155, 126, 141]","[0.7991460561752319, 0.9261212348937988, 0.9068444967269897, 0.9346785545349121, 0.9366589784622192, 0.9444164037704468, 0.9576961398124695, 0.9861605167388916, 0.9956731200218201, 0.9962291121482849]",License Plate,,Unknown,0.9420998692512512,lp_train_4943
1978,"[2, 108, 1, 31]","[0.9998762607574463, 0.9999288320541382, 0.9996114373207092, 0.9998561143875122, 0.9997610449790955, 0.9999606609344482, 0.9998459815979004, 0.9999709129333496, 0.9999909400939941, 0.9999967813491821]",License Plate,51F22029,Vietnam,0.9999998807907104,lp_train_602
1979,NA,NA,NA,NA,NA,NA,lp_train_3897
1980,"[1, 83, 10, 74]","[0.999613344669342, 0.9997757077217102, 0.9999527931213379, 0.9987730383872986, 0.9996024966239929, 0.9515529274940491, 0.999302864074707, 0.9995357990264893, 0.9998148083686829, 0.9999197721481323]",License Plate,59E168785,Vietnam,0.9999109506607056,lp_train_6436
1981,"[0, 117, 11, 68]","[0.9999419450759888, 0.9999228715896606, 0.9994828701019287, 0.9998691082000732, 0.9934740662574768, 0.9986041188240051, 0.9995874762535095, 0.9948071837425232, 0.9999984502792358, 0.9999991655349731]",License Plate,KL03Z666,Slovenia,0.4001007080078125,lp_train_4942
1982,"[1, 134, 5, 55]","[0.99981290102005, 0.9999792575836182, 0.9999977350234985, 0.9999561309814453, 0.9999676942825317, 0.9999501705169678, 0.9999825954437256, 0.99994957447052, 0.9998971223831177, 0.9999978542327881]",License Plate,51A72444,Vietnam,0.9999995231628418,lp_train_2266
1983,NA,NA,NA,NA,NA,NA,lp_train_4820
1984,"[4, 86, 0, 29]","[0.9997285008430481, 0.9999266862869263, 0.9984423518180847, 0.9997878670692444, 0.9993411898612976, 0.9997902512550354, 0.9996597766876221, 0.9995071887969971, 0.9996705055236816, 0.999927282333374]",License Plate,60LD00584,Vietnam,0.9999977350234985,lp_train_2803
1985,"[0, 104, 1, 26]","[0.9990307092666626, 0.9999006986618042, 0.999476969242096, 0.9999163150787354, 0.9997159838676453, 0.9997789263725281, 0.999869704246521, 0.9998039603233337, 0.9999920129776001, 0.9999983310699463]",License Plate,51F22261,Vietnam,0.9999998807907104,lp_train_2505
1986,"[0, 96, 7, 65]","[0.9918006062507629, 0.9992899894714355, 0.9799057841300964, 0.9998656511306763, 0.999901533126831, 0.9998364448547363, 0.9996242523193359, 0.9979583024978638, 0.9999947547912598, 0.999998927116394]",License Plate,51G51008,Vietnam,0.9948333501815796,lp_train_3200
1987,"[0, 110, 0, 50]","[0.9972221851348877, 0.9998626708984375, 0.9996059536933899, 0.9992189407348633, 0.9998338222503662, 0.9991794228553772, 0.9988598823547363, 0.9999591112136841, 0.9999871253967285, 0.9999974966049194]",License Plate,19841SH,United States,0.9992764592170715,lp_train_089
1988,"[1, 98, 7, 56]","[0.9997490048408508, 0.9998873472213745, 0.9997692704200745, 0.9999854564666748, 0.9997748732566833, 0.9999498128890991, 0.9995854496955872, 0.9997718930244446, 0.9998962879180908, 0.9999840259552002]",License Plate,51F07973,Vietnam,1.0,lp_train_3110
1989,NA,NA,NA,NA,NA,NA,lp_train_3379
1990,NA,NA,NA,NA,NA,NA,lp_train_006
1991,NA,NA,NA,NA,NA,NA,lp_train_4474
1992,NA,NA,NA,NA,NA,NA,lp_train_4474
1993,"[0, 74, 0, 21]","[0.9995949864387512, 0.9999746084213257, 0.9999961853027344, 0.9999934434890747, 0.9998459815979004, 0.9999300241470337, 0.999927282333374, 0.9999876022338867, 0.9999901056289673, 0.9999949932098389]",License Plate,51A05227,Vietnam,1.0,lp_train_1040
1994,"[0, 95, 0, 29]","[0.9997197985649109, 0.9997270703315735, 0.9997065663337708, 0.9992715716362, 0.9998500347137451, 0.9999624490737915, 0.9998743534088135, 0.999881386756897, 0.9994500279426575, 0.9998300075531006]",License Plate,93LD00103,Vietnam,0.999991774559021,lp_train_2182
1995,NA,NA,NA,NA,NA,NA,lp_train_6157
1996,"[0, 97, 2, 27]","[0.9997748732566833, 0.999921441078186, 0.9997498393058777, 0.9999244213104248, 0.9998910427093506, 0.9999439716339111, 0.9997158646583557, 0.9998421669006348, 0.9999871253967285, 0.9999964237213135]",License Plate,51G48154,Vietnam,1.0,lp_train_1851
1997,"[3, 85, 11, 76]","[0.9998169541358948, 0.9995681643486023, 0.9997237324714661, 0.9738839864730835, 0.9998366832733154, 0.9995170831680298, 0.9993380904197693, 0.9998630285263062, 0.9997404217720032, 0.999672532081604]",License Plate,59L149944,Vietnam,0.9999895095825195,lp_train_5535
1998,"[0, 163, 1, 118]","[0.9995847344398499, 0.9998466968536377, 0.9999692440032959, 0.9993600249290466, 0.9999737739562988, 0.9999024868011475, 0.9999099969863892, 0.9998331069946289, 0.999828577041626, 0.9999476671218872]",License Plate,83C106271,Vietnam,0.9999699592590332,lp_train_6933
1999,"[5, 64, 8, 55]","[0.9992979764938354, 0.9998689889907837, 0.9999117851257324, 0.9997032284736633, 0.9995623230934143, 0.9998276233673096, 0.9998576641082764, 0.9977095127105713, 0.9998230338096619, 0.9999382495880127]",License Plate,59N100018,Vietnam,0.9999977350234985,lp_train_6423
2000,"[3, 116, 0, 43]","[0.9998996257781982, 0.9999518394470215, 0.9997171759605408, 0.9999105930328369, 0.9998377561569214, 0.9997119307518005, 0.9998551607131958, 0.9999245405197144, 0.9999878406524658, 0.9999978542327881]",License Plate,51G49539,Vietnam,1.0,lp_train_1904
2001,"[0, 117, 9, 34]","[0.9984157085418701, 0.9999687671661377, 0.9999963045120239, 0.9999839067459106, 0.9999141693115234, 0.9999680519104004, 0.999983549118042, 0.8771297335624695, 0.9999947547912598, 0.9999974966049194]",License Plate,51A96141,Vietnam,1.0,lp_train_787
2002,NA,NA,NA,NA,NA,NA,lp_train_6155
2003,NA,NA,NA,NA,NA,NA,lp_train_4930
2004,NA,NA,NA,NA,NA,NA,lp_train_5194
2005,NA,NA,NA,NA,NA,NA,lp_train_3264
2006,"[2, 112, 8, 36]","[0.9998451471328735, 0.9999099969863892, 0.9997527003288269, 0.9997053742408752, 0.9998273253440857, 0.9998435974121094, 0.9999048709869385, 0.9999691247940063, 0.9999825954437256, 0.9999961853027344]",License Plate,51F58214,Vietnam,1.0,lp_train_3254
2007,"[0, 44, 1, 10]","[0.9602252244949341, 0.696222722530365, 0.9312897324562073, 0.4220386743545532, 0.8693663477897644, 0.985909640789032, 0.9786009192466736, 0.9951561689376831, 0.9999125003814697, 0.999977707862854]",License Plate,1373778,Israel,0.7722264528274536,lp_train_3688
2008,"[9, 95, 14, 86]","[0.9992172718048096, 0.9999133348464966, 0.9999929666519165, 0.9998928308486938, 0.999980092048645, 0.9998652935028076, 0.9999198913574219, 0.996207594871521, 0.9998670816421509, 0.9998654127120972]",License Plate,59A303615,Vietnam,1.0,lp_train_5439
2009,"[3, 90, 0, 75]","[0.9997406601905823, 0.9995391368865967, 0.9999388456344604, 0.9995710253715515, 0.9999064207077026, 0.9999501705169678, 0.9999657869338989, 0.9999325275421143, 0.9999866485595703, 0.9999949932098389]",License Plate,55X86970,Vietnam,0.9999328851699829,lp_train_5191
2010,NA,NA,NA,NA,NA,NA,lp_train_673
2011,"[1, 117, 0, 33]","[0.9998691082000732, 0.9999392032623291, 0.9997355341911316, 0.9999881982803345, 0.9997079968452454, 0.9996696710586548, 0.9997430443763733, 0.9998370409011841, 0.9999957084655762, 0.999998927116394]",License Plate,51F06532,Vietnam,1.0,lp_train_1346
2012,NA,NA,NA,NA,NA,NA,lp_train_4180
2013,NA,NA,NA,NA,NA,NA,lp_train_3490
2014,"[1, 101, 0, 28]","[0.999852180480957, 0.9999562501907349, 0.9997934699058533, 0.9999284744262695, 0.9998224377632141, 0.9998956918716431, 0.9999158382415771, 0.9999754428863525, 0.9999959468841553, 0.9999977350234985]",License Plate,51F88270,Vietnam,0.9999998807907104,lp_train_1231
2015,NA,NA,NA,NA,NA,NA,lp_train_6939
2016,"[69, 993, 28, 591]","[0.9998947381973267, 0.9999381303787231, 0.999957799911499, 0.9999505281448364, 0.9998877048492432, 0.9998620748519897, 0.999985933303833, 0.9999984502792358, 0.9999991655349731, 0.9999995231628418]",License Plate,HBL487C,Mexico,0.999997615814209,lp_train_4152
2017,NA,NA,NA,NA,NA,NA,lp_train_4482
2018,NA,NA,NA,NA,NA,NA,lp_train_4482
2019,NA,NA,NA,NA,NA,NA,lp_train_4482
2020,NA,NA,NA,NA,NA,NA,lp_train_4482
2021,NA,NA,NA,NA,NA,NA,lp_train_4482
2022,"[0, 658, 5, 337]","[0.28596076369285583, 0.998187243938446, 0.9272494912147522, 0.9989169836044312, 0.999550998210907, 0.9994439482688904, 0.9990873336791992, 0.9999520778656006, 0.9999840259552002, 0.9999808073043823]",License Plate,BY03124,Mexico,0.9998099207878113,lp_train_246
2023,NA,NA,NA,NA,NA,NA,lp_train_6982
2024,"[0, 82, 4, 70]","[0.9998440742492676, 0.9998855590820312, 0.9999784231185913, 0.999983549118042, 0.9999315738677979, 0.9999527931213379, 0.9997923970222473, 0.999779999256134, 0.9999346733093262, 0.9999679327011108]",License Plate,59E170850,Vietnam,0.9999970197677612,lp_train_5179
2025,"[1, 54, 4, 18]","[0.9998175501823425, 0.9998539686203003, 0.6533558368682861, 0.9999288320541382, 0.9997497200965881, 0.999768078327179, 0.9997784495353699, 0.9971345663070679, 0.9999877214431763, 0.9999977350234985]",License Plate,51C31691,Vietnam,0.9999986886978149,lp_train_2512
2026,"[0, 82, 0, 24]","[0.9999781847000122, 0.9996936321258545, 0.9986775517463684, 0.9998493194580078, 0.999919056892395, 0.9492684006690979, 0.9998843669891357, 0.9999839067459106, 0.9999912977218628, 0.9999891519546509]",License Plate,G47281,Spain,0.7080904245376587,lp_train_1540
2027,NA,NA,NA,NA,NA,NA,lp_train_5881
2028,"[2, 92, 4, 28]","[0.9999384880065918, 0.9999192953109741, 0.9995065927505493, 0.9999035596847534, 0.999721348285675, 0.9997987151145935, 0.9999237060546875, 0.9994307160377502, 0.9999992847442627, 0.9999997615814209]",License Plate,51F22261,Vietnam,0.9999995231628418,lp_train_845
2029,"[1, 77, 0, 21]","[0.9983738660812378, 0.9997205138206482, 0.9994950294494629, 0.9999420642852783, 0.9998676776885986, 0.9999070167541504, 0.9999306201934814, 0.9999041557312012, 0.9999966621398926, 0.9999990463256836]",License Plate,51F49142,Vietnam,1.0,lp_train_1707
2030,"[1, 92, 0, 71]","[0.9998854398727417, 0.9998865127563477, 0.9989417195320129, 0.9997414946556091, 0.9997479319572449, 0.9996862411499023, 0.9997957348823547, 0.9999200105667114, 0.999884843826294, 0.9999847412109375]",License Plate,54Z32172,Vietnam,0.9999586343765259,lp_train_5427
2031,NA,NA,NA,NA,NA,NA,lp_train_2393
2032,"[2, 106, 1, 28]","[0.9997938275337219, 0.9999644756317139, 0.9999934434890747, 0.9998799562454224, 0.9997949004173279, 0.999915361404419, 0.9997771382331848, 0.9998819828033447, 0.9999953508377075, 0.999998927116394]",License Plate,51A55433,Vietnam,1.0,lp_train_1052
2033,"[0, 129, 8, 43]","[0.20308668911457062, 0.999025821685791, 0.999261200428009, 0.9995632767677307, 0.9983810186386108, 0.9819731712341309, 0.9730783700942993, 0.9996668100357056, 0.9995948672294617, 0.9990606904029846]",License Plate,33346NG02,Vietnam,0.9848514199256897,lp_train_4225
2034,NA,NA,NA,NA,NA,NA,lp_train_4225
2035,"[4, 132, 1, 31]","[0.9996761083602905, 0.9999231100082397, 0.999747097492218, 0.9999109506607056, 0.9999634027481079, 0.9998340606689453, 0.9998378753662109, 0.9998903274536133, 0.9999939203262329, 0.9999983310699463]",License Plate,51G20536,Vietnam,1.0,lp_train_2489
2036,"[1, 99, 4, 39]","[0.9984492063522339, 0.9999724626541138, 0.9999949932098389, 0.999993085861206, 0.9998776912689209, 0.9999282360076904, 0.999924898147583, 0.9999861717224121, 0.9999903440475464, 0.9999960660934448]",License Plate,51A05227,Vietnam,1.0,lp_train_1961
2037,"[3, 105, 11, 67]","[0.9998331069946289, 0.9996999502182007, 0.999678373336792, 0.9998906850814819, 0.9996024966239929, 0.9997630715370178, 0.9999263286590576, 0.9993730187416077, 0.9997275471687317, 0.9999872446060181]",License Plate,51G37307,Vietnam,0.9999959468841553,lp_train_2636
2038,"[0, 85, 9, 55]","[0.45501044392585754, 0.9991770386695862, 0.9999479055404663, 0.9996485710144043, 0.999711811542511, 0.9998112320899963, 0.9997770190238953, 0.9984946250915527, 0.9999779462814331, 0.9999922513961792]",License Plate,30A35981,Vietnam,0.999962329864502,lp_train_3127
2039,NA,NA,NA,NA,NA,NA,lp_train_3407
2040,NA,NA,NA,NA,NA,NA,lp_train_5796
2041,"[10, 98, 9, 83]","[0.9998549222946167, 0.9999065399169922, 0.999923825263977, 0.9996060729026794, 0.9998759031295776, 0.9975042939186096, 0.999868631362915, 0.9999643564224243, 0.9999035596847534, 0.9999675750732422]",License Plate,54S84120,Vietnam,0.9999737739562988,lp_train_5441
2042,"[0, 97, 0, 30]","[0.9999572038650513, 0.9999858140945435, 0.9999961853027344, 0.9999412298202515, 0.9999353885650635, 0.999956488609314, 0.9998372793197632, 0.99994957447052, 0.99998939037323, 0.999997615814209]",License Plate,61A22959,Vietnam,1.0,lp_train_1492
2043,NA,NA,NA,NA,NA,NA,lp_train_4430
2044,"[0, 83, 5, 28]","[0.9994792342185974, 0.9999390840530396, 0.9994646906852722, 0.9998681545257568, 0.9996964931488037, 0.9999514818191528, 0.9998359680175781, 0.9999464750289917, 0.9999954700469971, 0.9999980926513672]",License Plate,51F22029,Vietnam,0.9999998807907104,lp_train_505
2045,"[5, 117, 1, 57]","[0.9998884201049805, 0.9999393224716187, 0.9998084902763367, 0.9999897480010986, 0.9998692274093628, 0.9999558925628662, 0.9997771382331848, 0.9999531507492065, 0.9998798370361328, 0.9999828338623047]",License Plate,51F07973,Vietnam,1.0,lp_train_3042
2046,"[2, 256, 2, 134]","[0.9998780488967896, 0.9997757077217102, 0.939483106136322, 0.9731393456459045, 0.9995429515838623, 0.9993082284927368, 0.9995043277740479, 0.9999881982803345, 0.999998927116394, 0.9999995231628418]",License Plate,GZJ4586,Mexico,0.9999914169311523,lp_train_211
2047,"[2, 102, 0, 24]","[0.9999172687530518, 0.999876856803894, 0.9998212456703186, 0.9998693466186523, 0.9998897314071655, 0.999984622001648, 0.9997492432594299, 0.9997929930686951, 0.9999916553497314, 0.9999977350234985]",License Plate,51F59011,Vietnam,0.9999927282333374,lp_train_1839
2048,NA,NA,NA,NA,NA,NA,lp_train_1134
2049,"[2, 86, 1, 23]","[0.9966199398040771, 0.9999094009399414, 0.9997504353523254, 0.9999217987060547, 0.9996602535247803, 0.9997963309288025, 0.9999275207519531, 0.9999121427536011, 0.9999946355819702, 0.9999991655349731]",License Plate,51G42971,Vietnam,0.9999992847442627,lp_train_2038
2050,"[2, 103, 1, 29]","[0.9998830556869507, 0.9909982681274414, 0.9999414682388306, 0.9999512434005737, 0.9992774128913879, 0.9991564750671387, 0.99996018409729, 0.9998877048492432, 0.9999810457229614, 0.9999868869781494]",License Plate,52Y6490,Vietnam,0.9998552799224854,lp_train_557
2051,NA,NA,NA,NA,NA,NA,lp_train_5503
2052,"[0, 94, 0, 77]","[0.9999088048934937, 0.999895453453064, 0.9999573230743408, 0.9998884201049805, 0.9976189732551575, 0.9996440410614014, 0.9999164342880249, 0.9987952709197998, 0.9996962547302246, 0.9997256398200989]",License Plate,59L116511,Vietnam,0.9999918937683105,lp_train_5214
2053,"[2, 106, 1, 31]","[0.9983909130096436, 0.9999806880950928, 0.9999960660934448, 0.9999402761459351, 0.9998862743377686, 0.9998548030853271, 0.9998674392700195, 0.9999440908432007, 0.9999926090240479, 0.9999969005584717]",License Plate,51A77529,Vietnam,0.9999998807907104,lp_train_1349
2054,NA,NA,NA,NA,NA,NA,lp_train_4871
2055,NA,NA,NA,NA,NA,NA,lp_train_4871
2056,"[2, 49, 2, 12]","[0.5854634642601013, 0.9894105792045593, 0.9709704518318176, 0.9920550584793091, 0.912695586681366, 0.7403950095176697, 0.4239082336425781, 0.6471624970436096, 0.9669860601425171, 0.9997604489326477]",License Plate,51C22237,Vietnam,0.995984673500061,lp_train_2993
2057,"[0, 86, 8, 48]","[0.9998329877853394, 0.9999881982803345, 0.999996542930603, 0.9999548196792603, 0.9999188184738159, 0.9999426603317261, 0.9998956918716431, 0.9998544454574585, 0.9999713897705078, 0.9999933242797852]",License Plate,51A77529,Vietnam,0.9999997615814209,lp_train_2880
2058,"[0, 109, 3, 41]","[0.9998513460159302, 0.999966025352478, 0.9999948740005493, 0.999955415725708, 0.9997051358222961, 0.9997997879981995, 0.9999094009399414, 0.9997970461845398, 0.9999898672103882, 0.9999960660934448]",License Plate,51A85325,Vietnam,0.999995231628418,lp_train_2012
2059,NA,NA,NA,NA,NA,NA,lp_train_5022
2060,NA,NA,NA,NA,NA,NA,lp_train_5022
2061,NA,NA,NA,NA,NA,NA,lp_train_6884
2062,"[2, 119, 0, 40]","[0.9998432397842407, 0.9999699592590332, 0.9999868869781494, 0.999944806098938, 0.9999014139175415, 0.9999372959136963, 0.999948263168335, 0.999963641166687, 0.9999666213989258, 0.9999945163726807]",License Plate,51A89714,Vietnam,0.9999996423721313,lp_train_1986
2063,"[3, 123, 4, 46]","[0.999934196472168, 0.9999388456344604, 0.9995787739753723, 0.9999603033065796, 0.9997584223747253, 0.9989006519317627, 0.9999053478240967, 0.9999338388442993, 0.9999985694885254, 0.9999996423721313]",License Plate,51F15585,Vietnam,0.9999998807907104,lp_train_2241
2064,NA,NA,NA,NA,NA,NA,lp_train_6725
2065,"[0, 115, 6, 47]","[0.998076319694519, 0.9999024868011475, 0.9996922016143799, 0.999750554561615, 0.9995482563972473, 0.9998427629470825, 0.9998350143432617, 0.9998995065689087, 0.9999908208847046, 0.9999984502792358]",License Plate,51F74776,Vietnam,1.0,lp_train_2134
2066,"[7, 118, 5, 46]","[0.9998780488967896, 0.9969121217727661, 0.9999693632125854, 0.9999366998672485, 0.9993215799331665, 0.9996196031570435, 0.9999485015869141, 0.9999687671661377, 0.9999959468841553, 0.9999966621398926]",License Plate,52Y6490,Vietnam,0.9997962117195129,lp_train_1894
2067,"[1, 106, 0, 32]","[0.999900221824646, 0.9999587535858154, 0.9998375177383423, 0.9999862909317017, 0.9998550415039062, 0.9999303817749023, 0.9999829530715942, 0.9999721050262451, 0.9999990463256836, 0.9999997615814209]",License Plate,51F06609,Vietnam,0.9999998807907104,lp_train_1303
2068,"[3, 75, 9, 26]","[0.9986628293991089, 0.999954342842102, 0.9992990493774414, 0.9998842477798462, 0.9997469782829285, 0.9996892213821411, 0.999886155128479, 0.9999450445175171, 0.9999877214431763, 0.999994158744812]",License Plate,51G22237,Vietnam,0.9999998807907104,lp_train_447
2069,"[0, 85, 0, 66]","[0.9999070167541504, 0.9998958110809326, 0.9999812841415405, 0.9994358420372009, 0.9999092817306519, 0.999953031539917, 0.999873161315918, 0.9996583461761475, 0.9998997449874878, 0.9999568462371826]",License Plate,59L100246,Vietnam,0.9999982118606567,lp_train_6774
2070,"[0, 102, 0, 31]","[0.9998878240585327, 0.9999293088912964, 0.9997580647468567, 0.9998834133148193, 0.9999228715896606, 0.999983549118042, 0.9998980760574341, 0.9997716546058655, 0.9999809265136719, 0.9999924898147583]",License Plate,51F59011,Vietnam,0.9999998807907104,lp_train_1684
2071,NA,NA,NA,NA,NA,NA,lp_train_4242
2072,"[0, 679, 3, 311]","[0.9494664072990417, 0.9901553392410278, 0.9974617958068848, 0.868817925453186, 0.988610565662384, 0.9933456182479858, 0.9798707962036133, 0.996567964553833, 0.9997076392173767, 0.999765932559967]",License Plate,838555E,United States,0.9870779514312744,lp_train_216
2073,"[1, 56, 5, 46]","[0.9997636675834656, 0.9997801184654236, 0.996697187423706, 0.9996490478515625, 0.9997566342353821, 0.9995966553688049, 0.9996147155761719, 0.9998488426208496, 0.9999817609786987, 0.9999549388885498]",License Plate,59U159897,Vietnam,0.9999978542327881,lp_train_5757
2074,NA,NA,NA,NA,NA,NA,lp_train_5138
2075,NA,NA,NA,NA,NA,NA,lp_train_4267
2076,NA,NA,NA,NA,NA,NA,lp_train_4267
2077,NA,NA,NA,NA,NA,NA,lp_train_5060
2078,"[3, 109, 2, 31]","[0.9999135732650757, 0.9999339580535889, 0.9997954964637756, 0.9999507665634155, 0.9998250603675842, 0.999981164932251, 0.9999310970306396, 0.9998589754104614, 0.9999895095825195, 0.9999970197677612]",License Plate,51G29034,Vietnam,0.9999998807907104,lp_train_424
2079,"[124, 1155, 140, 859]","[0.9998089671134949, 0.9998268485069275, 0.995375394821167, 0.9999446868896484, 0.9998594522476196, 0.9997475743293762, 0.9995920062065125, 0.9999617338180542, 0.9999847412109375, 0.9999837875366211]",License Plate,MKU6200,Mexico,0.9984277486801147,lp_train_4160
2080,"[0, 40, 4, 13]","[0.7814338803291321, 0.6333810687065125, 0.26168906688690186, 0.5693013668060303, 0.707044243812561, 0.4022362530231476, 0.43849098682403564, 0.9730791449546814, 0.9960589408874512, 0.9982494711875916]",License Plate,13RWYJ2,Netherlands,0.8432248830795288,lp_train_2985
2081,"[1, 101, 5, 34]","[0.9999006986618042, 0.9999362230300903, 0.999735414981842, 0.9999833106994629, 0.9998626708984375, 0.9999433755874634, 0.9999488592147827, 0.9999480247497559, 0.9999840259552002, 0.999991774559021]",License Plate,51F07973,Vietnam,0.9999994039535522,lp_train_1365
2082,NA,NA,NA,NA,NA,NA,lp_train_6037
2083,NA,NA,NA,NA,NA,NA,lp_train_6692
2084,"[6, 67, 7, 54]","[0.9998311996459961, 0.9981082677841187, 0.9998477697372437, 0.9996825456619263, 0.999774158000946, 0.9999309778213501, 0.9971708655357361, 0.9981314539909363, 0.9997004270553589, 0.9997732043266296]",License Plate,71S35011,Vietnam,0.9999821186065674,lp_train_5770
2085,"[1, 120, 6, 35]","[0.9998026490211487, 0.9999140501022339, 0.9995790123939514, 0.9999330043792725, 0.9997738003730774, 0.9998675584793091, 0.9999328851699829, 0.9998427629470825, 0.9999985694885254, 0.9999992847442627]",License Plate,51F22261,Vietnam,0.9999998807907104,lp_train_2245
2086,"[1, 79, 4, 25]","[0.9866107106208801, 0.9999065399169922, 0.999622106552124, 0.999974250793457, 0.9998420476913452, 0.9998974800109863, 0.9998708963394165, 0.99968421459198, 0.9999992847442627, 0.9999997615814209]",License Plate,51F98466,Vietnam,0.9999998807907104,lp_train_1787
2087,"[2, 78, 0, 19]","[0.9999344348907471, 0.9999674558639526, 0.9997618794441223, 0.9998846054077148, 0.9999362230300903, 0.999913215637207, 0.9999455213546753, 0.9994206428527832, 0.9998082518577576, 0.9997362494468689]",License Plate,50LD04411,Vietnam,0.9999991655349731,lp_train_581
2088,"[0, 91, 2, 28]","[0.7608813643455505, 0.9998313188552856, 0.9997079968452454, 0.9999462366104126, 0.9998593330383301, 0.9997462630271912, 0.9998764991760254, 0.999953031539917, 0.9999566078186035, 0.9999805688858032]",License Plate,51G21670,Vietnam,0.9999991655349731,lp_train_1908
2089,"[2, 114, 1, 35]","[0.9998668432235718, 0.9999266862869263, 0.9998481273651123, 0.9999557733535767, 0.999651312828064, 0.999902606010437, 0.999911904335022, 0.9999349117279053, 0.999901294708252, 0.9999821186065674]",License Plate,51G37675,Vietnam,0.999998927116394,lp_train_1180
2090,"[3, 105, 4, 51]","[0.9996057152748108, 0.9999761581420898, 0.9999936819076538, 0.9999873638153076, 0.9998700618743896, 0.9998018145561218, 0.999809205532074, 0.9996139407157898, 0.9999961853027344, 0.999998927116394]",License Plate,51A16598,Vietnam,1.0,lp_train_2864
2091,"[1, 659, 0, 272]","[0.99814772605896, 0.9997320771217346, 0.9995380640029907, 0.9996567964553833, 0.9998599290847778, 0.9994603991508484, 0.9991342425346375, 0.9999852180480957, 0.9999990463256836, 0.9999982118606567]",License Plate,HAP4689,Mexico,0.9999481439590454,lp_train_263
2092,NA,NA,NA,NA,NA,NA,lp_train_6323
2093,NA,NA,NA,NA,NA,NA,lp_train_5927
2094,"[3, 42, 3, 30]","[0.9993926286697388, 0.9997978806495667, 0.999613344669342, 0.9982690811157227, 0.9994359612464905, 0.9987008571624756, 0.9985058307647705, 0.9981180429458618, 0.9992376565933228, 0.9999836683273315]",License Plate,59D146288,Vietnam,0.9999855756759644,lp_train_5939
2095,"[0, 36, 0, 10]","[0.9197253584861755, 0.9561920762062073, 0.21997703611850739, 0.8181999325752258, 0.7969767451286316, 0.7966806292533875, 0.2891332805156708, 0.930719256401062, 0.9986943602561951, 0.9998185038566589]",License Plate,51A3118,Vietnam,0.8136838674545288,lp_train_3343
2096,NA,NA,NA,NA,NA,NA,lp_train_046
2097,"[8, 125, 4, 40]","[0.9999717473983765, 0.9999748468399048, 0.999994158744812, 0.9999895095825195, 0.9998911619186401, 0.9999479055404663, 0.9999295473098755, 0.9998579025268555, 0.9999940395355225, 0.9999990463256836]",License Plate,60A03868,Vietnam,1.0,lp_train_2112
2098,NA,NA,NA,NA,NA,NA,lp_train_6572
2099,NA,NA,NA,NA,NA,NA,lp_train_5533
2100,"[3, 109, 2, 33]","[0.9998724460601807, 0.9999127388000488, 0.9997434020042419, 0.9998987913131714, 0.9999114274978638, 0.9998843669891357, 0.9999254941940308, 0.9999065399169922, 0.9999991655349731, 0.9999997615814209]",License Plate,51F59881,Vietnam,1.0,lp_train_539
2101,"[1, 75, 14, 38]","[0.9996799230575562, 0.999825656414032, 0.9998847246170044, 0.9992471933364868, 0.9997202754020691, 0.9998302459716797, 0.9996472597122192, 0.999974250793457, 0.9999991655349731, 0.9999997615814209]",License Plate,ECL7663,United States,0.6653433442115784,lp_train_4039
2102,"[1, 93, 1, 24]","[0.9965254664421082, 0.9994404911994934, 0.9996494054794312, 0.9997403025627136, 0.999711811542511, 0.999806821346283, 0.999779999256134, 0.9999136924743652, 0.9999902248382568, 0.9999972581863403]",License Plate,51F58214,Vietnam,0.9999986886978149,lp_train_1100
2103,NA,NA,NA,NA,NA,NA,lp_train_3660
2104,"[2, 111, 0, 30]","[0.9997666478157043, 0.9999227523803711, 0.9998254179954529, 0.9999810457229614, 0.9999561309814453, 0.9999686479568481, 0.9998701810836792, 0.9998695850372314, 0.9999911785125732, 0.9999978542327881]",License Plate,51G10096,Vietnam,0.9999996423721313,lp_train_2435
2105,"[7, 107, 9, 41]","[0.9998114705085754, 0.9999204874038696, 0.9996998310089111, 0.9999332427978516, 0.9998347759246826, 0.9999101161956787, 0.9998170733451843, 0.9999147653579712, 0.999995231628418, 0.9999982118606567]",License Plate,51F31118,Vietnam,0.9999998807907104,lp_train_629
2106,"[3, 113, 0, 29]","[0.9999107122421265, 0.9999395608901978, 0.9997953772544861, 0.9999911785125732, 0.9998471736907959, 0.9999599456787109, 0.9998875856399536, 0.9999518394470215, 0.9999197721481323, 0.9999901056289673]",License Plate,51F07973,Vietnam,0.9999998807907104,lp_train_776
2107,NA,NA,NA,NA,NA,NA,lp_train_6705
2108,NA,NA,NA,NA,NA,NA,lp_train_6032
2109,"[2, 86, 2, 24]","[0.9998794794082642, 0.9999175071716309, 0.9996090531349182, 0.9998188614845276, 0.9994413256645203, 0.9998252987861633, 0.9998475313186646, 0.9999375343322754, 0.9999865293502808, 0.9999969005584717]",License Plate,51F35613,Vietnam,0.9999998807907104,lp_train_984
2110,NA,NA,NA,NA,NA,NA,lp_train_3528
2111,"[0, 101, 1, 34]","[0.9999163150787354, 0.9999306201934814, 0.9997052550315857, 0.9999436140060425, 0.9999403953552246, 0.9999035596847534, 0.99993896484375, 0.9998117089271545, 0.9999923706054688, 0.9999986886978149]",License Plate,51G39466,Vietnam,1.0,lp_train_1364
2112,NA,NA,NA,NA,NA,NA,lp_train_5583
2113,NA,NA,NA,NA,NA,NA,lp_train_3664
2114,NA,NA,NA,NA,NA,NA,lp_train_6452
2115,"[1, 79, 1, 21]","[0.9998461008071899, 0.999937891960144, 0.9997499585151672, 0.9998663663864136, 0.9998558759689331, 0.9998866319656372, 0.9998856782913208, 0.9999520778656006, 0.9999043941497803, 0.9999767541885376]",License Plate,51F58214,Vietnam,1.0,lp_train_1028
2116,NA,NA,NA,NA,NA,NA,lp_train_4383
2117,NA,NA,NA,NA,NA,NA,lp_train_044
2118,"[53, 75, 45, 52]","[0.8349507451057434, 0.10588213801383972, 0.390796422958374, 0.15378424525260925, 0.7662144899368286, 0.9244973659515381, 0.9956302642822266, 0.9995688796043396, 0.9998078942298889, 0.9997128844261169]",License Plate,P1WW,Australia,0.20768335461616516,lp_train_044
2119,"[1, 46, 2, 15]","[0.680683970451355, 0.9967877864837646, 0.9937736988067627, 0.9973032474517822, 0.30146411061286926, 0.7628602981567383, 0.5045825242996216, 0.9983273148536682, 0.9999943971633911, 0.9999948740005493]",License Plate,TG3966C,Croatia,0.30275776982307434,lp_train_2799
2120,"[1, 693, 12, 412]","[0.9999420642852783, 0.9999678134918213, 0.999697208404541, 0.9998736381530762, 0.9997546076774597, 0.9999233484268188, 0.9999833106994629, 0.9999943971633911, 0.9999985694885254, 0.9999992847442627]",License Plate,9AMW487,United States,0.999972939491272,lp_train_4062
2121,"[0, 97, 6, 61]","[0.9977879524230957, 0.9997218251228333, 0.9978818297386169, 0.9999433755874634, 0.9999411106109619, 0.9999140501022339, 0.9997766613960266, 0.9997288584709167, 0.9999761581420898, 0.9999909400939941]",License Plate,51G51936,Vietnam,0.9999539852142334,lp_train_3319
2122,"[2, 101, 5, 32]","[0.9999418258666992, 0.9999200105667114, 0.9997857213020325, 0.9999161958694458, 0.9999184608459473, 0.9998328685760498, 0.9997714161872864, 0.9998124241828918, 0.9999933242797852, 0.9999980926513672]",License Plate,51G51332,Vietnam,0.9999927282333374,lp_train_1046
2123,"[0, 155, 1, 70]","[0.9997047781944275, 0.999233603477478, 0.9994845390319824, 0.9998953342437744, 0.9997974038124084, 0.9999408721923828, 0.9998292922973633, 0.9999827146530151, 0.9999911785125732, 0.9999886751174927]",License Plate,DUUUDE,United States,0.7627580761909485,lp_train_4501
2124,NA,NA,NA,NA,NA,NA,lp_train_4974
2125,"[3, 140, 5, 40]","[0.9989540576934814, 0.9999433755874634, 0.9997696280479431, 0.9999390840530396, 0.9997043013572693, 0.9998212456703186, 0.999796450138092, 0.9998847246170044, 0.9999974966049194, 0.9999990463256836]",License Plate,51F64665,Vietnam,0.9999998807907104,lp_train_2329
2126,"[0, 93, 1, 24]","[0.9985941052436829, 0.9999356269836426, 0.9997168183326721, 0.9999599456787109, 0.9996929168701172, 0.9999878406524658, 0.9999189376831055, 0.9999121427536011, 0.9999988079071045, 0.9999991655349731]",License Plate,51F63034,Vietnam,1.0,lp_train_1371
2127,"[1, 67, 4, 34]","[0.9996577501296997, 0.9999113082885742, 0.9997524619102478, 0.9999834299087524, 0.9996707439422607, 0.9995703101158142, 0.9998348951339722, 0.9998868703842163, 0.999997615814209, 0.9999990463256836]",License Plate,51F06532,Vietnam,1.0,lp_train_2009
2128,NA,NA,NA,NA,NA,NA,lp_train_3809
2129,"[11, 111, 2, 49]","[0.9998456239700317, 0.9998020529747009, 0.9996786117553711, 0.9998503923416138, 0.9993746876716614, 0.9998859167098999, 0.9998018145561218, 0.9999268054962158, 0.9999796152114868, 0.9999991655349731]",License Plate,51F44614,Vietnam,1.0,lp_train_2964
2130,"[4, 282, 1, 140]","[0.17992229759693146, 0.9987664222717285, 0.9996722936630249, 0.9996758699417114, 0.999747097492218, 0.9989435076713562, 0.9994450211524963, 0.9997492432594299, 0.9999682903289795, 0.9999796152114868]",License Plate,ANYNAME,United States,0.8363267183303833,lp_train_284
2131,"[7, 97, 9, 34]","[0.9998703002929688, 0.9999480247497559, 0.9997884631156921, 0.9999538660049438, 0.9999122619628906, 0.9998263716697693, 0.999584972858429, 0.9999642372131348, 0.9999539852142334, 0.9999864101409912]",License Plate,51F69259,Vietnam,1.0,lp_train_3321
2132,"[0, 800, 0, 363]","[0.564924955368042, 0.41125598549842834, 0.9396907687187195, 0.9067088961601257, 0.6143890023231506, 0.15796925127506256, 0.34277787804603577, 0.3842025101184845, 0.8842507004737854, 0.9494393467903137]",License Plate,AAYYLT8,United States,0.2947428226470947,lp_train_224
2133,NA,NA,NA,NA,NA,NA,lp_train_4307
2134,NA,NA,NA,NA,NA,NA,lp_train_5597
2135,"[2, 95, 3, 29]","[0.9999217987060547, 0.9998853206634521, 0.9996999502182007, 0.9999547004699707, 0.9998137354850769, 0.999866247177124, 0.9998637437820435, 0.9999366998672485, 0.9999973773956299, 0.9999988079071045]",License Plate,51F61712,Vietnam,0.9999996423721313,lp_train_750
2136,"[0, 87, 3, 74]","[0.9998260140419006, 0.9999550580978394, 0.999876856803894, 0.9999558925628662, 0.999356210231781, 0.9998743534088135, 0.9999798536300659, 0.9998089671134949, 0.9999284744262695, 0.9999754428863525]",License Plate,59N118063,Vietnam,0.9999988079071045,lp_train_6400
2137,"[1, 84, 6, 36]","[0.9998248219490051, 0.9996762275695801, 0.9997128844261169, 0.9999362230300903, 0.9999450445175171, 0.999879002571106, 0.9994866847991943, 0.9997683167457581, 0.9999159574508667, 0.999974250793457]",License Plate,51F21255,Vietnam,0.9999996423721313,lp_train_3241
2138,NA,NA,NA,NA,NA,NA,lp_train_097
2139,"[0, 85, 2, 27]","[0.9999312162399292, 0.9999607801437378, 0.9998264908790588, 0.999901533126831, 0.9996250867843628, 0.9999375343322754, 0.9998660087585449, 0.9998072981834412, 0.999850869178772, 0.9999691247940063]",License Plate,60LD00584,Vietnam,0.9999998807907104,lp_train_958
2140,NA,NA,NA,NA,NA,NA,lp_train_4928
2141,NA,NA,NA,NA,NA,NA,lp_train_5401
2142,"[3, 99, 5, 39]","[0.9990886449813843, 0.9999638795852661, 0.9999951124191284, 0.9999469518661499, 0.999889612197876, 0.9998540878295898, 0.9999086856842041, 0.9999889135360718, 0.9999905824661255, 0.999998927116394]",License Plate,51A72110,Vietnam,0.9999998807907104,lp_train_2050
2143,"[6, 201, 11, 73]","[0.9992457628250122, 0.9994712471961975, 0.9996514320373535, 0.9997984766960144, 0.9997790455818176, 0.9997969269752502, 0.9999653100967407, 0.9999555349349976, 0.9999525547027588, 0.9999750852584839]",License Plate,C7XRL,United Kingdom,0.9994320273399353,lp_train_4652
2144,"[10, 96, 6, 77]","[0.9997866749763489, 0.9999428987503052, 0.9999324083328247, 0.9998241066932678, 0.9998778104782104, 0.9997878670692444, 0.9998824596405029, 0.999664306640625, 0.9999254941940308, 0.9999420642852783]",License Plate,59S208082,Vietnam,0.9999985694885254,lp_train_6805
2145,"[0, 89, 7, 76]","[0.9997774958610535, 0.999897837638855, 0.9999556541442871, 0.9997730851173401, 0.9999617338180542, 0.999893307685852, 0.999817430973053, 0.9998461008071899, 0.9999136924743652, 0.9999752044677734]",License Plate,59B137858,Vietnam,0.9999991655349731,lp_train_5250
2146,"[19, 173, 7, 134]","[0.9996992349624634, 0.999834418296814, 0.9997732043266296, 0.9909487366676331, 0.9967406392097473, 0.9996428489685059, 0.9996830224990845, 0.9996204376220703, 0.9954707622528076, 0.9997777342796326]",License Plate,94P16433,Vietnam,0.9996869564056396,lp_train_7044
2147,"[0, 124, 0, 92]","[0.9992247819900513, 0.9997573494911194, 0.9998476505279541, 0.9994277358055115, 0.9996484518051147, 0.9997764229774475, 0.9999133348464966, 0.9998897314071655, 0.9988775849342346, 0.9999475479125977]",License Plate,83S30735,Vietnam,0.9998155236244202,lp_train_6899
2148,"[0, 76, 1, 23]","[0.9811181426048279, 0.999896764755249, 0.999785840511322, 0.9999382495880127, 0.999784529209137, 0.9997367262840271, 0.9998745918273926, 0.9993997812271118, 0.9999991655349731, 0.9999997615814209]",License Plate,51F86988,Vietnam,0.9999998807907104,lp_train_1117
2149,"[2, 43, 2, 14]","[0.955388605594635, 0.9973143935203552, 0.5395216345787048, 0.6337321996688843, 0.9950571060180664, 0.9795497059822083, 0.9558586478233337, 0.9951497912406921, 0.9999252557754517, 0.999996542930603]",License Plate,51AD1204,Vietnam,0.995559811592102,lp_train_3419
2150,"[0, 52, 1, 13]","[0.5381025075912476, 0.8553926944732666, 0.996724545955658, 0.9961287975311279, 0.9973803162574768, 0.9681450724601746, 0.9988196492195129, 0.6767408847808838, 0.999891996383667, 0.9999831914901733]",License Plate,51A90806,Vietnam,0.9995511174201965,lp_train_2429
2151,"[7, 90, 1, 25]","[0.903791606426239, 0.7410188913345337, 0.945099413394928, 0.9524944424629211, 0.7810591459274292, 0.9676117897033691, 0.9621609449386597, 0.9819823503494263, 0.646454930305481, 0.9978017210960388]",License Plate,00D044111,Vietnam,0.9997512698173523,lp_train_729
2152,"[0, 105, 0, 29]","[0.9998869895935059, 0.9998688697814941, 0.9996215105056763, 0.9999046325683594, 0.9997230172157288, 0.9997451901435852, 0.9998620748519897, 0.9998342990875244, 0.9999959468841553, 0.999998927116394]",License Plate,51F22261,Vietnam,0.9999995231628418,lp_train_406
2153,"[0, 99, 0, 81]","[0.9998062252998352, 0.9999066591262817, 0.9997952580451965, 0.9999599456787109, 0.9999281167984009, 0.9998666048049927, 0.999879002571106, 0.9998401403427124, 0.9999700784683228, 0.9999679327011108]",License Plate,59T118362,Vietnam,0.9999988079071045,lp_train_6586
2154,NA,NA,NA,NA,NA,NA,lp_train_3882
2155,"[7, 173, 12, 77]","[0.9999511241912842, 0.9997767806053162, 0.9998074173927307, 0.9998533725738525, 0.9991507530212402, 0.9999631643295288, 0.9999935626983643, 0.9999979734420776, 0.9999985694885254, 0.9999984502792358]",License Plate,JDT1,United States,0.9685434103012085,lp_train_4864
2156,"[17, 140, 0, 33]","[0.19606339931488037, 0.9996045231819153, 0.9988975524902344, 0.9973604083061218, 0.999001681804657, 0.9992115497589111, 0.9985989928245544, 0.9988324046134949, 0.9920014142990112, 0.9953472018241882]",License Plate,QL8CX4850,Unknown,0.9998109936714172,lp_train_3869
2157,"[1, 147, 4, 108]","[0.9999371767044067, 0.9995737671852112, 0.9999353885650635, 0.999915599822998, 0.9999797344207764, 0.9999598264694214, 0.9999223947525024, 0.999910831451416, 0.9999197721481323, 0.9999263286590576]",License Plate,65D109231,Vietnam,0.9999839067459106,lp_train_7045
2158,"[0, 93, 1, 30]","[0.9996552467346191, 0.9999542236328125, 0.999727189540863, 0.9999881982803345, 0.9998182654380798, 0.9997432827949524, 0.9998886585235596, 0.9998313188552856, 0.9999982118606567, 0.9999992847442627]",License Plate,51F07568,Vietnam,0.9999998807907104,lp_train_1401
2159,"[10, 135, 7, 82]","[0.9996465444564819, 0.9999722242355347, 0.9999140501022339, 0.9999617338180542, 0.9999420642852783, 0.9997701048851013, 0.9999501705169678, 0.999699592590332, 0.9990347623825073, 0.9997795224189758]",License Plate,MASYANYA,United States,0.9777661561965942,lp_train_4826
2160,"[1, 92, 0, 22]","[0.9995064735412598, 0.9999548196792603, 0.999728262424469, 0.9999432563781738, 0.9998112320899963, 0.9998408555984497, 0.9999362230300903, 0.9999804496765137, 0.9999986886978149, 0.9999996423721313]",License Plate,51F88270,Vietnam,0.9999991655349731,lp_train_1487
2161,"[1, 41, 0, 12]","[0.9996832609176636, 0.9920622110366821, 0.9998063445091248, 0.9708124399185181, 0.8839029669761658, 0.9909345507621765, 0.995642900466919, 0.7531552314758301, 0.9865163564682007, 0.9997932314872742]",License Plate,30EC0094,Belarus,0.5982698202133179,lp_train_3784
2162,"[1, 78, 0, 66]","[0.9998711347579956, 0.999951958656311, 0.7566531300544739, 0.9994383454322815, 0.9986920952796936, 0.9994329810142517, 0.9997448325157166, 0.9991044402122498, 0.999110758304596, 0.9998496770858765]",License Plate,52I26661,Vietnam,0.9999525547027588,lp_train_5230
2163,"[6, 70, 4, 54]","[0.9998300075531006, 0.9998763799667358, 0.9999759197235107, 0.99945467710495, 0.999819815158844, 0.9998296499252319, 0.9996408224105835, 0.9998717308044434, 0.9999631643295288, 0.9998458623886108]",License Plate,59E153127,Vietnam,0.9999991655349731,lp_train_6686
2164,NA,NA,NA,NA,NA,NA,lp_train_5333
2165,"[2, 101, 5, 33]","[0.9998953342437744, 0.9999123811721802, 0.9997264742851257, 0.9999393224716187, 0.9997889399528503, 0.9998338222503662, 0.9998137354850769, 0.9999558925628662, 0.9999984502792358, 0.9999995231628418]",License Plate,51F61712,Vietnam,0.9999998807907104,lp_train_2376
2166,NA,NA,NA,NA,NA,NA,lp_train_3952
2167,"[0, 37, 1, 11]","[0.1317148506641388, 0.37110015749931335, 0.34938380122184753, 0.5052050948143005, 0.41444626450538635, 0.2526933550834656, 0.32498666644096375, 0.2681165933609009, 0.9942387342453003, 0.999041736125946]",License Plate,MGI0099,Italy,0.6761295795440674,lp_train_3488
2168,"[6, 79, 9, 42]","[0.969500720500946, 0.9999369382858276, 0.9995724558830261, 0.9999006986618042, 0.9995731711387634, 0.9998395442962646, 0.9998650550842285, 0.9928840398788452, 0.9999538660049438, 0.9999961853027344]",License Plate,51G31691,Vietnam,0.9999998807907104,lp_train_2638
2169,"[1, 339, 23, 203]","[0.9994632601737976, 0.9982359409332275, 0.97789067029953, 0.9997417330741882, 0.9998364448547363, 0.9988653659820557, 0.991665780544281, 0.994624674320221, 0.9999614953994751, 0.999985933303833]",License Plate,65X47500,Vietnam,0.9999899864196777,lp_train_6999
2170,"[5, 112, 1, 33]","[0.9999078512191772, 0.9999302625656128, 0.9997473359107971, 0.9998311996459961, 0.9999264478683472, 0.9999756813049316, 0.9998573064804077, 0.9998773336410522, 0.9999828338623047, 0.9999942779541016]",License Plate,51F59011,Vietnam,1.0,lp_train_3313
2171,"[6, 45, 5, 28]","[0.999656081199646, 0.9998224377632141, 0.9957284331321716, 0.9518959522247314, 0.5092827677726746, 0.9950653910636902, 0.7674156427383423, 0.9991375207901001, 0.9998562335968018, 0.9999462366104126]",License Plate,JETBORN,United States,0.9556646943092346,lp_train_4859
2172,"[1, 275, 0, 58]","[0.9998306035995483, 0.9978862404823303, 0.9967711567878723, 0.9977126121520996, 0.9990216493606567, 0.9994743466377258, 0.9996732473373413, 0.9998063445091248, 0.9999819993972778, 0.9999569654464722]",License Plate,E2007S,Singapore,0.9998102784156799,lp_train_4581
2173,"[54, 936, 36, 497]","[0.9999046325683594, 0.9715572595596313, 0.9997981190681458, 0.9999560117721558, 0.9999253749847412, 0.7263106107711792, 0.9999812841415405, 0.9999936819076538, 0.9999978542327881, 0.9999988079071045]",License Plate,KILLJOY,United States,0.9994007349014282,lp_train_4822
2174,"[4, 104, 6, 65]","[0.9998700618743896, 0.999976396560669, 0.9999874830245972, 0.9999558925628662, 0.9997535347938538, 0.9997479319572449, 0.9993021488189697, 0.998082160949707, 0.9999681711196899, 0.9999953508377075]",License Plate,51A25668,Vietnam,0.9999978542327881,lp_train_2949
2175,"[1, 74, 9, 32]","[0.9974530339241028, 0.9999417066574097, 0.9997968077659607, 0.9999891519546509, 0.9998180270195007, 0.9998677968978882, 0.999922513961792, 0.9997908473014832, 0.9999969005584717, 0.9999990463256836]",License Plate,51F06948,Vietnam,1.0,lp_train_2609
2176,NA,NA,NA,NA,NA,NA,lp_train_4455
2177,"[0, 124, 0, 50]","[0.9827358722686768, 0.9990184307098389, 0.995530903339386, 0.9997467398643494, 0.9992029070854187, 0.9994874000549316, 0.9992021918296814, 0.999824583530426, 0.9999581575393677, 0.9999970197677612]",License Plate,51F88270,Vietnam,0.9999887943267822,lp_train_2294
2178,"[2, 46, 2, 27]","[0.9998515844345093, 0.9998540878295898, 0.9994524121284485, 0.9932778477668762, 0.9995563626289368, 0.9871233701705933, 0.9998034834861755, 0.9996253252029419, 0.999790370464325, 0.9999432563781738]",License Plate,59L202084,Vietnam,0.9999939203262329,lp_train_5879
2179,"[8, 182, 7, 93]","[0.9997679591178894, 0.9999521970748901, 0.999972939491272, 0.9998499155044556, 0.9990770816802979, 0.9987159967422485, 0.9999866485595703, 0.9999953508377075, 0.9999936819076538, 0.9999915361404419]",License Plate,DELFI,United States,0.9990467429161072,lp_train_4832
2180,"[1, 70, 1, 20]","[0.9996386766433716, 0.9999017715454102, 0.999715268611908, 0.9999765157699585, 0.9999467134475708, 0.9999312162399292, 0.9997585415840149, 0.9997392296791077, 0.9999924898147583, 0.9999969005584717]",License Plate,51G10096,Vietnam,0.9999995231628418,lp_train_1328
2181,"[3, 103, 7, 55]","[0.9999533891677856, 0.9998816251754761, 0.9999909400939941, 0.9998968839645386, 0.9997801184654236, 0.9998840093612671, 0.9995965361595154, 0.9999696016311646, 0.9999754428863525, 0.999995231628418]",License Plate,29A23950,Vietnam,0.9999996423721313,lp_train_3246
2182,NA,NA,NA,NA,NA,NA,lp_train_5909
2183,"[5, 89, 13, 63]","[0.9998151659965515, 0.9999434947967529, 0.9999921321868896, 0.999738872051239, 0.9999070167541504, 0.9998877048492432, 0.8205917477607727, 0.38095811009407043, 0.9998114705085754, 0.9999797344207764]",License Plate,60A21416,Vietnam,1.0,lp_train_3196
2184,"[27, 366, 56, 232]","[0.9456148743629456, 0.998910665512085, 0.9971036314964294, 0.9970833659172058, 0.9951834082603455, 0.9995342493057251, 0.9998152852058411, 0.999863862991333, 0.9999723434448242, 0.9999779462814331]",License Plate,BATMANS,United States,0.983828067779541,lp_train_4791
2185,NA,NA,NA,NA,NA,NA,lp_train_3923
2186,"[8, 95, 8, 76]","[0.9998812675476074, 0.9995597004890442, 0.9999029636383057, 0.9998654127120972, 0.998553454875946, 0.9998379945755005, 0.9999619722366333, 0.9999402761459351, 0.9992989301681519, 0.9999353885650635]",License Plate,51H30809,Vietnam,0.999991774559021,lp_train_5335
2187,"[17, 109, 1, 34]","[0.9999139308929443, 0.9998915195465088, 0.999798595905304, 0.9999487400054932, 0.9998757839202881, 0.9999074935913086, 0.9998331069946289, 0.9999387264251709, 0.9999984502792358, 0.9999992847442627]",License Plate,51F61712,Vietnam,1.0,lp_train_3019
2188,"[0, 99, 2, 30]","[0.9953216910362244, 0.9999721050262451, 0.9999973773956299, 0.9999282360076904, 0.9998999834060669, 0.9999855756759644, 0.9999552965164185, 0.9998582601547241, 0.9999949932098389, 0.9999988079071045]",License Plate,51A72078,Vietnam,0.9999997615814209,lp_train_1279
2189,"[0, 111, 2, 35]","[0.9330794215202332, 0.9999227523803711, 0.9999872446060181, 0.9999216794967651, 0.9998007416725159, 0.9998154044151306, 0.9998406171798706, 0.999872088432312, 0.9999885559082031, 0.9999939203262329]",License Plate,51A85325,Vietnam,0.9999918937683105,lp_train_2013
2190,"[0, 103, 5, 60]","[0.8871443271636963, 0.999167799949646, 0.9989109039306641, 0.9996871948242188, 0.9997785687446594, 0.9987382292747498, 0.9987828135490417, 0.9997920393943787, 0.9999675750732422, 0.9999921321868896]",License Plate,51G50553,Vietnam,0.9999451637268066,lp_train_2789
2191,NA,NA,NA,NA,NA,NA,lp_train_5928
2192,NA,NA,NA,NA,NA,NA,lp_train_5152
2193,NA,NA,NA,NA,NA,NA,lp_train_5152
2194,"[0, 68, 1, 56]","[0.9998102784156799, 0.9999426603317261, 0.9999278783798218, 0.9998773336410522, 0.9999455213546753, 0.999881386756897, 0.9999710321426392, 0.999705970287323, 0.9998444318771362, 0.999957799911499]",License Plate,59N243756,Vietnam,0.9999991655349731,lp_train_6589
2195,NA,NA,NA,NA,NA,NA,lp_train_6264
2196,"[0, 41, 0, 10]","[0.9856935739517212, 0.9683180451393127, 0.9970163106918335, 0.9996975660324097, 0.9969822764396667, 0.9970456957817078, 0.9979962110519409, 0.9028093814849854, 0.9999783039093018, 0.9999921321868896]",License Plate,51F31112,Vietnam,0.9994620680809021,lp_train_3475
2197,NA,NA,NA,NA,NA,NA,lp_train_5800
2198,"[1, 94, 0, 32]","[0.999976634979248, 0.9999254941940308, 0.9999945163726807, 0.9999680519104004, 0.9999364614486694, 0.9999208450317383, 0.9997789263725281, 0.9999836683273315, 0.9999994039535522, 0.9999998807907104]",License Plate,43A18650,Vietnam,0.9999997615814209,lp_train_1884
2199,"[90, 1064, 14, 534]","[0.9998890161514282, 0.9998548030853271, 0.9999821186065674, 0.9999738931655884, 0.9999383687973022, 0.999951958656311, 0.9999297857284546, 0.999983549118042, 0.9999940395355225, 0.9999948740005493]",License Plate,HBE937B,Mexico,0.9999990463256836,lp_train_4114
2200,"[7, 109, 2, 62]","[0.9997320771217346, 0.9999537467956543, 0.9998613595962524, 0.9999475479125977, 0.9998522996902466, 0.9999295473098755, 0.999847412109375, 0.9999521970748901, 0.9999094009399414, 0.9999825954437256]",License Plate,51F88270,Vietnam,1.0,lp_train_2947
2201,"[7, 72, 5, 45]","[0.999854564666748, 0.9999164342880249, 0.9999333620071411, 0.9998464584350586, 0.9999250173568726, 0.9998881816864014, 0.9998795986175537, 0.9999570846557617, 0.9999457597732544, 0.9999514818191528]",License Plate,59F107509,Vietnam,1.0,lp_train_5860
2202,"[0, 99, 1, 24]","[0.9988484382629395, 0.9999256134033203, 0.9997668862342834, 0.9998856782913208, 0.9999510049819946, 0.9998263716697693, 0.999859094619751, 0.9998488426208496, 0.9999940395355225, 0.9999974966049194]",License Plate,51G20536,Vietnam,1.0,lp_train_1106
2203,NA,NA,NA,NA,NA,NA,lp_train_5820
2204,"[0, 76, 4, 49]","[0.9998363256454468, 0.9998422861099243, 0.9961158037185669, 0.9999020099639893, 0.9996659755706787, 0.9997361302375793, 0.998816967010498, 0.9998326301574707, 0.9999799728393555, 0.9999970197677612]",License Plate,51G00672,Vietnam,0.9999915361404419,lp_train_2772
2205,"[2, 114, 1, 27]","[0.9988625049591064, 0.9999140501022339, 0.9996525049209595, 0.9998946189880371, 0.9999370574951172, 0.9998148083686829, 0.9998086094856262, 0.9998650550842285, 0.9999967813491821, 0.9999986886978149]",License Plate,51G20536,Vietnam,1.0,lp_train_1005
2206,"[0, 126, 5, 54]","[0.9932863116264343, 0.9999285936355591, 0.9996815919876099, 0.9999899864196777, 0.9997130036354065, 0.9998980760574341, 0.9999105930328369, 0.9999475479125977, 0.9999951124191284, 0.9999992847442627]",License Plate,51F02687,Vietnam,1.0,lp_train_2331
2207,NA,NA,NA,NA,NA,NA,lp_train_3906
2208,NA,NA,NA,NA,NA,NA,lp_train_6803
2209,"[0, 105, 1, 31]","[0.993026614189148, 0.9998912811279297, 0.9995267391204834, 0.9999839067459106, 0.9995867609977722, 0.9999313354492188, 0.9998342990875244, 0.9999319314956665, 0.9999295473098755, 0.9999945163726807]",License Plate,51F07973,Vietnam,1.0,lp_train_856
2210,"[0, 73, 6, 23]","[0.9999065399169922, 0.9999184608459473, 0.9999620914459229, 0.9996874332427979, 0.9996076226234436, 0.9998313188552856, 0.9998413324356079, 0.9999195337295532, 0.9999994039535522, 0.9999996423721313]",License Plate,60A35981,Vietnam,1.0,lp_train_1764
2211,"[0, 92, 4, 76]","[0.9997441172599792, 0.9999277591705322, 0.9999793767929077, 0.9998599290847778, 0.9998704195022583, 0.9998553991317749, 0.9997406601905823, 0.999951958656311, 0.9989469647407532, 0.9999045133590698]",License Plate,52K38683,Vietnam,0.9999819993972778,lp_train_5284
2212,"[0, 92, 0, 25]","[0.9565165638923645, 0.999925971031189, 0.9999942779541016, 0.9998772144317627, 0.9998206496238708, 0.9998472929000854, 0.9998918771743774, 0.9999127388000488, 0.9999933242797852, 0.9999958276748657]",License Plate,51A77529,Vietnam,0.9999997615814209,lp_train_1726
2213,"[0, 60, 1, 23]","[0.27703720331192017, 0.9934738278388977, 0.9196074604988098, 0.975141704082489, 0.9867636561393738, 0.9923456311225891, 0.9686869382858276, 0.9958017468452454, 0.9899539947509766, 0.9992807507514954]",License Plate,20NG16671,Vietnam,0.9993886947631836,lp_train_4319
2214,"[8, 100, 10, 84]","[0.9994049072265625, 0.9999085664749146, 0.9997599720954895, 0.9904357194900513, 0.9998656511306763, 0.9996985197067261, 0.9998983144760132, 0.9997695088386536, 0.9999473094940186, 0.9999727010726929]",License Plate,59S195762,Vietnam,0.9999887943267822,lp_train_5580
2215,"[1, 104, 2, 28]","[0.9996745586395264, 0.9999679327011108, 0.9996914863586426, 0.999900221824646, 0.9996914863586426, 0.9998366832733154, 0.9998557567596436, 0.9996438026428223, 0.9999996423721313, 0.9999998807907104]",License Plate,51F32488,Vietnam,1.0,lp_train_473
2216,"[0, 93, 1, 26]","[0.9990822076797485, 0.999969482421875, 0.9999969005584717, 0.9999943971633911, 0.9998810291290283, 0.9999322891235352, 0.9999204874038696, 0.9999816417694092, 0.9999723434448242, 0.9999934434890747]",License Plate,51A05227,Vietnam,1.0,lp_train_1285
2217,NA,NA,NA,NA,NA,NA,lp_train_6179
2218,"[7, 103, 5, 38]","[0.9998489618301392, 0.9999632835388184, 0.9999958276748657, 0.9999873638153076, 0.9999154806137085, 0.9998249411582947, 0.9999426603317261, 0.9998939037322998, 0.9999864101409912, 0.9999970197677612]",License Plate,51A11122,Vietnam,1.0,lp_train_2967
2219,NA,NA,NA,NA,NA,NA,lp_train_4872
2220,NA,NA,NA,NA,NA,NA,lp_train_4872
2221,NA,NA,NA,NA,NA,NA,lp_train_4283
2222,"[5, 114, 4, 42]","[0.9999561309814453, 0.9999699592590332, 0.9997782111167908, 0.9999731779098511, 0.9999547004699707, 0.999956488609314, 0.9999574422836304, 0.999886155128479, 0.999998927116394, 0.9999997615814209]",License Plate,51G21748,Vietnam,0.9999998807907104,lp_train_2188
2223,"[1, 109, 0, 30]","[0.9997124075889587, 0.9999525547027588, 0.9996578693389893, 0.9998812675476074, 0.9994421601295471, 0.9997896552085876, 0.9998905658721924, 0.9999282360076904, 0.9999972581863403, 0.9999991655349731]",License Plate,51G47281,Vietnam,0.9999998807907104,lp_train_916
2224,NA,NA,NA,NA,NA,NA,lp_train_4706
2225,"[2, 98, 2, 28]","[0.9982272982597351, 0.9999147653579712, 0.9992973804473877, 0.9998735189437866, 0.9989350438117981, 0.9979571104049683, 0.9997989535331726, 0.9998875856399536, 0.999998927116394, 0.9999994039535522]",License Plate,51F15585,Vietnam,0.999998927116394,lp_train_2496
2226,"[3, 40, 3, 11]","[0.6174753308296204, 0.9629513025283813, 0.6858402490615845, 0.738879382610321, 0.8082301616668701, 0.8705020546913147, 0.6221303939819336, 0.7772632241249084, 0.9974786639213562, 0.9993322491645813]",License Plate,BI40092,Brazil,0.7635519504547119,lp_train_3215
2227,NA,NA,NA,NA,NA,NA,lp_train_4700
2228,"[5, 86, 1, 27]","[0.8424035906791687, 0.9993047714233398, 0.9993177652359009, 0.9991831183433533, 0.9995009899139404, 0.9972965121269226, 0.9959119558334351, 0.999258816242218, 0.9999873638153076, 0.9999934434890747]",License Plate,IG51332,Switzerland,0.941048800945282,lp_train_3304
2229,"[3, 135, 4, 44]","[0.9998561143875122, 0.9999393224716187, 0.9996464252471924, 0.9999594688415527, 0.9998993873596191, 0.9997982382774353, 0.9988627433776855, 0.999953031539917, 0.9999909400939941, 0.999996542930603]",License Plate,51F16159,Vietnam,0.9999996423721313,lp_train_1928
2230,"[0, 177, 1, 113]","[0.9999395608901978, 0.9998751878738403, 0.9999209642410278, 0.9999692440032959, 0.9999762773513794, 0.9999432563781738, 0.9999816417694092, 0.9999560117721558, 0.9997957348823547, 0.9999793767929077]",License Plate,67S10106,Vietnam,0.9999895095825195,lp_train_6943
2231,NA,NA,NA,NA,NA,NA,lp_train_4257
2232,"[0, 74, 0, 33]","[0.9999195337295532, 0.9998531341552734, 0.9999085664749146, 0.9996308088302612, 0.9999110698699951, 0.9998879432678223, 0.9999345541000366, 0.9999977350234985, 0.9999990463256836, 0.9999991655349731]",License Plate,HF58HXP,United Kingdom,0.9999953508377075,lp_train_4068
2233,"[7, 91, 4, 74]","[0.9998974800109863, 0.9998433589935303, 0.9999353885650635, 0.9998902082443237, 0.9990682005882263, 0.9998071789741516, 0.9997143149375916, 0.9995331764221191, 0.9998847246170044, 0.9999532699584961]",License Plate,63B216353,Vietnam,0.9999995231628418,lp_train_6653
2234,"[3, 141, 9, 61]","[0.9998676776885986, 0.9999071359634399, 0.9999933242797852, 0.9999837875366211, 0.9999643564224243, 0.9998470544815063, 0.999809205532074, 0.9999761581420898, 0.9999988079071045, 0.9999995231628418]",License Plate,FE10034,Norway,0.9999997615814209,lp_train_4969
2235,"[4, 281, 6, 97]","[0.5107972621917725, 0.9844957590103149, 0.4335324764251709, 0.3153366446495056, 0.6385800838470459, 0.8336741924285889, 0.8864629864692688, 0.9987547397613525, 0.9997274279594421, 0.9997969269752502]",License Plate,WK5NVP,United Kingdom,0.4440074563026428,lp_train_4915
2236,"[2, 93, 2, 24]","[0.9997914433479309, 0.9998749494552612, 0.9993508458137512, 0.9998626708984375, 0.9994403719902039, 0.9997463822364807, 0.9998507499694824, 0.9999444484710693, 0.9995686411857605, 0.9999817609786987]",License Plate,51F44614,Vietnam,0.9999998807907104,lp_train_882
2237,"[62, 1278, 0, 701]","[0.9997268319129944, 0.9998890161514282, 0.9998745918273926, 0.9999521970748901, 0.9997542500495911, 0.999924898147583, 0.999874472618103, 0.9999953508377075, 0.9999988079071045, 0.9999991655349731]",License Plate,HBN976E,Mexico,0.9999996423721313,lp_train_4137
2238,NA,NA,NA,NA,NA,NA,lp_train_3568
2239,NA,NA,NA,NA,NA,NA,lp_train_5364
2240,"[1, 88, 0, 25]","[0.9999257326126099, 0.9998656511306763, 0.9997389912605286, 0.9999531507492065, 0.9997848868370056, 0.9998835325241089, 0.9998471736907959, 0.9999295473098755, 0.9999988079071045, 0.9999995231628418]",License Plate,51F61712,Vietnam,0.9999997615814209,lp_train_739
2241,NA,NA,NA,NA,NA,NA,lp_train_5052
2242,NA,NA,NA,NA,NA,NA,lp_train_5052
2243,NA,NA,NA,NA,NA,NA,lp_train_5052
2244,NA,NA,NA,NA,NA,NA,lp_train_5052
2245,"[0, 94, 2, 37]","[0.9924136996269226, 0.9998397827148438, 0.9995948672294617, 0.9999673366546631, 0.999937891960144, 0.9999523162841797, 0.9997438788414001, 0.9997052550315857, 0.9999957084655762, 0.9999984502792358]",License Plate,51G10096,Vietnam,0.9999914169311523,lp_train_1865
2246,NA,NA,NA,NA,NA,NA,lp_train_5985
2247,"[0, 78, 3, 23]","[0.9916621446609497, 0.9999747276306152, 0.9999849796295166, 0.999934196472168, 0.9998520612716675, 0.9999630451202393, 0.9999589920043945, 0.9998316764831543, 0.9999979734420776, 0.9999996423721313]",License Plate,51A72078,Vietnam,0.9999997615814209,lp_train_1348
2248,"[5, 137, 4, 92]","[0.9996963739395142, 0.9996756315231323, 0.9995366334915161, 0.9999154806137085, 0.9999079704284668, 0.9997687935829163, 0.9998039603233337, 0.999919056892395, 0.9999179840087891, 0.9999796152114868]",License Plate,68V22855,Vietnam,0.9999954700469971,lp_train_6967
2249,NA,NA,NA,NA,NA,NA,lp_train_3347
2250,NA,NA,NA,NA,NA,NA,lp_train_5070
2251,NA,NA,NA,NA,NA,NA,lp_train_5070
2252,NA,NA,NA,NA,NA,NA,lp_train_5070
2253,"[4, 103, 0, 40]","[0.9999077320098877, 0.9999834299087524, 0.9999974966049194, 0.9999247789382935, 0.9999209642410278, 0.9999576807022095, 0.9998738765716553, 0.9999256134033203, 0.9999923706054688, 0.9999972581863403]",License Plate,61A22959,Vietnam,1.0,lp_train_3289
2254,"[0, 81, 1, 25]","[0.9997209906578064, 0.9999454021453857, 0.9996480941772461, 0.9999399185180664, 0.9998953342437744, 0.9998052716255188, 0.9996993541717529, 0.9999276399612427, 0.9999922513961792, 0.9999969005584717]",License Plate,51F69259,Vietnam,1.0,lp_train_1847
2255,NA,NA,NA,NA,NA,NA,lp_train_4473
2256,"[1, 64, 4, 21]","[0.9960424900054932, 0.999847412109375, 0.9997696280479431, 0.999875545501709, 0.9996013045310974, 0.9996614456176758, 0.9997548460960388, 0.9998542070388794, 0.9999979734420776, 0.9999986886978149]",License Plate,51G44313,Vietnam,1.0,lp_train_1256
2257,"[3, 111, 0, 63]","[0.9993160963058472, 0.9998170733451843, 0.9993687272071838, 0.9999356269836426, 0.999923586845398, 0.9997625946998596, 0.9998607635498047, 0.9995833039283752, 0.9998897314071655, 0.9999946355819702]",License Plate,51G10209,Vietnam,0.9999995231628418,lp_train_2896
2258,NA,NA,NA,NA,NA,NA,lp_train_4532
2259,"[5, 125, 6, 31]","[0.9998437166213989, 0.9999688863754272, 0.9999948740005493, 0.9999483823776245, 0.9999351501464844, 0.9999756813049316, 0.9999918937683105, 0.9986294507980347, 0.9999899864196777, 0.9999969005584717]",License Plate,51A96141,Vietnam,1.0,lp_train_788
2260,"[0, 67, 16, 56]","[0.9998377561569214, 0.9998283386230469, 0.9999866485595703, 0.9998539686203003, 0.9994053840637207, 0.9997548460960388, 0.7078484892845154, 0.6998622417449951, 0.9999066591262817, 0.99997878074646]",License Plate,51A89717,Vietnam,1.0,lp_train_2627
2261,"[17, 18, 23, 24]","[0.989310622215271, 0.9927822351455688, 0.9922860860824585, 0.9888414740562439, 0.9865280985832214, 0.9851307272911072, 0.9881084561347961, 0.9945108890533447, 0.9963139891624451, 0.9964082837104797]",License Plate,,Unknown,0.9999436140060425,lp_train_6106
2262,"[2, 102, 2, 29]","[0.9999289512634277, 0.9999790191650391, 0.9999951124191284, 0.9999316930770874, 0.9998873472213745, 0.9999068975448608, 0.9999569654464722, 0.999954342842102, 0.999996542930603, 0.9999988079071045]",License Plate,51A77529,Vietnam,0.9999995231628418,lp_train_752
2263,"[0, 91, 0, 25]","[0.9999305009841919, 0.9999169111251831, 0.9997135996818542, 0.9996542930603027, 0.9997382760047913, 0.9996637105941772, 0.998609185218811, 0.9999382495880127, 0.9999955892562866, 0.999997615814209]",License Plate,30V3993,Vietnam,0.9999943971633911,lp_train_2507
2264,"[10, 255, 120, 216]","[0.9999823570251465, 0.9994903802871704, 0.9992327690124512, 0.9995712637901306, 0.9995025396347046, 0.9989103078842163, 0.9998366832733154, 0.9999974966049194, 0.9999979734420776, 0.9999978542327881]",License Plate,100000,United States,0.9967202544212341,lp_train_4547
2265,NA,NA,NA,NA,NA,NA,lp_train_6602
2266,NA,NA,NA,NA,NA,NA,lp_train_3612
2267,"[0, 107, 0, 25]","[0.9997888207435608, 0.9998175501823425, 0.9990394711494446, 0.9998925924301147, 0.9998700618743896, 0.9996495246887207, 0.9998078942298889, 0.9998592138290405, 0.9999886751174927, 0.9999948740005493]",License Plate,51F79512,Vietnam,0.9999995231628418,lp_train_627
2268,"[0, 96, 3, 31]","[0.9541053771972656, 0.999657154083252, 0.9993880987167358, 0.999982476234436, 0.9994444251060486, 0.9998025298118591, 0.9998565912246704, 0.9999277591705322, 0.9999955892562866, 0.9999994039535522]",License Plate,51F02687,Vietnam,0.9999986886978149,lp_train_2418
2269,"[1, 51, 0, 12]","[0.3196788728237152, 0.2570447325706482, 0.3569849133491516, 0.39962080121040344, 0.4797842800617218, 0.5694644451141357, 0.49095141887664795, 0.4534638524055481, 0.9756367802619934, 0.9973570704460144]",License Plate,5FF11112,Azerbaijan,0.35540351271629333,lp_train_2842
2270,NA,NA,NA,NA,NA,NA,lp_train_5790
2271,"[0, 112, 0, 25]","[0.9998088479042053, 0.9998921155929565, 0.9996665716171265, 0.9998972415924072, 0.9999041557312012, 0.9999113082885742, 0.9998605251312256, 0.9997017979621887, 0.9999892711639404, 0.9999966621398926]",License Plate,51G31691,Vietnam,0.9999998807907104,lp_train_1327
2272,"[2, 113, 0, 29]","[0.9999492168426514, 0.9999685287475586, 0.9999960660934448, 0.9999157190322876, 0.9999139308929443, 0.9999228715896606, 0.9997183680534363, 0.9999243021011353, 0.9999881982803345, 0.9999966621398926]",License Plate,61A22959,Vietnam,0.9999998807907104,lp_train_612
2273,NA,NA,NA,NA,NA,NA,lp_train_6298
2274,"[0, 335, 0, 109]","[0.9997119307518005, 0.9999339580535889, 0.9999101161956787, 0.999834418296814, 0.9999122619628906, 0.9999812841415405, 0.9999946355819702, 0.9999985694885254, 0.9999988079071045, 0.9999990463256836]",License Plate,J1S1,Estonia,0.6514826416969299,lp_train_4170
2275,"[12, 78, 6, 65]","[0.9998763799667358, 0.9999034404754639, 0.9999173879623413, 0.99983811378479, 0.9999362230300903, 0.9980059266090393, 0.9999219179153442, 0.999944806098938, 0.99866783618927, 0.9996738433837891]",License Plate,54K48147,Vietnam,0.9999983310699463,lp_train_6560
2276,"[0, 1074, 0, 525]","[0.9998793601989746, 0.9998573064804077, 0.9997794032096863, 0.9998817443847656, 0.9996446371078491, 0.9997192025184631, 0.9999281167984009, 0.9999872446060181, 0.999994158744812, 0.9999951124191284]",License Plate,HC05781,Mexico,0.9998475313186646,lp_train_328
2277,"[8, 81, 8, 68]","[0.9994686245918274, 0.9998156428337097, 0.998764157295227, 0.9990468621253967, 0.9850635528564453, 0.951949417591095, 0.9990671277046204, 0.998396098613739, 0.9989756345748901, 0.9998986721038818]",License Plate,59K114468,Vietnam,0.9999979734420776,lp_train_6422
2278,"[6, 66, 10, 42]","[0.9998821020126343, 0.99933260679245, 0.9996428489685059, 0.9998643398284912, 0.9998334646224976, 0.9999713897705078, 0.9998261332511902, 0.9999842643737793, 0.9999897480010986, 0.9999927282333374]",License Plate,LINUKS,United States,0.9890487194061279,lp_train_4604
2279,"[2, 90, 5, 24]","[0.999832272529602, 0.9999207258224487, 0.9994001388549805, 0.9999005794525146, 0.9995430707931519, 0.9998306035995483, 0.9999865293502808, 0.9999396800994873, 0.9999984502792358, 0.9999992847442627]",License Plate,51G37307,Vietnam,0.9999998807907104,lp_train_2076
2280,"[484, 723, 120, 249]","[0.999976634979248, 0.9998530149459839, 0.9998496770858765, 0.9999736547470093, 0.9998586177825928, 0.999799907207489, 0.9953321814537048, 0.9999904632568359, 0.999994158744812, 0.9999953508377075]",License Plate,ABC123,United States,0.9944532513618469,lp_train_4409
2281,"[487, 717, 250, 383]","[0.9999868869781494, 0.9999350309371948, 0.9999079704284668, 0.9999662637710571, 0.9998916387557983, 0.9999016523361206, 0.9999656677246094, 0.9999985694885254, 0.9999991655349731, 0.9999992847442627]",License Plate,ABC123,United States,0.932134747505188,lp_train_4409
2282,"[735, 958, 293, 418]","[0.9999918937683105, 0.9999407529830933, 0.9999438524246216, 0.9999685287475586, 0.9999232292175293, 0.9998762607574463, 0.9999483823776245, 0.999998927116394, 0.9999991655349731, 0.9999992847442627]",License Plate,ABC123,United States,0.9998506307601929,lp_train_4409
2283,"[246, 472, 273, 399]","[0.9999719858169556, 0.9999148845672607, 0.9999197721481323, 0.9999810457229614, 0.9999328851699829, 0.9998230338096619, 0.9998809099197388, 0.9999979734420776, 0.9999990463256836, 0.9999990463256836]",License Plate,ABC123,United States,0.9967259168624878,lp_train_4409
2284,"[242, 479, 130, 262]","[0.9540203213691711, 0.999782383441925, 0.9987561702728271, 0.9992129802703857, 0.9995253086090088, 0.9964255690574646, 0.9985558390617371, 0.988330602645874, 0.9999287128448486, 0.999972939491272]",License Plate,VABC123,United States,0.997347354888916,lp_train_4409
2285,"[4, 226, 287, 400]","[0.9999783039093018, 0.9998825788497925, 0.9941281080245972, 0.9999508857727051, 0.9998313188552856, 0.9997560381889343, 0.9999921321868896, 0.9999991655349731, 0.9999992847442627, 0.9999992847442627]",License Plate,ABC123,United States,0.9496427774429321,lp_train_4409
2286,"[724, 959, 0, 145]","[0.9999933242797852, 0.9999282360076904, 0.997391939163208, 0.9999902248382568, 0.9999322891235352, 0.9999141693115234, 0.9999798536300659, 0.9999979734420776, 0.9999983310699463, 0.9999986886978149]",License Plate,ABC123,United States,0.9999595880508423,lp_train_4409
2287,"[243, 469, 425, 520]","[0.9999080896377563, 0.9999537467956543, 0.9988806843757629, 0.9999477863311768, 0.9998202919960022, 0.9996966123580933, 0.9996950626373291, 0.9999971389770508, 0.9999985694885254, 0.9999988079071045]",License Plate,ABC123,United States,0.8334782719612122,lp_train_4409
2288,"[733, 958, 424, 515]","[0.9999799728393555, 0.9999222755432129, 0.9998825788497925, 0.9999736547470093, 0.9997190833091736, 0.9997946619987488, 0.9999285936355591, 0.9999977350234985, 0.9999983310699463, 0.9999985694885254]",License Plate,ABC123,United States,0.9890733361244202,lp_train_4409
2289,"[731, 960, 150, 284]","[0.9999961853027344, 0.9999686479568481, 0.9992966651916504, 0.9999935626983643, 0.9999661445617676, 0.9999650716781616, 0.9999963045120239, 0.9999996423721313, 0.9999995231628418, 0.9999995231628418]",License Plate,ABC123,United States,0.9931249618530273,lp_train_4409
2290,"[487, 718, 402, 517]","[0.9999886751174927, 0.9999040365219116, 0.9988941550254822, 0.9999727010726929, 0.9999058246612549, 0.9998018145561218, 0.9999184608459473, 0.9999974966049194, 0.9999988079071045, 0.999998927116394]",License Plate,ABC123,United States,0.9985026121139526,lp_train_4409
2291,"[2, 232, 150, 283]","[0.9999463558197021, 0.999937891960144, 0.9999514818191528, 0.9999266862869263, 0.9995636343955994, 0.999736487865448, 0.9985442161560059, 0.999996542930603, 0.9999977350234985, 0.9999982118606567]",License Plate,ABC123,United States,0.8268558382987976,lp_train_4409
2292,"[229, 483, 1, 125]","[0.9999737739562988, 0.9999338388442993, 0.9998992681503296, 0.9999934434890747, 0.9999109506607056, 0.9997990727424622, 0.999994158744812, 0.9999994039535522, 0.9999996423721313, 0.9999997615814209]",License Plate,ABC123,United States,0.999460756778717,lp_train_4409
2293,"[1, 148, 1, 32]","[0.9999239444732666, 0.9998548030853271, 0.9997835755348206, 0.9998906850814819, 0.9997223019599915, 0.9998182654380798, 0.9999103546142578, 0.9999923706054688, 0.9999955892562866, 0.9999977350234985]",License Plate,M590XHC,United Kingdom,0.9999912977218628,lp_train_114
2294,NA,NA,NA,NA,NA,NA,lp_train_114
2295,"[1, 40, 0, 9]","[0.2842235863208771, 0.7806790471076965, 0.5247867703437805, 0.2228386104106903, 0.7262240052223206, 0.31805354356765747, 0.5592894554138184, 0.8713614344596863, 0.9996609687805176, 0.9998227953910828]",License Plate,FC45539,Israel,0.6733841300010681,lp_train_3462
2296,NA,NA,NA,NA,NA,NA,lp_train_4298
2297,"[0, 51, 0, 11]","[0.6660425662994385, 0.7652549147605896, 0.27372294664382935, 0.5405820608139038, 0.8023078441619873, 0.3399046063423157, 0.8501299619674683, 0.3062027394771576, 0.9997072815895081, 0.9999561309814453]",License Plate,BFH04GGB,Serbia,0.5170875191688538,lp_train_3824
2298,"[2, 107, 5, 38]","[0.9998434782028198, 0.9999704360961914, 0.9999964237213135, 0.999993085861206, 0.9999699592590332, 0.9999387264251709, 0.9999936819076538, 0.9999876022338867, 0.9999881982803345, 0.9999973773956299]",License Plate,51A01204,Vietnam,1.0,lp_train_2206
2299,NA,NA,NA,NA,NA,NA,lp_train_3164
2300,NA,NA,NA,NA,NA,NA,lp_train_3758
2301,"[3, 96, 0, 77]","[0.9999396800994873, 0.9999220371246338, 0.9999879598617554, 0.9998500347137451, 0.9998804330825806, 0.999887228012085, 0.9999809265136719, 0.9999927282333374, 0.9998573064804077, 0.9999641180038452]",License Plate,62K85607,Vietnam,0.9998513460159302,lp_train_5334
2302,"[2, 66, 1, 37]","[0.93988436460495, 0.9198741912841797, 0.9829026460647583, 0.9726034998893738, 0.9062055349349976, 0.989766538143158, 0.9997665286064148, 0.9999815225601196, 0.9999955892562866, 0.9999933242797852]",License Plate,T5331,Vietnam,0.9685018658638,lp_train_4444
2303,"[11, 96, 9, 77]","[0.9997907280921936, 0.9999281167984009, 0.9999105930328369, 0.999542236328125, 0.9998871088027954, 0.9999877214431763, 0.9998997449874878, 0.9997901320457458, 0.9998602867126465, 0.999968409538269]",License Plate,59F120158,Vietnam,0.9999998807907104,lp_train_5616
2304,"[2, 101, 1, 30]","[0.9997252821922302, 0.9999489784240723, 0.9997393488883972, 0.9997959733009338, 0.9998507499694824, 0.9997767806053162, 0.9996863603591919, 0.9999731779098511, 0.9999805688858032, 0.9999910593032837]",License Plate,51F58250,Vietnam,1.0,lp_train_802
2305,NA,NA,NA,NA,NA,NA,lp_train_3940
2306,"[3, 82, 3, 23]","[0.9998941421508789, 0.999927282333374, 0.9998024106025696, 0.9999880790710449, 0.9997207522392273, 0.9999210834503174, 0.9999338388442993, 0.9999477863311768, 0.9999847412109375, 0.9999986886978149]",License Plate,51F04877,Vietnam,1.0,lp_train_1003
2307,"[1, 79, 0, 22]","[0.999687671661377, 0.9999315738677979, 0.9999817609786987, 0.9998759031295776, 0.9998251795768738, 0.9998642206192017, 0.9996108412742615, 0.9138631224632263, 0.9999980926513672, 0.9999995231628418]",License Plate,60A35981,Vietnam,0.9999997615814209,lp_train_1077
2308,NA,NA,NA,NA,NA,NA,lp_train_6154
2309,"[0, 94, 7, 33]","[0.9990504384040833, 0.999976396560669, 0.9999942779541016, 0.9999456405639648, 0.9998244643211365, 0.9998793601989746, 0.9999349117279053, 0.9999006986618042, 0.9999972581863403, 0.9999986886978149]",License Plate,51A85325,Vietnam,0.999996542930603,lp_train_3002
2310,"[4, 56, 2, 35]","[0.9998866319656372, 0.9999241828918457, 0.99957674741745, 0.9998952150344849, 0.9998830556869507, 0.9998890161514282, 0.9999572038650513, 0.9998204112052917, 0.9998774528503418, 0.9999619722366333]",License Plate,54U57001,Vietnam,0.9999885559082031,lp_train_5837
2311,NA,NA,NA,NA,NA,NA,lp_train_060
2312,NA,NA,NA,NA,NA,NA,lp_train_3553
2313,"[5, 86, 1, 50]","[0.9977304339408875, 0.9894110560417175, 0.9992120265960693, 0.9995929598808289, 0.9992163181304932, 0.9996242523193359, 0.9995318651199341, 0.9997443556785583, 0.9999948740005493, 0.9999980926513672]",License Plate,51F44614,Vietnam,0.9999943971633911,lp_train_3199
2314,"[2, 99, 0, 25]","[0.9999462366104126, 0.9999722242355347, 0.9999969005584717, 0.9999275207519531, 0.9999445676803589, 0.9999219179153442, 0.9998582601547241, 0.9995633959770203, 0.9999872446060181, 0.9999953508377075]",License Plate,61A22959,Vietnam,0.9999997615814209,lp_train_912
2315,NA,NA,NA,NA,NA,NA,lp_train_2616
2316,NA,NA,NA,NA,NA,NA,lp_train_3505
2317,"[0, 761, 0, 351]","[0.2601211369037628, 0.9988724589347839, 0.9993725419044495, 0.9991432428359985, 0.9988213181495667, 0.9955522418022156, 0.5033674836158752, 0.9998940229415894, 0.9999457597732544, 0.9999301433563232]",License Plate,BASZ203,Canada,0.9939806461334229,lp_train_4175
2318,"[3, 107, 13, 51]","[0.9998082518577576, 0.9999306201934814, 0.9996700286865234, 0.9999501705169678, 0.9998925924301147, 0.999721348285675, 0.9995978474617004, 0.9999669790267944, 0.9999876022338867, 0.9999933242797852]",License Plate,51F69259,Vietnam,1.0,lp_train_3242
2319,"[0, 87, 4, 26]","[0.9995434880256653, 0.9999608993530273, 0.9997485280036926, 0.9999836683273315, 0.9997610449790955, 0.9998902082443237, 0.9998866319656372, 0.9998873472213745, 0.9999994039535522, 0.9999997615814209]",License Plate,51F06948,Vietnam,1.0,lp_train_850
2320,NA,NA,NA,NA,NA,NA,lp_train_6183
2321,"[7, 113, 8, 42]","[0.9999386072158813, 0.9999547004699707, 0.9998388290405273, 0.999910831451416, 0.9999216794967651, 0.9997609257698059, 0.9998787641525269, 0.9998693466186523, 0.9999958276748657, 0.9999984502792358]",License Plate,51C59323,Vietnam,0.9999997615814209,lp_train_3095
2322,NA,NA,NA,NA,NA,NA,lp_train_6732
2323,"[0, 41, 2, 12]","[0.46985968947410583, 0.984623372554779, 0.8846895098686218, 0.9867662191390991, 0.9916537404060364, 0.32339346408843994, 0.9262008666992188, 0.9780648350715637, 0.9997666478157043, 0.9999525547027588]",License Plate,62Y6480,Greece,0.698980987071991,lp_train_1191
2324,NA,NA,NA,NA,NA,NA,lp_train_3678
2325,"[4, 122, 3, 44]","[0.9998267292976379, 0.9999655485153198, 0.9999947547912598, 0.9999669790267944, 0.9999269247055054, 0.9999591112136841, 0.9999594688415527, 0.999976396560669, 0.9999476671218872, 0.9999932050704956]",License Plate,51A89714,Vietnam,1.0,lp_train_1933
2326,"[1, 34, 4, 13]","[0.6607418060302734, 0.5948849320411682, 0.5107877254486084, 0.2761504054069519, 0.5112559795379639, 0.4321425259113312, 0.611105740070343, 0.9966529011726379, 0.9998501539230347, 0.9999464750289917]",License Plate,II58811,Romania,0.9767838716506958,lp_train_3698
2327,NA,NA,NA,NA,NA,NA,lp_train_176
2328,"[8, 52, 0, 15]","[0.9962104558944702, 0.9996148347854614, 0.673512876033783, 0.9996383190155029, 0.802943766117096, 0.7524979114532471, 0.7645655870437622, 0.9987534284591675, 0.9999977350234985, 0.9999991655349731]",License Plate,51X89714,Vietnam,0.9999972581863403,lp_train_3440
2329,"[0, 99, 2, 28]","[0.9998695850372314, 0.9998708963394165, 0.9996719360351562, 0.9999890327453613, 0.9996181726455688, 0.9995902180671692, 0.999731719493866, 0.9998373985290527, 0.9999957084655762, 0.9999984502792358]",License Plate,51F06532,Vietnam,0.9999997615814209,lp_train_1277
2330,NA,NA,NA,NA,NA,NA,lp_train_5125
2331,NA,NA,NA,NA,NA,NA,lp_train_5125
2332,"[2, 340, 1, 250]","[0.9997054934501648, 0.999180257320404, 0.9999356269836426, 0.9999165534973145, 0.9999486207962036, 0.9998786449432373, 0.999975323677063, 0.9997275471687317, 0.9999600648880005, 0.9999768733978271]",License Plate,65F103952,Vietnam,0.9999996423721313,lp_train_6998
2333,"[2, 106, 0, 35]","[0.999321699142456, 0.9999566078186035, 0.9999845027923584, 0.9999926090240479, 0.9999464750289917, 0.9999496936798096, 0.9999910593032837, 0.9999992847442627, 0.9999995231628418, 0.9999990463256836]",License Plate,KT6073,Vietnam,0.999941349029541,lp_train_5064
2334,NA,NA,NA,NA,NA,NA,lp_train_4258
2335,NA,NA,NA,NA,NA,NA,lp_train_163
2336,"[3, 107, 1, 33]","[0.9998483657836914, 0.9999606609344482, 0.9998466968536377, 0.9999531507492065, 0.9998550415039062, 0.999792754650116, 0.9999333620071411, 0.9999793767929077, 0.9999978542327881, 0.9999992847442627]",License Plate,51F88270,Vietnam,0.9999998807907104,lp_train_779
2337,"[2, 127, 4, 37]","[0.9930554032325745, 0.9786143898963928, 0.8753765225410461, 0.9917117357254028, 0.9967576861381531, 0.967286229133606, 0.7607054710388184, 0.9657017588615417, 0.9990901947021484, 0.9994213581085205]",License Plate,GRILLAA,Australia,0.46536117792129517,lp_train_4810
2338,NA,NA,NA,NA,NA,NA,lp_train_6363
2339,"[1, 234, 0, 63]","[0.7684462070465088, 0.5952085852622986, 0.8909507989883423, 0.8754631876945496, 0.8483905792236328, 0.9254122972488403, 0.939810037612915, 0.9965803027153015, 0.9998093247413635, 0.9998764991760254]",License Plate,S200OKR,Ukraine,0.5248574018478394,lp_train_4789
2340,"[0, 162, 0, 37]","[0.999908447265625, 0.9999176263809204, 0.9999986886978149, 0.9999070167541504, 0.9999918937683105, 0.9996351003646851, 0.9935051202774048, 0.9999918937683105, 0.9999979734420776, 0.9999971389770508]",License Plate,CZ17KOD,United Kingdom,0.9996790885925293,lp_train_3842
2341,"[2, 80, 5, 29]","[0.9997326731681824, 0.9997488856315613, 0.9996353387832642, 0.9998834133148193, 0.9998144507408142, 0.9997120499610901, 0.9866999387741089, 0.9999040365219116, 0.9999961853027344, 0.9999979734420776]",License Plate,51F16159,Vietnam,0.9999973773956299,lp_train_2623
2342,NA,NA,NA,NA,NA,NA,lp_train_5976
2343,"[2, 91, 1, 24]","[0.999755322933197, 0.9999077320098877, 0.9997382760047913, 0.9999098777770996, 0.9999438524246216, 0.9998518228530884, 0.9998712539672852, 0.9997705817222595, 0.9999960660934448, 0.9999986886978149]",License Plate,51G20536,Vietnam,0.9999980926513672,lp_train_1086
2344,NA,NA,NA,NA,NA,NA,lp_train_6804
2345,"[5, 100, 1, 24]","[0.9999359846115112, 0.9999516010284424, 0.9997922778129578, 0.9999600648880005, 0.999776303768158, 0.9999887943267822, 0.9999376535415649, 0.9999239444732666, 0.9999982118606567, 0.999998927116394]",License Plate,51F63034,Vietnam,1.0,lp_train_1057
2346,"[2, 78, 1, 19]","[0.9998216032981873, 0.9998613595962524, 0.9995613694190979, 0.9999669790267944, 0.9999023675918579, 0.9997472167015076, 0.9998703002929688, 0.9998958110809326, 0.9998944997787476, 0.999987006187439]",License Plate,51G00672,Vietnam,0.9999983310699463,lp_train_468
2347,NA,NA,NA,NA,NA,NA,lp_train_6373
2348,"[0, 83, 3, 73]","[0.9996250867843628, 0.999836802482605, 0.9999024868011475, 0.9980571866035461, 0.9998028874397278, 0.9998425245285034, 0.9999411106109619, 0.9996505975723267, 0.999930739402771, 0.9999614953994751]",License Plate,84G122593,Vietnam,0.9991869330406189,lp_train_5693
2349,NA,NA,NA,NA,NA,NA,lp_train_6202
2350,NA,NA,NA,NA,NA,NA,lp_train_3741
2351,NA,NA,NA,NA,NA,NA,lp_train_5035
2352,NA,NA,NA,NA,NA,NA,lp_train_3915
2353,"[2, 76, 10, 40]","[0.993925154209137, 0.9998816251754761, 0.9995299577713013, 0.9999237060546875, 0.9998379945755005, 0.9999064207077026, 0.9996010661125183, 0.9998019337654114, 0.9999954700469971, 0.9999983310699463]",License Plate,51G48154,Vietnam,0.9999996423721313,lp_train_3249
2354,"[2, 78, 3, 20]","[0.9981325268745422, 0.9999512434005737, 0.9997840523719788, 0.9999258518218994, 0.9999215602874756, 0.9994751811027527, 0.9999538660049438, 0.9999638795852661, 0.9999949932098389, 0.9999974966049194]",License Plate,51G21670,Vietnam,0.9999991655349731,lp_train_1288
2355,"[0, 95, 2, 29]","[0.9995874762535095, 0.9999321699142456, 0.9998786449432373, 0.9999291896820068, 0.9999202489852905, 0.9999245405197144, 0.9997429251670837, 0.9998514652252197, 0.9999818801879883, 0.9999948740005493]",License Plate,51G48154,Vietnam,0.9999998807907104,lp_train_1094
2356,"[0, 52, 6, 34]","[0.9712085723876953, 0.9998225569725037, 0.9915926456451416, 0.9997593760490417, 0.9996104836463928, 0.9993818998336792, 0.9996734857559204, 0.9999020099639893, 0.999958872795105, 0.9999868869781494]",License Plate,7Y27924,United States,0.9940541386604309,lp_train_4198
2357,"[0, 95, 1, 29]","[0.9939836859703064, 0.9999711513519287, 0.999995231628418, 0.9999299049377441, 0.9998946189880371, 0.9998773336410522, 0.9999237060546875, 0.9999277591705322, 0.9999980926513672, 0.9999985694885254]",License Plate,51A77529,Vietnam,0.9999998807907104,lp_train_1282
2358,"[2, 137, 1, 29]","[0.9988627433776855, 0.9999634027481079, 0.999993085861206, 0.9999767541885376, 0.9999287128448486, 0.9999556541442871, 0.9999924898147583, 0.9998828172683716, 0.9999946355819702, 0.9999971389770508]",License Plate,51A96141,Vietnam,1.0,lp_train_2442
2359,NA,NA,NA,NA,NA,NA,lp_train_5943
2360,NA,NA,NA,NA,NA,NA,lp_train_4747
2361,"[4, 138, 0, 31]","[0.9998125433921814, 0.9999868869781494, 0.9999974966049194, 0.9999558925628662, 0.9999266862869263, 0.9999850988388062, 0.9999629259109497, 0.9998834133148193, 0.9999872446060181, 0.999997615814209]",License Plate,51A72078,Vietnam,0.9999998807907104,lp_train_2192
2362,"[1, 91, 3, 79]","[0.9999107122421265, 0.9998045563697815, 0.9997859597206116, 0.9995561242103577, 0.9998424053192139, 0.9999284744262695, 0.9999387264251709, 0.9999709129333496, 0.9998379945755005, 0.9999936819076538]",License Plate,59U172979,Vietnam,0.9999954700469971,lp_train_5368
2363,"[0, 42, 0, 14]","[0.968972384929657, 0.9995575547218323, 0.9983887672424316, 0.9128649234771729, 0.9975211024284363, 0.9942928552627563, 0.9991884827613831, 0.9989701509475708, 0.9993021488189697, 0.9999680519104004]",License Plate,51FD7973,Vietnam,0.9995779395103455,lp_train_3598
2364,NA,NA,NA,NA,NA,NA,lp_train_4190
2365,"[1, 85, 0, 22]","[0.9998425245285034, 0.9999390840530396, 0.9996435642242432, 0.9999403953552246, 0.999933123588562, 0.9998754262924194, 0.9991030693054199, 0.9998606443405151, 0.999896764755249, 0.9999809265136719]",License Plate,51F21255,Vietnam,0.9999997615814209,lp_train_1009
2366,"[0, 199, 0, 92]","[0.99982088804245, 0.9998874664306641, 0.999874472618103, 0.9999268054962158, 0.9996269941329956, 0.9998044371604919, 0.9993723034858704, 0.9999659061431885, 0.9999619722366333, 0.9999805688858032]",License Plate,695299,United States,0.999660849571228,lp_train_3875
2367,"[1, 108, 0, 57]","[0.9998922348022461, 0.9999217987060547, 0.9997554421424866, 0.9999027252197266, 0.9997499585151672, 0.9998384714126587, 0.9999905824661255, 0.9999983310699463, 0.9999985694885254, 0.9999988079071045]",License Plate,LTM378,United States,0.8205154538154602,lp_train_4021
2368,NA,NA,NA,NA,NA,NA,lp_train_6955
2369,"[10, 85, 12, 67]","[0.9270595908164978, 0.9983242154121399, 0.9239194989204407, 0.9997829794883728, 0.9998606443405151, 0.9999356269836426, 0.9999690055847168, 0.9999076128005981, 0.9996115565299988, 0.9999428987503052]",License Plate,60N49407,Vietnam,0.999775230884552,lp_train_5617
2370,NA,NA,NA,NA,NA,NA,lp_train_5009
2371,"[0, 99, 1, 30]","[0.9955326318740845, 0.9999127388000488, 0.9997493624687195, 0.9999308586120605, 0.9998384714126587, 0.9997212290763855, 0.9997726082801819, 0.9997902512550354, 0.9999810457229614, 0.9999940395355225]",License Plate,51G51292,Vietnam,0.9999978542327881,lp_train_2150
2372,"[4, 93, 2, 27]","[0.9999033212661743, 0.9999550580978394, 0.9997593760490417, 0.9999685287475586, 0.9998908042907715, 0.9998570680618286, 0.9999467134475708, 0.9999032020568848, 0.9999884366989136, 0.9999959468841553]",License Plate,51G00672,Vietnam,0.9999977350234985,lp_train_1403
2373,NA,NA,NA,NA,NA,NA,lp_train_6729
2374,NA,NA,NA,NA,NA,NA,lp_train_6213
2375,"[3, 53, 2, 32]","[0.9997207522392273, 0.9999018907546997, 0.9998359680175781, 0.9950470924377441, 0.9959238767623901, 0.9996155500411987, 0.9997962117195129, 0.9994673132896423, 0.9999388456344604, 0.9999681711196899]",License Plate,59S114883,Vietnam,0.9999980926513672,lp_train_5865
2376,"[6, 263, 0, 111]","[0.9999301433563232, 0.9998596906661987, 0.9999762773513794, 0.9998182654380798, 0.9999105930328369, 0.9998538494110107, 0.9996697902679443, 0.9999992847442627, 0.9999997615814209, 0.9999997615814209]",License Plate,NH54YLV,United Kingdom,0.9998351335525513,lp_train_4644
2377,"[0, 91, 1, 37]","[0.9999091625213623, 0.9999252557754517, 0.9995513558387756, 0.9999334812164307, 0.9999222755432129, 0.9999455213546753, 0.9996978044509888, 0.9998584985733032, 0.999991774559021, 0.9999971389770508]",License Plate,51G48154,Vietnam,0.9999997615814209,lp_train_3329
2378,"[1, 124, 0, 26]","[0.999800980091095, 0.9998444318771362, 0.9995781779289246, 0.9998077750205994, 0.9998743534088135, 0.9999706745147705, 0.999717652797699, 0.9995075464248657, 0.99998939037323, 0.9999979734420776]",License Plate,51F59011,Vietnam,0.9999997615814209,lp_train_2545
2379,"[4, 81, 12, 73]","[0.9987527132034302, 0.9998258948326111, 0.8250585794448853, 0.9964334964752197, 0.999737560749054, 0.9995143413543701, 0.999893069267273, 0.9992115497589111, 0.9999276399612427, 0.9999794960021973]",License Plate,59T146457,Vietnam,1.0,lp_train_5651
2380,"[2, 88, 1, 25]","[0.9978526830673218, 0.984791100025177, 0.9957222938537598, 0.9986177682876587, 0.9987189769744873, 0.999525785446167, 0.9994305968284607, 0.9988266825675964, 0.9999853372573853, 0.9999948740005493]",License Plate,51F78396,Vietnam,0.9999977350234985,lp_train_1520
2381,"[3, 111, 0, 27]","[0.97999107837677, 0.9987333416938782, 0.9730634689331055, 0.9965983033180237, 0.9990069270133972, 0.9981454610824585, 0.9931496977806091, 0.9984525442123413, 0.9770508408546448, 0.9999910593032837]",License Plate,DL7CN5617,Malta,0.7325904369354248,lp_train_3876
2382,"[0, 32, 2, 11]","[0.7239311933517456, 0.9053907990455627, 0.3796064853668213, 0.47230494022369385, 0.4678747057914734, 0.6870706677436829, 0.4463181793689728, 0.995008111000061, 0.9999111890792847, 0.999971866607666]",License Plate,IF778BW,Serbia,0.6233738660812378,lp_train_2556
2383,"[7, 79, 8, 67]","[0.9998735189437866, 0.999923586845398, 0.9999071359634399, 0.9996065497398376, 0.9999158382415771, 0.9998471736907959, 0.9999464750289917, 0.9999386072158813, 0.9995273351669312, 0.999929666519165]",License Plate,54S89169,Vietnam,0.9999927282333374,lp_train_5747
2384,"[14, 101, 4, 37]","[0.9993731379508972, 0.9999192953109741, 0.9998642206192017, 0.9999849796295166, 0.9999662637710571, 0.9999603033065796, 0.9999079704284668, 0.9998480081558228, 0.9999884366989136, 0.9999960660934448]",License Plate,51G10096,Vietnam,0.9999997615814209,lp_train_3182
2385,NA,NA,NA,NA,NA,NA,lp_train_6135
2386,"[18, 86, 1, 34]","[0.9880993962287903, 0.9584408402442932, 0.9988818764686584, 0.9989941716194153, 0.9978085160255432, 0.9943596720695496, 0.9972232580184937, 0.9996594190597534, 0.9999183416366577, 0.9999101161956787]",License Plate,G37307,Spain,0.5032718777656555,lp_train_3012
2387,NA,NA,NA,NA,NA,NA,lp_train_5851
2388,"[3, 109, 0, 25]","[0.999745786190033, 0.999942421913147, 0.9997667670249939, 0.9999929666519165, 0.999894380569458, 0.9998793601989746, 0.9999210834503174, 0.9999369382858276, 0.9999121427536011, 0.9999911785125732]",License Plate,51G01177,Vietnam,1.0,lp_train_944
2389,"[2, 97, 2, 27]","[0.9996836185455322, 0.9998598098754883, 0.9993589520454407, 0.9998540878295898, 0.9994799494743347, 0.9997467398643494, 0.9999091625213623, 0.999927282333374, 0.9999815225601196, 0.9999963045120239]",License Plate,51F44614,Vietnam,1.0,lp_train_881
2390,"[1, 37, 1, 11]","[0.8252825140953064, 0.9906326532363892, 0.9418911933898926, 0.7823848724365234, 0.5088905692100525, 0.9966809153556824, 0.5638768076896667, 0.94342440366745, 0.9999637603759766, 0.9999927282333374]",License Plate,61F06248,Vietnam,0.9970677495002747,lp_train_2471
2391,NA,NA,NA,NA,NA,NA,lp_train_6405
2392,"[3, 144, 14, 86]","[0.999854564666748, 0.9999476671218872, 0.9996292591094971, 0.999987006187439, 0.999817430973053, 0.9995052814483643, 0.9997580647468567, 0.9998825788497925, 0.9999943971633911, 0.9999988079071045]",License Plate,51F06532,Vietnam,1.0,lp_train_1957
2393,"[3, 98, 10, 63]","[0.9998661279678345, 0.9999192953109741, 0.9997448325157166, 0.9999321699142456, 0.9997344613075256, 0.9999207258224487, 0.9997726082801819, 0.9996963739395142, 0.9999834299087524, 0.9999960660934448]",License Plate,51F77836,Vietnam,0.9999996423721313,lp_train_3250
2394,"[1, 117, 4, 38]","[0.9999481439590454, 0.999872088432312, 0.9998681545257568, 0.9997666478157043, 0.99982750415802, 0.9998602867126465, 0.9994268417358398, 0.9999786615371704, 0.9999969005584717, 0.9999982118606567]",License Plate,30V3993,Vietnam,0.9999860525131226,lp_train_2247
2395,NA,NA,NA,NA,NA,NA,lp_train_235
2396,"[3, 108, 2, 39]","[0.9999222755432129, 0.9999784231185913, 0.9999961853027344, 0.9999638795852661, 0.9999833106994629, 0.9999028444290161, 0.9999414682388306, 0.9999727010726929, 0.9999842643737793, 0.9999966621398926]",License Plate,51A60216,Vietnam,0.9999996423721313,lp_train_2389
2397,"[0, 68, 0, 21]","[0.999863862991333, 0.9999518394470215, 0.9999912977218628, 0.999862790107727, 0.9998045563697815, 0.9999121427536011, 0.9999040365219116, 0.9998536109924316, 0.9999972581863403, 0.9999994039535522]",License Plate,60A35981,Vietnam,1.0,lp_train_1318
2398,NA,NA,NA,NA,NA,NA,lp_train_6657
2399,"[0, 105, 1, 31]","[0.9999349117279053, 0.9999524354934692, 0.9997560381889343, 0.9998667240142822, 0.9998314380645752, 0.9994426369667053, 0.9998290538787842, 0.9998279809951782, 0.999998927116394, 0.9999995231628418]",License Plate,51C59323,Vietnam,0.9999926090240479,lp_train_837
2400,"[1, 89, 3, 76]","[0.9999041557312012, 0.9999452829360962, 0.9999399185180664, 0.9998441934585571, 0.999931812286377, 0.9999167919158936, 0.9999047517776489, 0.9999793767929077, 0.9999465942382812, 0.9999794960021973]",License Plate,54T20810,Vietnam,0.999995231628418,lp_train_6754
2401,NA,NA,NA,NA,NA,NA,lp_train_2631
2402,"[5, 301, 10, 94]","[0.9999867677688599, 0.9999550580978394, 0.9997305274009705, 0.9996813535690308, 0.9995912909507751, 0.999508261680603, 0.999536395072937, 0.9999977350234985, 1.0, 1.0]",License Plate,WB362BO,Austria,1.0,lp_train_4937
2403,"[12, 153, 18, 90]","[0.9999507665634155, 0.9999362230300903, 0.9561331272125244, 0.9998606443405151, 0.9992930889129639, 0.999924898147583, 0.9999898672103882, 0.9999991655349731, 0.9999991655349731, 0.9999992847442627]",License Plate,AL0FIT,United States,0.9999644756317139,lp_train_4924
2404,"[24, 1122, 0, 514]","[0.9996706247329712, 0.9998278617858887, 0.6457078456878662, 0.9999278783798218, 0.9995743632316589, 0.999824583530426, 0.9998462200164795, 0.9999860525131226, 0.9999970197677612, 0.9999966621398926]",License Plate,HBF135D,Mexico,0.9997420907020569,lp_train_4161
2405,NA,NA,NA,NA,NA,NA,lp_train_6046
2406,NA,NA,NA,NA,NA,NA,lp_train_4295
2407,"[2, 90, 0, 51]","[0.9977700710296631, 0.9997895359992981, 0.9998769760131836, 0.9953438639640808, 0.9998143315315247, 0.9996547698974609, 0.9980800151824951, 0.9999181032180786, 0.9999926090240479, 0.9999957084655762]",License Plate,56N7186,Vietnam,0.9999808073043823,lp_train_2994
2408,NA,NA,NA,NA,NA,NA,lp_train_3374
2409,NA,NA,NA,NA,NA,NA,lp_train_6260
2410,"[0, 120, 6, 38]","[0.999864935874939, 0.999984860420227, 0.9999933242797852, 0.9999793767929077, 0.9999024868011475, 0.9999748468399048, 0.9999929666519165, 0.9999550580978394, 0.9999973773956299, 0.9999990463256836]",License Plate,51A96141,Vietnam,1.0,lp_train_2898
2411,"[1, 76, 7, 34]","[0.578665018081665, 0.9994227886199951, 0.9999921321868896, 0.9999911785125732, 0.9999624490737915, 0.9998936653137207, 0.9999756813049316, 0.9999203681945801, 0.9998947381973267, 0.9999815225601196]",License Plate,61A01204,Vietnam,0.9999991655349731,lp_train_2737
2412,"[0, 334, 0, 68]","[0.9983652234077454, 0.9810413718223572, 0.9817723035812378, 0.9443935751914978, 0.9575456380844116, 0.9732120633125305, 0.8955919146537781, 0.9986586570739746, 0.9999710321426392, 0.9999510049819946]",License Plate,2180127,Israel,0.7731609344482422,lp_train_3925
2413,NA,NA,NA,NA,NA,NA,lp_train_5407
2414,"[0, 42, 1, 11]","[0.6503133177757263, 0.5675700306892395, 0.9762099385261536, 0.6716330647468567, 0.9908549785614014, 0.66371750831604, 0.6351786255836487, 0.5513535141944885, 0.9995920062065125, 0.9998534917831421]",License Plate,51A99675,Vietnam,0.998392641544342,lp_train_1992
2415,"[0, 97, 3, 31]","[0.9997791647911072, 0.9998821020126343, 0.9997348189353943, 0.9998449087142944, 0.9999042749404907, 0.9999828338623047, 0.9997890591621399, 0.9997931122779846, 0.9999878406524658, 0.9999970197677612]",License Plate,51F59011,Vietnam,0.9999997615814209,lp_train_1687
2416,"[4, 101, 2, 30]","[0.9998856782913208, 0.9998840093612671, 0.9996964931488037, 0.9998806715011597, 0.9999176263809204, 0.999895453453064, 0.9999309778213501, 0.999896764755249, 0.9999992847442627, 0.9999997615814209]",License Plate,51F59881,Vietnam,0.9999997615814209,lp_train_1220
2417,NA,NA,NA,NA,NA,NA,lp_train_6366
2418,NA,NA,NA,NA,NA,NA,lp_train_6796
2419,NA,NA,NA,NA,NA,NA,lp_train_189
2420,NA,NA,NA,NA,NA,NA,lp_train_189
2421,NA,NA,NA,NA,NA,NA,lp_train_189
2422,"[0, 97, 1, 28]","[0.9991229176521301, 0.9999018907546997, 0.999718964099884, 0.9998927116394043, 0.9999139308929443, 0.9999834299087524, 0.9997559189796448, 0.9503318667411804, 0.9999581575393677, 0.9999936819076538]",License Plate,51F59011,Vietnam,1.0,lp_train_1259
2423,"[0, 171, 0, 137]","[0.9996750354766846, 0.9998289346694946, 0.9998903274536133, 0.9993031024932861, 0.9797424674034119, 0.995701253414154, 0.9998055100440979, 0.9953666925430298, 0.9992401599884033, 0.9998432397842407]",License Plate,71B119082,Vietnam,0.9999771118164062,lp_train_6959
2424,"[5, 71, 1, 47]","[0.9998810291290283, 0.9998964071273804, 0.9999749660491943, 0.9999016523361206, 0.9997511506080627, 0.9998273849487305, 0.9999524354934692, 0.9994344115257263, 0.9999204874038696, 0.9998637437820435]",License Plate,72C136087,Vietnam,0.9999964237213135,lp_train_5825
2425,NA,NA,NA,NA,NA,NA,lp_train_1109
2426,"[5, 82, 10, 72]","[0.9997568726539612, 0.9999203681945801, 0.9990777969360352, 0.9998636245727539, 0.9998378753662109, 0.9999089241027832, 0.9995068311691284, 0.9998177886009216, 0.9999009370803833, 0.9999831914901733]",License Plate,59V189158,Vietnam,0.9999978542327881,lp_train_6521
2427,"[0, 1076, 0, 327]","[0.33561980724334717, 0.9040094017982483, 0.9804270267486572, 0.9853048920631409, 0.9951915740966797, 0.9795560240745544, 0.9851144552230835, 0.9990910291671753, 0.9996604919433594, 0.9998067021369934]",License Plate,882KUA,United Kingdom,0.7156237959861755,lp_train_4677
2428,"[0, 201, 0, 64]","[0.9999022483825684, 0.99957674741745, 0.9997826218605042, 0.9989748001098633, 0.9998977184295654, 0.9998854398727417, 0.9994428753852844, 0.999951958656311, 0.999992847442627, 0.9999905824661255]",License Plate,DBR196,United Kingdom,0.6674283742904663,lp_train_4839
2429,NA,NA,NA,NA,NA,NA,lp_train_3074
2430,"[1, 156, 0, 87]","[0.9999226331710815, 0.9999657869338989, 0.9998551607131958, 0.9999499320983887, 0.999887228012085, 0.9999078512191772, 0.999951958656311, 0.9999793767929077, 0.9999889135360718, 0.9999979734420776]",License Plate,51F88270,Vietnam,0.9999998807907104,lp_train_2195
2431,NA,NA,NA,NA,NA,NA,lp_train_4304
2432,NA,NA,NA,NA,NA,NA,lp_train_6226
2433,"[7, 71, 5, 54]","[0.9998190999031067, 0.9999288320541382, 0.9994780421257019, 0.9999502897262573, 0.9996843338012695, 0.9998621940612793, 0.9999593496322632, 0.999883770942688, 0.9999852180480957, 0.9999812841415405]",License Plate,59X154497,Vietnam,0.9999996423721313,lp_train_5773
2434,NA,NA,NA,NA,NA,NA,lp_train_5149
2435,"[2, 94, 5, 31]","[0.9988993406295776, 0.9998664855957031, 0.9997672438621521, 0.999873161315918, 0.999903678894043, 0.9998233914375305, 0.9999148845672607, 0.9994320273399353, 0.999993085861206, 0.9999982118606567]",License Plate,51G39466,Vietnam,0.9999986886978149,lp_train_855
2436,"[2, 105, 7, 48]","[0.9989821314811707, 0.9995357990264893, 0.9997442364692688, 0.9999295473098755, 0.9999338388442993, 0.9999217987060547, 0.9998360872268677, 0.9997856020927429, 0.9999872446060181, 0.9999957084655762]",License Plate,51G51936,Vietnam,0.9999992847442627,lp_train_3159
2437,"[6, 72, 5, 44]","[0.9997950196266174, 0.999875545501709, 0.9999104738235474, 0.9998291730880737, 0.9998272061347961, 0.9998045563697815, 0.9997683167457581, 0.9998462200164795, 0.999908447265625, 0.99996018409729]",License Plate,59L227560,Vietnam,0.9999988079071045,lp_train_5803
2438,"[12, 92, 0, 24]","[0.9809837937355042, 0.9992774128913879, 0.9996893405914307, 0.9996411800384521, 0.9996728897094727, 0.9993545413017273, 0.9964672327041626, 0.9998093247413635, 0.9999986886978149, 0.9999988079071045]",License Plate,1F49142,Vietnam,0.8642356991767883,lp_train_1601
2439,NA,NA,NA,NA,NA,NA,lp_train_7012
2440,"[9, 80, 12, 66]","[0.9996386766433716, 0.9999208450317383, 0.9998608827590942, 0.9998300075531006, 0.9998441934585571, 0.9999241828918457, 0.9999252557754517, 0.9981990456581116, 0.9998899698257446, 0.9998921155929565]",License Plate,59S240017,Vietnam,0.9999992847442627,lp_train_5683
2441,NA,NA,NA,NA,NA,NA,lp_train_5315
2442,NA,NA,NA,NA,NA,NA,lp_train_2630
2443,"[2, 109, 0, 29]","[0.9998430013656616, 0.9999324083328247, 0.99962317943573, 0.9999899864196777, 0.9996334314346313, 0.9999433755874634, 0.999849796295166, 0.9999556541442871, 0.9999610185623169, 0.9999946355819702]",License Plate,51F07973,Vietnam,1.0,lp_train_1643
2444,"[2, 110, 0, 30]","[0.9998952150344849, 0.9999703168869019, 0.9999953508377075, 0.9999587535858154, 0.9999443292617798, 0.9999332427978516, 0.9999257326126099, 0.9999446868896484, 0.9999974966049194, 0.9999988079071045]",License Plate,51A64826,Vietnam,0.9999998807907104,lp_train_523
2445,"[0, 94, 1, 25]","[0.9999442100524902, 0.9999635219573975, 0.9999170303344727, 0.999976634979248, 0.9999357461929321, 0.999966025352478, 0.9999483823776245, 0.999842643737793, 0.9999874830245972, 0.999997615814209]",License Plate,51B21666,Vietnam,1.0,lp_train_1604
2446,"[9, 144, 6, 78]","[0.9999723434448242, 0.9991917014122009, 0.9999276399612427, 0.9991253018379211, 0.9677953124046326, 0.9990932941436768, 0.9999293088912964, 0.9999964237213135, 0.9999990463256836, 0.9999997615814209]",License Plate,ALCH0L,United States,0.9981492757797241,lp_train_4990
2447,"[2, 91, 0, 25]","[0.9996129870414734, 0.9998340606689453, 0.9997155070304871, 0.9999409914016724, 0.9998230338096619, 0.9998846054077148, 0.9997087121009827, 0.9999226331710815, 0.9999862909317017, 0.9999967813491821]",License Plate,51F61712,Vietnam,0.9999998807907104,lp_train_3020
2448,"[1, 80, 0, 19]","[0.997753918170929, 0.9999035596847534, 0.9995905756950378, 0.9998934268951416, 0.9994481205940247, 0.9998055100440979, 0.9999791383743286, 0.9998800754547119, 0.9999977350234985, 0.9999994039535522]",License Plate,51F24403,Vietnam,1.0,lp_train_964
2449,"[20, 222, 11, 101]","[0.9999493360519409, 0.9996144771575928, 0.9996551275253296, 0.9998983144760132, 0.9997068047523499, 0.9999969005584717, 0.9999990463256836, 0.9999997615814209, 0.9999998807907104, 0.9999997615814209]",License Plate,J288,United Kingdom,0.6489669680595398,lp_train_4939
2450,"[7, 85, 7, 72]","[0.9998370409011841, 0.9998842477798462, 0.9997140765190125, 0.9997444748878479, 0.999431312084198, 0.9998983144760132, 0.9998947381973267, 0.999829888343811, 0.9998273253440857, 0.999942421913147]",License Plate,59H119374,Vietnam,0.9999996423721313,lp_train_6636
2451,"[0, 93, 3, 78]","[0.9998359680175781, 0.9999431371688843, 0.9999580383300781, 0.9999775886535645, 0.9999653100967407, 0.9998780488967896, 0.9998899698257446, 0.9998492002487183, 0.999824583530426, 0.9999395608901978]",License Plate,59F109865,Vietnam,0.9999994039535522,lp_train_5653
2452,NA,NA,NA,NA,NA,NA,lp_train_6389
2453,"[2, 50, 0, 13]","[0.8954406380653381, 0.9997437596321106, 0.9998937845230103, 0.9999140501022339, 0.9995881915092468, 0.999739944934845, 0.9995906949043274, 0.8876922130584717, 0.9999674558639526, 0.9999935626983643]",License Plate,82A05195,Vietnam,1.0,lp_train_3529
2454,"[1, 73, 3, 23]","[0.9999016523361206, 0.9998828172683716, 0.9994999170303345, 0.9999086856842041, 0.9997323155403137, 0.9997766613960266, 0.9999094009399414, 0.999933123588562, 0.9999984502792358, 0.9999994039535522]",License Plate,51F61712,Vietnam,0.9999994039535522,lp_train_873
2455,"[0, 88, 0, 25]","[0.9998301267623901, 0.9999438524246216, 0.9998012185096741, 0.9999631643295288, 0.9999032020568848, 0.9998233914375305, 0.9997029900550842, 0.99994957447052, 0.999984860420227, 0.9999938011169434]",License Plate,51F69259,Vietnam,0.9999998807907104,lp_train_1846
2456,NA,NA,NA,NA,NA,NA,lp_train_5698
2457,"[3, 63, 2, 16]","[0.999693751335144, 0.9995736479759216, 0.9618803858757019, 0.9983870983123779, 0.9998817443847656, 0.9997097849845886, 0.9988968372344971, 0.9997676014900208, 0.9999306201934814, 0.9999896287918091]",License Plate,51G61332,Vietnam,0.9999980926513672,lp_train_3723
2458,"[0, 123, 0, 26]","[0.3322638273239136, 0.7768315672874451, 0.9398288726806641, 0.8754406571388245, 0.9406575560569763, 0.9326019287109375, 0.9790629148483276, 0.9041063785552979, 0.9999916553497314, 0.9999967813491821]",License Plate,1F98466,Spain,0.631645143032074,lp_train_2553
2459,NA,NA,NA,NA,NA,NA,lp_train_5077
2460,NA,NA,NA,NA,NA,NA,lp_train_6111
2461,NA,NA,NA,NA,NA,NA,lp_train_5692
2462,NA,NA,NA,NA,NA,NA,lp_train_5268
2463,NA,NA,NA,NA,NA,NA,lp_train_6022
2464,"[1, 127, 2, 55]","[0.9997698664665222, 0.9997674822807312, 0.9999675750732422, 0.9997493624687195, 0.9998629093170166, 0.9999091625213623, 0.9997228980064392, 0.9999978542327881, 0.9999988079071045, 0.9999988079071045]",License Plate,RA03BCX,United Kingdom,0.9999932050704956,lp_train_4669
2465,NA,NA,NA,NA,NA,NA,lp_train_143
2466,"[3, 100, 1, 27]","[0.9998887777328491, 0.9999794960021973, 0.9999157190322876, 0.9998975992202759, 0.9999439716339111, 0.9999250173568726, 0.999972939491272, 0.9996473789215088, 0.9998840093612671, 0.9996829032897949]",License Plate,50LD04411,Vietnam,0.9999997615814209,lp_train_728
2467,"[1, 113, 0, 33]","[0.9994602799415588, 0.9999257326126099, 0.9997944235801697, 0.9998875856399536, 0.9997532963752747, 0.9996997117996216, 0.9997572302818298, 0.999806821346283, 0.999970555305481, 0.9999967813491821]",License Plate,51G49524,Vietnam,0.9999994039535522,lp_train_1873
2468,"[0, 79, 2, 49]","[0.999738872051239, 0.9994812607765198, 0.9995883107185364, 0.9999369382858276, 0.999686598777771, 0.9997702240943909, 0.977042555809021, 0.9990897178649902, 0.999998927116394, 0.9999992847442627]",License Plate,51F61712,Vietnam,1.0,lp_train_2820
2469,NA,NA,NA,NA,NA,NA,lp_train_2617
2470,"[2, 78, 0, 20]","[0.999447762966156, 0.9999228715896606, 0.9995912909507751, 0.9998525381088257, 0.9998997449874878, 0.9998557567596436, 0.9998488426208496, 0.999855637550354, 0.9999990463256836, 0.9999996423721313]",License Plate,51F59881,Vietnam,1.0,lp_train_801
2471,"[0, 87, 1, 24]","[0.9983238577842712, 0.9998915195465088, 0.9997761845588684, 0.9998975992202759, 0.9999034404754639, 0.9998218417167664, 0.9999204874038696, 0.9996421337127686, 0.9999922513961792, 0.9999985694885254]",License Plate,51G39466,Vietnam,0.9999998807907104,lp_train_714
2472,"[10, 463, 0, 80]","[0.9973245859146118, 0.9897462129592896, 0.8267191648483276, 0.9900770783424377, 0.9989263415336609, 0.9645372033119202, 0.9850687384605408, 0.9841675162315369, 0.9527248740196228, 0.99985671043396]",License Plate,TS08ER164,Switzerland,0.7823337912559509,lp_train_3939
2473,NA,NA,NA,NA,NA,NA,lp_train_4407
2474,"[3, 264, 6, 201]","[0.9999333620071411, 0.9994872808456421, 0.9998844861984253, 0.9993569254875183, 0.999925971031189, 0.9999202489852905, 0.9999433755874634, 0.9999605417251587, 0.9998859167098999, 0.9999402761459351]",License Plate,65P79679,Vietnam,0.9999995231628418,lp_train_6976
2475,NA,NA,NA,NA,NA,NA,lp_train_5937
2476,"[3, 108, 3, 33]","[0.9998914003372192, 0.9998947381973267, 0.9997395873069763, 0.9999504089355469, 0.9999409914016724, 0.9998847246170044, 0.9997808337211609, 0.9997873902320862, 0.9999812841415405, 0.9999940395355225]",License Plate,51G51332,Vietnam,0.9999986886978149,lp_train_1021
2477,"[1, 131, 2, 37]","[0.999829888343811, 0.99991774559021, 0.9996354579925537, 0.9998759031295776, 0.9997580647468567, 0.9998888969421387, 0.999931812286377, 0.9999121427536011, 0.9999969005584717, 0.9999992847442627]",License Plate,51F57493,Vietnam,1.0,lp_train_2129
2478,"[1, 109, 10, 46]","[0.9998728036880493, 0.9999722242355347, 0.9999933242797852, 0.9999527931213379, 0.9998531341552734, 0.9998924732208252, 0.9999319314956665, 0.999890923500061, 0.9999969005584717, 0.9999980926513672]",License Plate,51A85325,Vietnam,0.9999955892562866,lp_train_2914
2479,"[1, 97, 6, 32]","[0.9999262094497681, 0.9999608993530273, 0.9997289776802063, 0.9997898936271667, 0.9999295473098755, 0.999882698059082, 0.9999444484710693, 0.999591052532196, 0.9987101554870605, 0.9998074173927307]",License Plate,50LD04411,Vietnam,0.9999997615814209,lp_train_2717
2480,"[0, 87, 2, 33]","[0.999886155128479, 0.9999300241470337, 0.9996925592422485, 0.9999527931213379, 0.9998738765716553, 0.9997259974479675, 0.9996910095214844, 0.9998641014099121, 0.9999842643737793, 0.999992847442627]",License Plate,51F69259,Vietnam,1.0,lp_train_2550
2481,NA,NA,NA,NA,NA,NA,lp_train_6364
2482,"[1, 46, 0, 11]","[0.9974539875984192, 0.9953693747520447, 0.5869449377059937, 0.8772567510604858, 0.9334703683853149, 0.8711079359054565, 0.48213228583335876, 0.9360738396644592, 0.9886894822120667, 0.9990642666816711]",License Plate,93QC0103,Ireland,0.8152820467948914,lp_train_3499
2483,"[0, 98, 0, 30]","[0.9976795315742493, 0.9995701909065247, 0.9999889135360718, 0.9999878406524658, 0.9997405409812927, 0.9998717308044434, 0.9998518228530884, 0.9997487664222717, 0.9999908208847046, 0.9999936819076538]",License Plate,48A02866,Vietnam,1.0,lp_train_1126
2484,"[3, 112, 2, 31]","[0.9997912049293518, 0.9999532699584961, 0.999995231628418, 0.9999626874923706, 0.99992835521698, 0.9999054670333862, 0.9999700784683228, 0.9999505281448364, 0.9999983310699463, 0.9999991655349731]",License Plate,51A69172,Vietnam,1.0,lp_train_2895
2485,NA,NA,NA,NA,NA,NA,lp_train_360
2486,"[1, 89, 3, 74]","[0.999859094619751, 0.9996564388275146, 0.999133288860321, 0.9985878467559814, 0.999638557434082, 0.9997256398200989, 0.9999343156814575, 0.9996362924575806, 0.999923586845398, 0.9999759197235107]",License Plate,59M107790,Vietnam,0.9999862909317017,lp_train_6807
2487,NA,NA,NA,NA,NA,NA,lp_train_2455
2488,"[10, 286, 18, 220]","[0.9999412298202515, 0.8711268305778503, 0.9999328851699829, 0.9514256715774536, 0.9998651742935181, 0.9998935461044312, 0.9998503923416138, 0.9996324777603149, 0.9998617172241211, 0.9998010993003845]",License Plate,67AL00787,Vietnam,0.999992847442627,lp_train_6973
2489,NA,NA,NA,NA,NA,NA,lp_train_2485
2490,NA,NA,NA,NA,NA,NA,lp_train_6383
2491,NA,NA,NA,NA,NA,NA,lp_train_4543
2492,"[23, 1234, 0, 656]","[0.9998743534088135, 0.999946117401123, 0.9998844861984253, 0.999593198299408, 0.9998947381973267, 0.9998419284820557, 0.999932050704956, 0.9999940395355225, 0.9999986886978149, 0.9999992847442627]",License Plate,HCR745C,Mexico,0.9998021721839905,lp_train_4151
2493,"[2, 87, 1, 32]","[0.9773263335227966, 0.9999494552612305, 0.999745786190033, 0.9998632669448853, 0.9994753003120422, 0.9997724890708923, 0.9999605417251587, 0.9998714923858643, 0.9999986886978149, 0.9999988079071045]",License Plate,51F24403,Vietnam,1.0,lp_train_3086
2494,"[0, 55, 2, 12]","[0.20418213307857513, 0.6234717965126038, 0.5447496175765991, 0.5601747632026672, 0.5841763019561768, 0.4931739568710327, 0.8400096893310547, 0.6167760491371155, 0.8355335593223572, 0.997247040271759]",License Plate,10A03060,Vietnam,0.9792361855506897,lp_train_3018
2495,NA,NA,NA,NA,NA,NA,lp_train_6221
2496,"[103, 627, 69, 325]","[0.999796450138092, 0.9999586343765259, 0.9999207258224487, 0.999929666519165, 0.9999294281005859, 0.9999295473098755, 0.9999650716781616, 0.9999959468841553, 0.9999988079071045, 0.999998927116394]",License Plate,HDK688E,Mexico,0.9999699592590332,lp_train_4084
2497,"[1, 94, 2, 26]","[0.9978662133216858, 0.9999258518218994, 0.9997031092643738, 0.9999853372573853, 0.9996185302734375, 0.9998224377632141, 0.9998067021369934, 0.999900221824646, 0.9999762773513794, 0.9999964237213135]",License Plate,51F04275,Vietnam,1.0,lp_train_558
2498,"[8, 93, 6, 59]","[0.9998290538787842, 0.9999344348907471, 0.9998937845230103, 0.9999395608901978, 0.9657034277915955, 0.9925164580345154, 0.999276340007782, 0.9800058603286743, 0.7290300130844116, 0.9999369382858276]",License Plate,59Y10252,Vietnam,0.9999945163726807,lp_train_6813
2499,NA,NA,NA,NA,NA,NA,lp_train_5276
2500,"[0, 93, 0, 73]","[0.9999117851257324, 0.9999252557754517, 0.9998088479042053, 0.9890987873077393, 0.999881386756897, 0.9997946619987488, 0.9998832941055298, 0.999956488609314, 0.9998332262039185, 0.9999659061431885]",License Plate,54H15326,Vietnam,0.9999992847442627,lp_train_6541
2501,NA,NA,NA,NA,NA,NA,lp_train_5751
2502,NA,NA,NA,NA,NA,NA,lp_train_6104
2503,"[0, 78, 0, 18]","[0.7078633904457092, 0.9139068126678467, 0.9998086094856262, 0.9987788796424866, 0.9988631010055542, 0.9970657229423523, 0.9967048764228821, 0.6935716867446899, 0.9999679327011108, 0.9999867677688599]",License Plate,60A3598,Vietnam,0.9983616471290588,lp_train_1258
2504,"[1, 95, 0, 26]","[0.9999381303787231, 0.9999710321426392, 0.9999958276748657, 0.9999505281448364, 0.9999372959136963, 0.9999310970306396, 0.9998028874397278, 0.999944806098938, 0.9999969005584717, 0.9999985694885254]",License Plate,61A22959,Vietnam,1.0,lp_train_1243
2505,NA,NA,NA,NA,NA,NA,lp_train_5187
2506,NA,NA,NA,NA,NA,NA,lp_train_6186
2507,NA,NA,NA,NA,NA,NA,lp_train_6652
2508,"[1, 107, 0, 28]","[0.999692440032959, 0.9999080896377563, 0.9998238682746887, 0.9998929500579834, 0.9994934797286987, 0.999760091304779, 0.9998689889907837, 0.9999151229858398, 0.9999958276748657, 0.999998927116394]",License Plate,51G47281,Vietnam,0.9999995231628418,lp_train_1206
2509,NA,NA,NA,NA,NA,NA,lp_train_5509
2510,"[45, 68, 62, 69]","[0.9428926110267639, 0.9602496027946472, 0.9628291130065918, 0.9658724665641785, 0.9678587317466736, 0.9746304154396057, 0.9831294417381287, 0.9940841794013977, 0.998367965221405, 0.9985888600349426]",License Plate,,Unknown,0.9675700664520264,lp_train_4878
2511,"[3, 88, 6, 27]","[0.9999213218688965, 0.9999523162841797, 0.9998289346694946, 0.9998856782913208, 0.9999606609344482, 0.9998332262039185, 0.9998495578765869, 0.9998480081558228, 0.9999983310699463, 0.9999996423721313]",License Plate,51G20536,Vietnam,0.9999998807907104,lp_train_1006
2512,"[1, 41, 3, 15]","[0.9997015595436096, 0.9979538917541504, 0.5323883295059204, 0.9978951215744019, 0.861125648021698, 0.7248952388763428, 0.9592756032943726, 0.9231505393981934, 0.9970821738243103, 0.999974250793457]",License Plate,51F07873,Vietnam,0.9998268485069275,lp_train_2116
2513,"[3, 147, 5, 76]","[0.999942421913147, 0.9996987581253052, 0.9999628067016602, 0.9999819993972778, 0.9999758005142212, 0.9999942779541016, 0.9999887943267822, 0.9999996423721313, 0.9999998807907104, 0.9999998807907104]",License Plate,HIUGLY,United States,0.9900785684585571,lp_train_4662
2514,NA,NA,NA,NA,NA,NA,lp_train_5292
2515,"[0, 54, 0, 16]","[0.9891437888145447, 0.9998756647109985, 0.537760317325592, 0.9999170303344727, 0.999954104423523, 0.9998793601989746, 0.9999070167541504, 0.9981004595756531, 0.9999892711639404, 0.9999961853027344]",License Plate,51C21797,Vietnam,0.9999996423721313,lp_train_3383
2516,"[2, 74, 8, 29]","[0.9973806738853455, 0.9998227953910828, 0.9992608428001404, 0.999636173248291, 0.9998302459716797, 0.9997206330299377, 0.9911523461341858, 0.9998680353164673, 0.9999947547912598, 0.9999982118606567]",License Plate,51F76354,Vietnam,1.0,lp_train_1169
2517,"[1, 100, 2, 32]","[0.999690055847168, 0.9999381303787231, 0.9996486902236938, 0.9998723268508911, 0.9999257326126099, 0.9998034834861755, 0.9998910427093506, 0.9998865127563477, 0.9999983310699463, 0.9999996423721313]",License Plate,51F59881,Vietnam,1.0,lp_train_1736
2518,"[0, 240, 0, 54]","[0.9882180094718933, 0.9980705380439758, 0.9992915391921997, 0.9988942742347717, 0.9956607222557068, 0.9978391528129578, 0.9997572302818298, 0.9998989105224609, 0.9999727010726929, 0.9999730587005615]",License Plate,TT20BOM,United Kingdom,0.9999136924743652,lp_train_4176
2519,NA,NA,NA,NA,NA,NA,lp_train_6591
2520,NA,NA,NA,NA,NA,NA,lp_train_018
2521,NA,NA,NA,NA,NA,NA,lp_train_018
2522,NA,NA,NA,NA,NA,NA,lp_train_121
2523,"[2, 130, 0, 70]","[0.9989247918128967, 0.999203622341156, 0.9998132586479187, 0.999819815158844, 0.9998031258583069, 0.9998310804367065, 0.999700665473938, 0.9999933242797852, 0.9999995231628418, 0.9999996423721313]",License Plate,8666666,Israel,0.999601423740387,lp_train_121
2524,"[5, 102, 3, 29]","[0.9996895790100098, 0.999916672706604, 0.9994226694107056, 0.9998589754104614, 0.9995712637901306, 0.9998574256896973, 0.999855637550354, 0.9999042749404907, 0.9997692704200745, 0.9999897480010986]",License Plate,51F44614,Vietnam,1.0,lp_train_1501
2525,"[1, 80, 1, 67]","[0.9998157620429993, 0.9998457431793213, 0.9998860359191895, 0.9998204112052917, 0.9998180270195007, 0.9997687935829163, 0.9999171495437622, 0.9994439482688904, 0.983163058757782, 0.9998536109924316]",License Plate,59L223711,Vietnam,0.9999749660491943,lp_train_6201
2526,NA,NA,NA,NA,NA,NA,lp_train_5432
2527,"[0, 103, 1, 29]","[0.9996188879013062, 0.9999563694000244, 0.9999927282333374, 0.9999570846557617, 0.9998741149902344, 0.9999041557312012, 0.9999412298202515, 0.9999788999557495, 0.9999643564224243, 0.9999957084655762]",License Plate,51A89714,Vietnam,0.9999997615814209,lp_train_2228
2528,"[2, 114, 0, 49]","[0.9999074935913086, 0.9999326467514038, 0.9996588230133057, 0.9998795986175537, 0.9995790123939514, 0.9998094439506531, 0.9999102354049683, 0.9999105930328369, 0.9999991655349731, 0.9999997615814209]",License Plate,51G47281,Vietnam,0.9999998807907104,lp_train_2187
2529,"[2, 113, 5, 40]","[0.9998893737792969, 0.9999507665634155, 0.9997798800468445, 0.9999377727508545, 0.9997261166572571, 0.9998550415039062, 0.9997515082359314, 0.9987732768058777, 0.9999991655349731, 0.9999998807907104]",License Plate,51F86988,Vietnam,0.9999998807907104,lp_train_1892
2530,"[3, 126, 5, 47]","[0.9997212290763855, 0.9999759197235107, 0.9999955892562866, 0.9999830722808838, 0.9999512434005737, 0.9999783039093018, 0.9999895095825195, 0.999931812286377, 0.9999918937683105, 0.9999988079071045]",License Plate,51A96141,Vietnam,1.0,lp_train_2757
2531,NA,NA,NA,NA,NA,NA,lp_train_3893
2532,"[18, 206, 7, 107]","[0.9994089603424072, 0.9999042749404907, 0.9998019337654114, 0.999895453453064, 0.9999451637268066, 0.999853253364563, 0.999414324760437, 0.9999995231628418, 0.9999998807907104, 0.9999998807907104]",License Plate,Q232ROB,United Kingdom,0.9998289346694946,lp_train_4877
2533,"[4, 49, 4, 32]","[0.9997997879981995, 0.9997738003730774, 0.9993289709091187, 0.9562599658966064, 0.999855637550354, 0.9997076392173767, 0.999951958656311, 0.9996077418327332, 0.9991617202758789, 0.9999334812164307]",License Plate,93P117409,Vietnam,0.9999959468841553,lp_train_5952
2534,"[2, 109, 3, 33]","[0.9998569488525391, 0.9999659061431885, 0.999995231628418, 0.9999692440032959, 0.9998795986175537, 0.9999669790267944, 0.9999703168869019, 0.9999425411224365, 0.9999923706054688, 0.9999979734420776]",License Plate,51A69172,Vietnam,0.9999998807907104,lp_train_780
2535,"[2, 105, 6, 39]","[0.9999265670776367, 0.9999343156814575, 0.9997952580451965, 0.9999581575393677, 0.999945878982544, 0.9998815059661865, 0.9999450445175171, 0.9998121857643127, 0.9999704360961914, 0.9999978542327881]",License Plate,51G39466,Vietnam,1.0,lp_train_854
2536,"[1, 110, 4, 37]","[0.9999305009841919, 0.9999430179595947, 0.9999662637710571, 0.9999452829360962, 0.9995261430740356, 0.9997897744178772, 0.9999490976333618, 0.9999862909317017, 0.9999979734420776, 0.9999983310699463]",License Plate,52Y6490,Vietnam,0.9997896552085876,lp_train_2829
2537,NA,NA,NA,NA,NA,NA,lp_train_4515
2538,NA,NA,NA,NA,NA,NA,lp_train_6040
2539,"[1, 336, 0, 61]","[0.22383219003677368, 0.9096428155899048, 0.8172371983528137, 0.9782010316848755, 0.7562528848648071, 0.7543255686759949, 0.7508096098899841, 0.9372745156288147, 0.6285720467567444, 0.9488743543624878]",License Plate,VA03MG27_4,Unknown,0.8087851405143738,lp_train_3924
2540,"[1, 37, 6, 30]","[0.14998233318328857, 0.3687519431114197, 0.5706911683082581, 0.6724933981895447, 0.27290284633636475, 0.6782236695289612, 0.38629189133644104, 0.989177942276001, 0.999090313911438, 0.999488115310669]",License Plate,LF4269,United States,0.5739274024963379,lp_train_4885
2541,"[0, 45, 0, 12]","[0.998176097869873, 0.9998043179512024, 0.9999582767486572, 0.9996906518936157, 0.999257504940033, 0.9998713731765747, 0.9438565373420715, 0.9987627267837524, 0.9999821186065674, 0.9999964237213135]",License Plate,51A69172,Vietnam,0.9999998807907104,lp_train_3603
2542,NA,NA,NA,NA,NA,NA,lp_train_5986
2543,"[9, 119, 8, 32]","[0.9996535778045654, 0.9999616146087646, 0.999756395816803, 0.9999884366989136, 0.9998181462287903, 0.9999284744262695, 0.9999208450317383, 0.9998548030853271, 0.9999978542327881, 0.999998927116394]",License Plate,51F06948,Vietnam,1.0,lp_train_2210
2544,NA,NA,NA,NA,NA,NA,lp_train_6682
2545,NA,NA,NA,NA,NA,NA,lp_train_4335
2546,"[7, 256, 6, 165]","[0.9998983144760132, 0.9998600482940674, 0.9998388290405273, 0.9969532489776611, 0.9994538426399231, 0.9995836615562439, 0.887701153755188, 0.9992639422416687, 0.9998559951782227, 0.9999712705612183]",License Plate,64FC3090,Vietnam,0.9999998807907104,lp_train_6983
2547,"[5, 105, 6, 58]","[0.9997735619544983, 0.9999139308929443, 0.9997689127922058, 0.9999799728393555, 0.9997023940086365, 0.9996929168701172, 0.9997132420539856, 0.9998806715011597, 0.9999891519546509, 0.9999979734420776]",License Plate,51F06532,Vietnam,1.0,lp_train_2724
2548,"[1, 102, 6, 42]","[0.999913215637207, 0.9999357461929321, 0.9994204044342041, 0.9998854398727417, 0.9994354844093323, 0.9998623132705688, 0.999902606010437, 0.9999330043792725, 0.9999964237213135, 0.999998927116394]",License Plate,51F44614,Vietnam,0.9999982118606567,lp_train_2759
2549,"[9, 92, 5, 69]","[0.9936936497688293, 0.36516180634498596, 0.3388513922691345, 0.9744141697883606, 0.9910119771957397, 0.9898953437805176, 0.9924585223197937, 0.9919373393058777, 0.9915552735328674, 0.9987480640411377]",License Plate,54V14819,Vietnam,0.9998103976249695,lp_train_6335
2550,"[0, 105, 3, 35]","[0.9878749251365662, 0.9998698234558105, 0.9989368319511414, 0.999936580657959, 0.9990940093994141, 0.9987873435020447, 0.9998214840888977, 0.9997162222862244, 0.9999992847442627, 0.9999997615814209]",License Plate,51F15585,Vietnam,0.9999997615814209,lp_train_2481
2551,NA,NA,NA,NA,NA,NA,lp_train_3443
2552,"[0, 103, 0, 31]","[0.999473512172699, 0.9999129772186279, 0.9996589422225952, 0.9998519420623779, 0.9997537732124329, 0.9999653100967407, 0.9997896552085876, 0.9999637603759766, 0.9999749660491943, 0.9999945163726807]",License Plate,51F22029,Vietnam,1.0,lp_train_1628
2553,"[0, 42, 0, 16]","[0.9999028444290161, 0.9989666938781738, 0.9861072301864624, 0.9984241724014282, 0.9997037053108215, 0.9997424483299255, 0.9995256662368774, 0.9997783303260803, 0.9999895095825195, 0.9999971389770508]",License Plate,51G51332,Vietnam,0.9999945163726807,lp_train_3378
2554,"[0, 93, 3, 33]","[0.998713493347168, 0.999955415725708, 0.999994158744812, 0.9999332427978516, 0.9999288320541382, 0.9999508857727051, 0.9999444484710693, 0.9999582767486572, 0.9999929666519165, 0.9999986886978149]",License Plate,51A89714,Vietnam,1.0,lp_train_1377
2555,"[0, 86, 0, 25]","[0.9996731281280518, 0.9998514652252197, 0.9995664954185486, 0.9999176263809204, 0.9998501539230347, 0.9999077320098877, 0.9998563528060913, 0.999731719493866, 0.9999994039535522, 0.9999997615814209]",License Plate,51F31118,Vietnam,0.9999998807907104,lp_train_1530
2556,"[0, 84, 0, 23]","[0.9942658543586731, 0.999769389629364, 0.9985466599464417, 0.9999568462371826, 0.9995003938674927, 0.9983434677124023, 0.9998262524604797, 0.9998468160629272, 0.9999988079071045, 0.9999996423721313]",License Plate,51F15585,Vietnam,0.9999985694885254,lp_train_1832
2557,"[3, 109, 0, 33]","[0.9999678134918213, 0.9999897480010986, 0.9999945163726807, 0.9999226331710815, 0.9998916387557983, 0.9999454021453857, 0.9997959733009338, 0.9999551773071289, 0.999988317489624, 0.9999979734420776]",License Plate,60A39951,Vietnam,1.0,lp_train_592
2558,NA,NA,NA,NA,NA,NA,lp_train_6261
2559,"[3, 51, 4, 20]","[0.9995149374008179, 0.9986708164215088, 0.9980359673500061, 0.9948721528053284, 0.9992187023162842, 0.9618059396743774, 0.9276071786880493, 0.9990569949150085, 0.9999984502792358, 0.9999992847442627]",License Plate,51F15585,Vietnam,0.9998594522476196,lp_train_768
2560,"[1, 128, 3, 45]","[0.9999758005142212, 0.9998651742935181, 0.9999161958694458, 0.9999021291732788, 0.9998329877853394, 0.9999338388442993, 0.9999442100524902, 0.9999624490737915, 0.9999967813491821, 0.9999961853027344]",License Plate,BB70906,Denmark,0.9999960660934448,lp_train_4638
2561,"[1, 140, 0, 41]","[0.999983549118042, 0.9998886585235596, 0.9999557733535767, 0.99996018409729, 0.9998528957366943, 0.9999396800994873, 0.9999381303787231, 0.9999969005584717, 0.9999997615814209, 0.9999996423721313]",License Plate,BB70906,Denmark,0.9999978542327881,lp_train_4638
2562,"[1, 89, 2, 27]","[0.9998971223831177, 0.9999762773513794, 0.9999935626983643, 0.9997631907463074, 0.9998641014099121, 0.9998865127563477, 0.9999315738677979, 0.9999229907989502, 0.9999983310699463, 0.9999991655349731]",License Plate,51A77529,Vietnam,0.9999849796295166,lp_train_1728
2563,"[0, 86, 5, 74]","[0.9995840191841125, 0.9998028874397278, 0.2566598355770111, 0.7381205558776855, 0.9995781779289246, 0.9879576563835144, 0.9992565512657166, 0.976818323135376, 0.9987408518791199, 0.9995026588439941]",License Plate,59D231916,Vietnam,0.9999992847442627,lp_train_1757
2564,NA,NA,NA,NA,NA,NA,lp_train_5007
2565,"[4, 92, 0, 27]","[0.9998722076416016, 0.9998867511749268, 0.9997720122337341, 0.9999642372131348, 0.9997922778129578, 0.999650239944458, 0.9998202919960022, 0.9999327659606934, 0.9999915361404419, 0.999997615814209]",License Plate,50Z0618,Vietnam,0.9998375177383423,lp_train_1103
2566,NA,NA,NA,NA,NA,NA,lp_train_4480
2567,"[3, 96, 5, 38]","[0.8698257207870483, 0.9998145699501038, 0.9999744892120361, 0.9990078806877136, 0.9999322891235352, 0.999854326248169, 0.9998563528060913, 0.9999940395355225, 0.9999977350234985, 0.9999977350234985]",License Plate,TH3169,Vietnam,0.9878993630409241,lp_train_5019
2568,"[6, 177, 7, 96]","[0.9999611377716064, 0.9999110698699951, 0.9760777950286865, 0.9999098777770996, 0.9996384382247925, 0.9998548030853271, 0.999946117401123, 0.9999960660934448, 0.9999972581863403, 0.9999970197677612]",License Plate,CHOSN1,United States,0.9487526416778564,lp_train_4801
2569,"[0, 194, 2, 68]","[0.9998225569725037, 0.9995668530464172, 0.9973565340042114, 0.9989941716194153, 0.9998623132705688, 0.9999481439590454, 0.9999953508377075, 0.9999980926513672, 0.9999995231628418, 0.9999992847442627]",License Plate,2662,Qatar,0.5017881393432617,lp_train_3871
2570,"[9, 63, 3, 22]","[0.9998449087142944, 0.9999470710754395, 0.9999006986618042, 0.999639630317688, 0.9998327493667603, 0.9999121427536011, 0.9998656511306763, 0.99998939037323, 0.9999971389770508, 0.9999979734420776]",License Plate,26SPF4,Netherlands,0.9999382495880127,lp_train_3895
2571,"[0, 93, 2, 75]","[0.9998781681060791, 0.9998617172241211, 0.9999430179595947, 0.9999277591705322, 0.9999316930770874, 0.9998626708984375, 0.9999873638153076, 0.9998451471328735, 0.9999676942825317, 0.9999723434448242]",License Plate,59P223050,Vietnam,1.0,lp_train_5736
2572,"[0, 42, 1, 10]","[0.934349775314331, 0.9971714615821838, 0.9935370087623596, 0.6296533942222595, 0.9512497186660767, 0.5654431581497192, 0.8646526336669922, 0.3264838457107544, 0.615543782711029, 0.998217761516571]",License Plate,61A30475,Vietnam,0.9998249411582947,lp_train_3668
2573,"[0, 77, 1, 19]","[0.9911884069442749, 0.9999082088470459, 0.9987607002258301, 0.9998610019683838, 0.9994256496429443, 0.9997610449790955, 0.9999604225158691, 0.9997636675834656, 0.9999978542327881, 0.9999994039535522]",License Plate,51F24403,Vietnam,0.9999997615814209,lp_train_1313
2574,"[9, 96, 2, 28]","[0.6688899397850037, 0.5213262438774109, 0.6055480241775513, 0.6200472712516785, 0.5949736833572388, 0.4946460723876953, 0.5145395994186401, 0.7949351668357849, 0.9995421171188354, 0.9997554421424866]",License Plate,11A53225,Vietnam,0.9398075938224792,lp_train_1704
2575,NA,NA,NA,NA,NA,NA,lp_train_6291
2576,NA,NA,NA,NA,NA,NA,lp_train_030
2577,NA,NA,NA,NA,NA,NA,lp_train_5633
2578,NA,NA,NA,NA,NA,NA,lp_train_1260
2579,"[0, 92, 4, 80]","[0.9998797178268433, 0.9999319314956665, 0.9999440908432007, 0.9983983635902405, 0.9998713731765747, 0.9999672174453735, 0.9997852444648743, 0.9999176263809204, 0.9999556541442871, 0.9998950958251953]",License Plate,59B140870,Vietnam,0.9999998807907104,lp_train_5360
2580,"[0, 60, 2, 22]","[0.1559552550315857, 0.9912928938865662, 0.8126645088195801, 0.9816395044326782, 0.9835260510444641, 0.9842144250869751, 0.9632141590118408, 0.9947011470794678, 0.9795535802841187, 0.998539924621582]",License Plate,10NG16671,Vietnam,0.9997394680976868,lp_train_4558
2581,"[1, 106, 3, 37]","[0.9980815649032593, 0.9999243021011353, 0.9987164735794067, 0.9999387264251709, 0.9998739957809448, 0.9997910857200623, 0.9998775720596313, 0.9997202754020691, 0.9999738931655884, 0.9999910593032837]",License Plate,51G51292,Vietnam,0.9999998807907104,lp_train_2149
2582,"[2, 101, 4, 26]","[0.9995805621147156, 0.99989914894104, 0.999992847442627, 0.9998608827590942, 0.9999662637710571, 0.9998170733451843, 0.999846339225769, 0.9998262524604797, 0.999990701675415, 0.999997615814209]",License Plate,51A60216,Vietnam,0.9999864101409912,lp_train_1657
2583,NA,NA,NA,NA,NA,NA,lp_train_6194
2584,NA,NA,NA,NA,NA,NA,lp_train_3360
2585,"[2, 103, 2, 30]","[0.999927282333374, 0.999929666519165, 0.9995520710945129, 0.9998605251312256, 0.9997275471687317, 0.9999512434005737, 0.9998531341552734, 0.9999599456787109, 0.9999840259552002, 0.9999964237213135]",License Plate,51F22029,Vietnam,0.9999918937683105,lp_train_603
2586,NA,NA,NA,NA,NA,NA,lp_train_5654
2587,NA,NA,NA,NA,NA,NA,lp_train_1553
2588,NA,NA,NA,NA,NA,NA,lp_train_1202
2589,NA,NA,NA,NA,NA,NA,lp_train_5902
2590,"[8, 85, 10, 68]","[0.9991445541381836, 0.9998788833618164, 0.9998935461044312, 0.9957583546638489, 0.999811589717865, 0.9998983144760132, 0.9998393058776855, 0.9994146823883057, 0.9999220371246338, 0.999849796295166]",License Plate,59K143840,Vietnam,0.9999994039535522,lp_train_6609
2591,"[3, 95, 1, 80]","[0.9998962879180908, 0.999963641166687, 0.999967098236084, 0.9999473094940186, 0.9999467134475708, 0.9999790191650391, 0.9999103546142578, 0.9999443292617798, 0.9999252557754517, 0.999942421913147]",License Plate,59P200263,Vietnam,1.0,lp_train_5442
2592,NA,NA,NA,NA,NA,NA,lp_train_051
2593,NA,NA,NA,NA,NA,NA,lp_train_051
2594,NA,NA,NA,NA,NA,NA,lp_train_051
2595,NA,NA,NA,NA,NA,NA,lp_train_051
2596,"[74, 644, 107, 261]","[0.8469707369804382, 0.9996100068092346, 0.9994422793388367, 0.9999533891677856, 0.999703586101532, 0.9998227953910828, 0.9997287392616272, 0.9999480247497559, 0.9999889135360718, 0.9999849796295166]",License Plate,VYG6817,Mexico,0.9991866946220398,lp_train_4212
2597,"[3, 82, 1, 23]","[0.9999024868011475, 0.9999465942382812, 0.9996359348297119, 0.9998862743377686, 0.9997727274894714, 0.9999279975891113, 0.9999754428863525, 0.9999511241912842, 0.9999982118606567, 0.9999996423721313]",License Plate,51F27809,Vietnam,0.9999998807907104,lp_train_1794
2598,"[8, 86, 9, 73]","[0.9995760321617126, 0.9993975162506104, 0.9999231100082397, 0.9997268319129944, 0.9999057054519653, 0.9998836517333984, 0.9998987913131714, 0.9999626874923706, 0.9999233484268188, 0.9999737739562988]",License Plate,55P92840,Vietnam,0.9999991655349731,lp_train_5186
2599,"[0, 142, 1, 114]","[0.9998677968978882, 0.9997031092643738, 0.9999033212661743, 0.9998971223831177, 0.9999619722366333, 0.9998348951339722, 0.9998916387557983, 0.9998911619186401, 0.9923287034034729, 0.9999852180480957]",License Plate,65X40334,Vietnam,0.9999990463256836,lp_train_7035
2600,NA,NA,NA,NA,NA,NA,lp_train_146
2601,NA,NA,NA,NA,NA,NA,lp_train_146
2602,NA,NA,NA,NA,NA,NA,lp_train_6392
2603,"[111, 1021, 29, 526]","[0.9998732805252075, 0.9999808073043823, 0.9998342990875244, 0.9999364614486694, 0.9999215602874756, 0.9998776912689209, 0.999565064907074, 0.9999905824661255, 0.9999959468841553, 0.9999970197677612]",License Plate,GZH631E,Mexico,1.0,lp_train_4145
2604,"[5, 101, 9, 58]","[0.8787147402763367, 0.9948988556861877, 0.9991105198860168, 0.9998611211776733, 0.9997274279594421, 0.9997844099998474, 0.9996134638786316, 0.9996951818466187, 0.9999842643737793, 0.9999935626983643]",License Plate,51F58214,Vietnam,0.9999399185180664,lp_train_3333
2605,"[7, 632, 0, 318]","[0.9999289512634277, 0.9999278783798218, 0.8787504434585571, 0.9987534284591675, 0.9992985725402832, 0.9995676875114441, 0.9993841648101807, 0.9999831914901733, 0.9999957084655762, 0.9999972581863403]",License Plate,GRIMPG,United States,0.9997555613517761,lp_train_053
2606,"[3, 46, 1, 11]","[0.36525723338127136, 0.2516242563724518, 0.5652528405189514, 0.3658033013343811, 0.5873456597328186, 0.4697258174419403, 0.6541966795921326, 0.8048269748687744, 0.9946580529212952, 0.999351441860199]",License Plate,51G3181,Vietnam,0.28586265444755554,lp_train_3035
2607,"[1, 92, 3, 28]","[0.999840497970581, 0.9999117851257324, 0.9994754195213318, 0.9998598098754883, 0.9998886585235596, 0.9998588562011719, 0.9998787641525269, 0.9999094009399414, 0.9999997615814209, 0.9999998807907104]",License Plate,51F59881,Vietnam,1.0,lp_train_683
2608,NA,NA,NA,NA,NA,NA,lp_train_6407
2609,"[1, 131, 3, 46]","[0.9998753070831299, 0.9999444484710693, 0.9996949434280396, 0.9999402761459351, 0.9998713731765747, 0.9999088048934937, 0.999825656414032, 0.9999115467071533, 0.9999896287918091, 0.9999969005584717]",License Plate,51F31118,Vietnam,1.0,lp_train_1975
2610,"[8, 134, 7, 74]","[0.9998838901519775, 0.9999504089355469, 0.9998362064361572, 0.9999943971633911, 0.9998437166213989, 0.9999434947967529, 0.9999696016311646, 0.9999994039535522, 0.9999997615814209, 0.9999998807907104]",License Plate,FWDSUK,United States,0.9997130036354065,lp_train_4722
2611,"[0, 66, 8, 52]","[0.9998273849487305, 0.9997745156288147, 0.9999940395355225, 0.9998688697814941, 0.9997997879981995, 0.9998733997344971, 0.9993938207626343, 0.412775456905365, 0.9999934434890747, 0.999998927116394]",License Plate,51A64826,Vietnam,0.9999997615814209,lp_train_2565
2612,"[1, 161, 4, 120]","[0.9998669624328613, 0.9996070265769958, 0.9999839067459106, 0.9998804330825806, 0.9998353719711304, 0.9999442100524902, 0.9999715089797974, 0.9998728036880493, 0.9999133348464966, 0.9998207688331604]",License Plate,65C106934,Vietnam,0.9999997615814209,lp_train_7037
2613,NA,NA,NA,NA,NA,NA,lp_train_3789
2614,NA,NA,NA,NA,NA,NA,lp_train_6479
2615,"[3, 102, 3, 53]","[0.9999300241470337, 0.9999680519104004, 0.9997492432594299, 0.9999321699142456, 0.9997548460960388, 0.9997592568397522, 0.9998922348022461, 0.999962568283081, 0.9999905824661255, 0.9999954700469971]",License Plate,51F88270,Vietnam,0.999980092048645,lp_train_2677
2616,"[1, 55, 3, 16]","[0.8599622845649719, 0.9968430995941162, 0.9179490804672241, 0.43238401412963867, 0.9930108189582825, 0.9912646412849426, 0.9341164827346802, 0.9904474020004272, 0.9997357726097107, 0.9999691247940063]",License Plate,52Z9755,Vietnam,0.9980733394622803,lp_train_3438
2617,NA,NA,NA,NA,NA,NA,lp_train_047
